SET session_replication_role = replica;

--
-- PostgreSQL database dump
--

-- Dumped from database version 15.1 (Ubuntu 15.1-1.pgdg20.04+1)
-- Dumped by pg_dump version 15.6

SET statement_timeout = 0;
SET lock_timeout = 0;
SET idle_in_transaction_session_timeout = 0;
SET client_encoding = 'UTF8';
SET standard_conforming_strings = on;
SELECT pg_catalog.set_config('search_path', '', false);
SET check_function_bodies = false;
SET xmloption = content;
SET client_min_messages = warning;
SET row_security = off;

--
-- Data for Name: audit_log_entries; Type: TABLE DATA; Schema: auth; Owner: supabase_auth_admin
--

INSERT INTO "auth"."audit_log_entries" ("instance_id", "id", "payload", "created_at", "ip_address") VALUES
	('00000000-0000-0000-0000-000000000000', 'd1a71aa2-1714-469c-aa51-986cf1ec8934', '{"action":"user_signedup","actor_id":"00000000-0000-0000-0000-000000000000","actor_username":"service_role","actor_via_sso":false,"log_type":"team","traits":{"user_email":"lukasjanek99@gmail.com","user_id":"fbb179b3-888c-4d93-b518-ec4f2a1f815a","user_phone":"48666978350"}}', '2024-11-23 18:45:07.376967+00', ''),
	('00000000-0000-0000-0000-000000000000', '7b4a3846-3a25-4a06-b669-001b5110825e', '{"action":"user_deleted","actor_id":"00000000-0000-0000-0000-000000000000","actor_username":"service_role","actor_via_sso":false,"log_type":"team","traits":{"user_email":"lukasjanek99@gmail.com","user_id":"fbb179b3-888c-4d93-b518-ec4f2a1f815a","user_phone":"48666978350"}}', '2024-11-23 19:10:42.42974+00', ''),
	('00000000-0000-0000-0000-000000000000', '6b20ade7-e5a7-440e-8510-b3cc856bcffc', '{"action":"user_signedup","actor_id":"00000000-0000-0000-0000-000000000000","actor_username":"service_role","actor_via_sso":false,"log_type":"team","traits":{"user_email":"lukasjanek99@gmail.com","user_id":"9a22a4bd-37a5-41a3-b4ef-ab128142caff","user_phone":"48666978350"}}', '2024-11-23 19:11:26.153379+00', ''),
	('00000000-0000-0000-0000-000000000000', '0c03d3ea-db75-4b13-939d-f8ef666434f3', '{"action":"user_deleted","actor_id":"00000000-0000-0000-0000-000000000000","actor_username":"service_role","actor_via_sso":false,"log_type":"team","traits":{"user_email":"lukasjanek99@gmail.com","user_id":"9a22a4bd-37a5-41a3-b4ef-ab128142caff","user_phone":"48666978350"}}', '2024-11-23 19:14:09.94754+00', ''),
	('00000000-0000-0000-0000-000000000000', '964572ef-59a7-4af4-894c-0f94f3e94167', '{"action":"user_signedup","actor_id":"00000000-0000-0000-0000-000000000000","actor_username":"service_role","actor_via_sso":false,"log_type":"team","traits":{"user_email":"lukasjanek99@gmail.com","user_id":"7fa142b1-6516-4e82-a2b2-b54b2bb95239","user_phone":"48666978350"}}', '2024-11-23 19:16:26.774283+00', ''),
	('00000000-0000-0000-0000-000000000000', 'eb9384fa-bc91-4f35-a668-0d4d5f44477f', '{"action":"user_recovery_requested","actor_id":"7fa142b1-6516-4e82-a2b2-b54b2bb95239","actor_username":"48666978350","actor_via_sso":false,"log_type":"user"}', '2024-11-23 19:24:35.872296+00', ''),
	('00000000-0000-0000-0000-000000000000', '3559cd9a-d499-4064-8442-07dc60d9dace', '{"action":"login","actor_id":"7fa142b1-6516-4e82-a2b2-b54b2bb95239","actor_username":"48666978350","actor_via_sso":false,"log_type":"account"}', '2024-11-23 19:24:49.405412+00', ''),
	('00000000-0000-0000-0000-000000000000', '8b8ab1fc-5a82-4a27-9cef-5aa786476969', '{"action":"user_modified","actor_id":"7fa142b1-6516-4e82-a2b2-b54b2bb95239","actor_username":"48666978350","actor_via_sso":false,"log_type":"user"}', '2024-11-23 19:24:49.688257+00', ''),
	('00000000-0000-0000-0000-000000000000', 'd1208c7b-a5e5-425a-9ba4-f5823bc60ad5', '{"action":"token_refreshed","actor_id":"7fa142b1-6516-4e82-a2b2-b54b2bb95239","actor_username":"48666978350","actor_via_sso":false,"log_type":"token"}', '2024-11-23 19:24:49.89512+00', ''),
	('00000000-0000-0000-0000-000000000000', '95d1ae86-e5d3-4f8f-b3d7-1898f15b7366', '{"action":"token_revoked","actor_id":"7fa142b1-6516-4e82-a2b2-b54b2bb95239","actor_username":"48666978350","actor_via_sso":false,"log_type":"token"}', '2024-11-23 19:24:49.89556+00', ''),
	('00000000-0000-0000-0000-000000000000', 'a146fc9f-fb90-455a-b648-cb6faf384a14', '{"action":"logout","actor_id":"7fa142b1-6516-4e82-a2b2-b54b2bb95239","actor_username":"48666978350","actor_via_sso":false,"log_type":"account"}', '2024-11-23 19:25:07.398976+00', ''),
	('00000000-0000-0000-0000-000000000000', 'ae4787ee-80a0-40cc-a823-e2a5a783882e', '{"action":"user_confirmation_requested","actor_id":"7fa142b1-6516-4e82-a2b2-b54b2bb95239","actor_username":"48666978350","actor_via_sso":false,"log_type":"user","traits":{"provider":"phone"}}', '2024-11-23 19:25:11.068962+00', ''),
	('00000000-0000-0000-0000-000000000000', 'ad127fa9-9dbf-4652-8966-2606954af082', '{"action":"login","actor_id":"7fa142b1-6516-4e82-a2b2-b54b2bb95239","actor_username":"48666978350","actor_via_sso":false,"log_type":"account","traits":{"provider":"phone"}}', '2024-11-23 19:25:11.72911+00', ''),
	('00000000-0000-0000-0000-000000000000', '15b237a8-36db-4e25-a892-1c3c0a606383', '{"action":"user_signedup","actor_id":"7fa142b1-6516-4e82-a2b2-b54b2bb95239","actor_username":"48666978350","actor_via_sso":false,"log_type":"team"}', '2024-11-23 19:25:19.920005+00', ''),
	('00000000-0000-0000-0000-000000000000', '8e731d4b-5a78-4a8c-a1a8-14589225b7b2', '{"action":"user_modified","actor_id":"7fa142b1-6516-4e82-a2b2-b54b2bb95239","actor_username":"48666978350","actor_via_sso":false,"log_type":"user"}', '2024-11-23 19:25:20.073383+00', ''),
	('00000000-0000-0000-0000-000000000000', 'aae33644-5fe2-4536-82ea-6f67db8742e3', '{"action":"token_refreshed","actor_id":"7fa142b1-6516-4e82-a2b2-b54b2bb95239","actor_username":"48666978350","actor_via_sso":false,"log_type":"token"}', '2024-11-23 19:25:20.226431+00', ''),
	('00000000-0000-0000-0000-000000000000', '74c2c39c-5ac0-4f80-9901-5c7539c1a5fb', '{"action":"token_revoked","actor_id":"7fa142b1-6516-4e82-a2b2-b54b2bb95239","actor_username":"48666978350","actor_via_sso":false,"log_type":"token"}', '2024-11-23 19:25:20.226908+00', ''),
	('00000000-0000-0000-0000-000000000000', 'eed3a51e-574b-4158-8345-2c816ac6876c', '{"action":"user_deleted","actor_id":"00000000-0000-0000-0000-000000000000","actor_username":"service_role","actor_via_sso":false,"log_type":"team","traits":{"user_email":"lukasjanek99@gmail.com","user_id":"7fa142b1-6516-4e82-a2b2-b54b2bb95239","user_phone":"48666978350"}}', '2024-11-23 19:26:01.003219+00', ''),
	('00000000-0000-0000-0000-000000000000', 'd5ecf4d4-57ee-4805-8301-9a583a9442a9', '{"action":"user_confirmation_requested","actor_id":"1d56fb23-62f4-462e-8c02-764c910075ab","actor_username":"48666978350","actor_via_sso":false,"log_type":"user","traits":{"provider":"phone"}}', '2024-11-23 19:26:14.405598+00', ''),
	('00000000-0000-0000-0000-000000000000', 'b0713920-b3b0-4ea7-b4e3-e6f677bd8844', '{"action":"user_signedup","actor_id":"1d56fb23-62f4-462e-8c02-764c910075ab","actor_username":"48666978350","actor_via_sso":false,"log_type":"team"}', '2024-11-23 19:26:16.776684+00', ''),
	('00000000-0000-0000-0000-000000000000', '79669549-8e67-45fb-80db-fb8e4f6bd943', '{"action":"user_modified","actor_id":"1d56fb23-62f4-462e-8c02-764c910075ab","actor_username":"48666978350","actor_via_sso":false,"log_type":"user"}', '2024-11-23 19:26:16.929939+00', ''),
	('00000000-0000-0000-0000-000000000000', '7ba1662b-a3d0-48da-8b6e-e438d9d9a5f2', '{"action":"token_refreshed","actor_id":"1d56fb23-62f4-462e-8c02-764c910075ab","actor_username":"48666978350","actor_via_sso":false,"log_type":"token"}', '2024-11-23 19:26:17.075552+00', ''),
	('00000000-0000-0000-0000-000000000000', '1eefd734-677d-4d7c-90d1-d55627ae44e4', '{"action":"token_revoked","actor_id":"1d56fb23-62f4-462e-8c02-764c910075ab","actor_username":"48666978350","actor_via_sso":false,"log_type":"token"}', '2024-11-23 19:26:17.076118+00', ''),
	('00000000-0000-0000-0000-000000000000', 'ed0f113f-ce98-4332-8a2c-3393dc116323', '{"action":"user_signedup","actor_id":"00000000-0000-0000-0000-000000000000","actor_username":"service_role","actor_via_sso":false,"log_type":"team","traits":{"user_email":"lukasjanek99@gmail.com","user_id":"dc91436a-cdf2-4bd2-8208-8b3443972808","user_phone":""}}', '2024-11-24 14:06:17.646832+00', ''),
	('00000000-0000-0000-0000-000000000000', '7987df96-921c-45e5-a3c3-4170b348c762', '{"action":"user_recovery_requested","actor_id":"dc91436a-cdf2-4bd2-8208-8b3443972808","actor_username":"lukasjanek99@gmail.com","actor_via_sso":false,"log_type":"user"}', '2024-11-24 14:10:19.807618+00', ''),
	('00000000-0000-0000-0000-000000000000', '1c37c59d-cfe0-4721-89b3-2c5ebe2eaeb4', '{"action":"login","actor_id":"dc91436a-cdf2-4bd2-8208-8b3443972808","actor_username":"lukasjanek99@gmail.com","actor_via_sso":false,"log_type":"account"}', '2024-11-24 14:10:37.239734+00', ''),
	('00000000-0000-0000-0000-000000000000', 'cee7e914-2c24-45dd-9b54-13693f36034e', '{"action":"user_modified","actor_id":"dc91436a-cdf2-4bd2-8208-8b3443972808","actor_username":"lukasjanek99@gmail.com","actor_via_sso":false,"log_type":"user"}', '2024-11-24 14:10:37.439068+00', ''),
	('00000000-0000-0000-0000-000000000000', '889d3c15-a6dc-4c85-8a2b-07268a49980d', '{"action":"token_refreshed","actor_id":"dc91436a-cdf2-4bd2-8208-8b3443972808","actor_username":"lukasjanek99@gmail.com","actor_via_sso":false,"log_type":"token"}', '2024-11-24 14:10:37.607897+00', ''),
	('00000000-0000-0000-0000-000000000000', '6cae4e94-61f5-44b0-9e8a-8b546fcb8a40', '{"action":"token_revoked","actor_id":"dc91436a-cdf2-4bd2-8208-8b3443972808","actor_username":"lukasjanek99@gmail.com","actor_via_sso":false,"log_type":"token"}', '2024-11-24 14:10:37.608365+00', ''),
	('00000000-0000-0000-0000-000000000000', '2964b921-d15e-4e6a-9b5b-7519a6675467', '{"action":"token_refreshed","actor_id":"dc91436a-cdf2-4bd2-8208-8b3443972808","actor_username":"lukasjanek99@gmail.com","actor_via_sso":false,"log_type":"token"}', '2024-11-24 16:38:44.467582+00', ''),
	('00000000-0000-0000-0000-000000000000', 'a0ce87b0-c373-452e-b76c-6a33c90e5bb8', '{"action":"token_revoked","actor_id":"dc91436a-cdf2-4bd2-8208-8b3443972808","actor_username":"lukasjanek99@gmail.com","actor_via_sso":false,"log_type":"token"}', '2024-11-24 16:38:44.468388+00', ''),
	('00000000-0000-0000-0000-000000000000', '1f914c50-71df-45cf-8c7a-cf95ab5d19c8', '{"action":"token_refreshed","actor_id":"dc91436a-cdf2-4bd2-8208-8b3443972808","actor_username":"lukasjanek99@gmail.com","actor_via_sso":false,"log_type":"token"}', '2024-11-25 18:54:16.298981+00', ''),
	('00000000-0000-0000-0000-000000000000', 'abf3fcef-4846-4db3-86c1-d07620304591', '{"action":"token_revoked","actor_id":"dc91436a-cdf2-4bd2-8208-8b3443972808","actor_username":"lukasjanek99@gmail.com","actor_via_sso":false,"log_type":"token"}', '2024-11-25 18:54:16.300186+00', ''),
	('00000000-0000-0000-0000-000000000000', '0eabb936-0b29-4464-a679-7bd54326d80f', '{"action":"user_modified","actor_id":"1d56fb23-62f4-462e-8c02-764c910075ab","actor_username":"48666978350","actor_via_sso":false,"log_type":"user"}', '2024-12-25 18:08:03.658991+00', ''),
	('00000000-0000-0000-0000-000000000000', '2e9ebcfe-3e5d-4be3-a774-76d0cf8ffbcf', '{"action":"token_refreshed","actor_id":"1d56fb23-62f4-462e-8c02-764c910075ab","actor_username":"48666978350","actor_via_sso":false,"log_type":"token"}', '2024-12-25 18:08:03.798471+00', ''),
	('00000000-0000-0000-0000-000000000000', '4e4715e0-944b-4b63-9426-964683e9aac7', '{"action":"token_revoked","actor_id":"1d56fb23-62f4-462e-8c02-764c910075ab","actor_username":"48666978350","actor_via_sso":false,"log_type":"token"}', '2024-12-25 18:08:03.799241+00', ''),
	('00000000-0000-0000-0000-000000000000', '63003c24-ec4f-4006-8c87-5fae30040a3a', '{"action":"user_modified","actor_id":"1d56fb23-62f4-462e-8c02-764c910075ab","actor_username":"48666978350","actor_via_sso":false,"log_type":"user"}', '2024-12-25 18:08:20.169334+00', ''),
	('00000000-0000-0000-0000-000000000000', '873bbcb7-49a9-4bdd-b798-def8b1bb1983', '{"action":"user_recovery_requested","actor_id":"dc91436a-cdf2-4bd2-8208-8b3443972808","actor_username":"lukasjanek99@gmail.com","actor_via_sso":false,"log_type":"user"}', '2024-12-01 17:19:53.946176+00', ''),
	('00000000-0000-0000-0000-000000000000', '032e3774-311b-4ffc-b037-d146c771b992', '{"action":"login","actor_id":"dc91436a-cdf2-4bd2-8208-8b3443972808","actor_username":"lukasjanek99@gmail.com","actor_via_sso":false,"log_type":"account"}', '2024-12-01 17:21:58.643755+00', ''),
	('00000000-0000-0000-0000-000000000000', '352fa0ea-c148-49a1-b8c2-78264d986669', '{"action":"user_modified","actor_id":"dc91436a-cdf2-4bd2-8208-8b3443972808","actor_username":"lukasjanek99@gmail.com","actor_via_sso":false,"log_type":"user"}', '2024-12-01 17:21:58.827926+00', ''),
	('00000000-0000-0000-0000-000000000000', '48165f62-fbcf-447a-9b8b-2a87dfc7b69a', '{"action":"token_refreshed","actor_id":"dc91436a-cdf2-4bd2-8208-8b3443972808","actor_username":"lukasjanek99@gmail.com","actor_via_sso":false,"log_type":"token"}', '2024-12-01 17:21:58.992693+00', ''),
	('00000000-0000-0000-0000-000000000000', 'd4b32a4f-67f2-42f9-bf3d-d8ea4e01ee63', '{"action":"token_revoked","actor_id":"dc91436a-cdf2-4bd2-8208-8b3443972808","actor_username":"lukasjanek99@gmail.com","actor_via_sso":false,"log_type":"token"}', '2024-12-01 17:21:58.993099+00', ''),
	('00000000-0000-0000-0000-000000000000', '6b213544-c4b4-435b-a223-22680c516452', '{"action":"logout","actor_id":"dc91436a-cdf2-4bd2-8208-8b3443972808","actor_username":"lukasjanek99@gmail.com","actor_via_sso":false,"log_type":"account"}', '2024-12-01 17:37:55.802626+00', ''),
	('00000000-0000-0000-0000-000000000000', '056fd3da-a191-4879-a815-758825ff185c', '{"action":"user_recovery_requested","actor_id":"dc91436a-cdf2-4bd2-8208-8b3443972808","actor_username":"lukasjanek99@gmail.com","actor_via_sso":false,"log_type":"user"}', '2024-12-01 17:38:03.238256+00', ''),
	('00000000-0000-0000-0000-000000000000', '6fcaf2df-4327-4702-b94e-baa826bfe4d2', '{"action":"user_recovery_requested","actor_id":"dc91436a-cdf2-4bd2-8208-8b3443972808","actor_username":"lukasjanek99@gmail.com","actor_via_sso":false,"log_type":"user"}', '2024-12-01 17:45:51.277219+00', ''),
	('00000000-0000-0000-0000-000000000000', 'f107ea13-70ff-440e-bf04-f6f80927e89a', '{"action":"login","actor_id":"dc91436a-cdf2-4bd2-8208-8b3443972808","actor_username":"lukasjanek99@gmail.com","actor_via_sso":false,"log_type":"account"}', '2024-12-01 17:46:17.402875+00', ''),
	('00000000-0000-0000-0000-000000000000', 'ccec4a53-d2db-4b78-828c-fec6a5c94523', '{"action":"user_modified","actor_id":"dc91436a-cdf2-4bd2-8208-8b3443972808","actor_username":"lukasjanek99@gmail.com","actor_via_sso":false,"log_type":"user"}', '2024-12-01 17:46:17.57439+00', ''),
	('00000000-0000-0000-0000-000000000000', '1c425a07-6a84-4dfe-976c-fcdb60da9805', '{"action":"token_refreshed","actor_id":"dc91436a-cdf2-4bd2-8208-8b3443972808","actor_username":"lukasjanek99@gmail.com","actor_via_sso":false,"log_type":"token"}', '2024-12-01 17:46:17.723359+00', ''),
	('00000000-0000-0000-0000-000000000000', '2acd42de-3523-4634-bd27-7a8a9b6d0a27', '{"action":"token_revoked","actor_id":"dc91436a-cdf2-4bd2-8208-8b3443972808","actor_username":"lukasjanek99@gmail.com","actor_via_sso":false,"log_type":"token"}', '2024-12-01 17:46:17.723883+00', ''),
	('00000000-0000-0000-0000-000000000000', 'ea0144c9-cb1e-4d9e-9342-f53885983a0a', '{"action":"logout","actor_id":"dc91436a-cdf2-4bd2-8208-8b3443972808","actor_username":"lukasjanek99@gmail.com","actor_via_sso":false,"log_type":"account"}', '2024-12-01 17:50:16.525751+00', ''),
	('00000000-0000-0000-0000-000000000000', '3b7bca54-e916-4f3a-9b2a-837286dda067', '{"action":"user_recovery_requested","actor_id":"dc91436a-cdf2-4bd2-8208-8b3443972808","actor_username":"lukasjanek99@gmail.com","actor_via_sso":false,"log_type":"user"}', '2024-12-01 17:50:26.818401+00', ''),
	('00000000-0000-0000-0000-000000000000', '239586ac-4459-4580-9af4-8f557d0c9fb7', '{"action":"login","actor_id":"dc91436a-cdf2-4bd2-8208-8b3443972808","actor_username":"lukasjanek99@gmail.com","actor_via_sso":false,"log_type":"account"}', '2024-12-01 17:51:07.053323+00', ''),
	('00000000-0000-0000-0000-000000000000', '9dc7d896-9fd7-4765-876a-8ec47544f0d8', '{"action":"user_modified","actor_id":"dc91436a-cdf2-4bd2-8208-8b3443972808","actor_username":"lukasjanek99@gmail.com","actor_via_sso":false,"log_type":"user"}', '2024-12-01 17:51:07.207708+00', ''),
	('00000000-0000-0000-0000-000000000000', 'dbe319ea-0ee8-4a34-abcf-998a23d0dc3e', '{"action":"token_refreshed","actor_id":"dc91436a-cdf2-4bd2-8208-8b3443972808","actor_username":"lukasjanek99@gmail.com","actor_via_sso":false,"log_type":"token"}', '2024-12-01 17:51:07.368323+00', ''),
	('00000000-0000-0000-0000-000000000000', '51b2f7bc-07b8-4e1d-9224-1a6490555c33', '{"action":"token_revoked","actor_id":"dc91436a-cdf2-4bd2-8208-8b3443972808","actor_username":"lukasjanek99@gmail.com","actor_via_sso":false,"log_type":"token"}', '2024-12-01 17:51:07.368802+00', ''),
	('00000000-0000-0000-0000-000000000000', '5b817a65-539f-4bc2-8837-a45dcadc8c2e', '{"action":"token_refreshed","actor_id":"dc91436a-cdf2-4bd2-8208-8b3443972808","actor_username":"lukasjanek99@gmail.com","actor_via_sso":false,"log_type":"token"}', '2024-12-01 18:50:36.363881+00', ''),
	('00000000-0000-0000-0000-000000000000', '184eb376-ff44-4247-a13b-5bb078c8f275', '{"action":"token_revoked","actor_id":"dc91436a-cdf2-4bd2-8208-8b3443972808","actor_username":"lukasjanek99@gmail.com","actor_via_sso":false,"log_type":"token"}', '2024-12-01 18:50:36.364645+00', ''),
	('00000000-0000-0000-0000-000000000000', 'abad26eb-a5b9-42b6-8df3-acd545ab471e', '{"action":"token_refreshed","actor_id":"dc91436a-cdf2-4bd2-8208-8b3443972808","actor_username":"lukasjanek99@gmail.com","actor_via_sso":false,"log_type":"token"}', '2024-12-01 19:49:56.334088+00', ''),
	('00000000-0000-0000-0000-000000000000', 'f1f04f2d-8807-4e53-8c49-a8cc4f22272d', '{"action":"token_revoked","actor_id":"dc91436a-cdf2-4bd2-8208-8b3443972808","actor_username":"lukasjanek99@gmail.com","actor_via_sso":false,"log_type":"token"}', '2024-12-01 19:49:56.334957+00', ''),
	('00000000-0000-0000-0000-000000000000', '8c54ca5d-2d96-4ad1-bf00-9d63a974aac1', '{"action":"token_refreshed","actor_id":"dc91436a-cdf2-4bd2-8208-8b3443972808","actor_username":"lukasjanek99@gmail.com","actor_via_sso":false,"log_type":"token"}', '2024-12-01 20:49:16.287086+00', ''),
	('00000000-0000-0000-0000-000000000000', 'b5ba97cc-188a-4864-8a7e-ec4c0a285891', '{"action":"token_revoked","actor_id":"dc91436a-cdf2-4bd2-8208-8b3443972808","actor_username":"lukasjanek99@gmail.com","actor_via_sso":false,"log_type":"token"}', '2024-12-01 20:49:16.288087+00', ''),
	('00000000-0000-0000-0000-000000000000', 'bc9fcfe8-d6a9-43a8-9a67-1b32df8000e7', '{"action":"token_refreshed","actor_id":"dc91436a-cdf2-4bd2-8208-8b3443972808","actor_username":"lukasjanek99@gmail.com","actor_via_sso":false,"log_type":"token"}', '2024-12-09 19:25:18.298517+00', ''),
	('00000000-0000-0000-0000-000000000000', '15cb38ff-4c9a-42d0-bc15-d3149232c72e', '{"action":"user_signedup","actor_id":"1d56fb23-62f4-462e-8c02-764c910075ab","actor_username":"48666978350","actor_via_sso":false,"log_type":"team"}', '2024-12-15 14:11:05.033536+00', ''),
	('00000000-0000-0000-0000-000000000000', '7e1a55e2-7170-4547-b7be-7def617aa0fa', '{"action":"token_revoked","actor_id":"dc91436a-cdf2-4bd2-8208-8b3443972808","actor_username":"lukasjanek99@gmail.com","actor_via_sso":false,"log_type":"token"}', '2024-12-09 19:25:18.299521+00', ''),
	('00000000-0000-0000-0000-000000000000', '20624ad3-0296-4785-a0f9-18106599ea5e', '{"action":"token_refreshed","actor_id":"dc91436a-cdf2-4bd2-8208-8b3443972808","actor_username":"lukasjanek99@gmail.com","actor_via_sso":false,"log_type":"token"}', '2024-12-09 20:24:47.450951+00', ''),
	('00000000-0000-0000-0000-000000000000', '0d2f2564-951a-477a-b477-5a7dbdbf81dc', '{"action":"token_revoked","actor_id":"dc91436a-cdf2-4bd2-8208-8b3443972808","actor_username":"lukasjanek99@gmail.com","actor_via_sso":false,"log_type":"token"}', '2024-12-09 20:24:47.451612+00', ''),
	('00000000-0000-0000-0000-000000000000', '350d3df3-7119-4967-b593-bc69042b23a9', '{"action":"token_refreshed","actor_id":"dc91436a-cdf2-4bd2-8208-8b3443972808","actor_username":"lukasjanek99@gmail.com","actor_via_sso":false,"log_type":"token"}', '2024-12-09 21:24:17.194416+00', ''),
	('00000000-0000-0000-0000-000000000000', 'f6b96162-e79c-48d4-847d-fa75026d75c3', '{"action":"token_revoked","actor_id":"dc91436a-cdf2-4bd2-8208-8b3443972808","actor_username":"lukasjanek99@gmail.com","actor_via_sso":false,"log_type":"token"}', '2024-12-09 21:24:17.195143+00', ''),
	('00000000-0000-0000-0000-000000000000', 'd51ecf40-9259-47be-afde-b617d57bd65e', '{"action":"token_refreshed","actor_id":"dc91436a-cdf2-4bd2-8208-8b3443972808","actor_username":"lukasjanek99@gmail.com","actor_via_sso":false,"log_type":"token"}', '2024-12-09 22:23:47.196787+00', ''),
	('00000000-0000-0000-0000-000000000000', '57dc1ca2-c250-45ce-a5e8-d112600e6ee2', '{"action":"token_revoked","actor_id":"dc91436a-cdf2-4bd2-8208-8b3443972808","actor_username":"lukasjanek99@gmail.com","actor_via_sso":false,"log_type":"token"}', '2024-12-09 22:23:47.197655+00', ''),
	('00000000-0000-0000-0000-000000000000', '9a5024f0-7717-4873-8df0-28854df6aaa0', '{"action":"token_refreshed","actor_id":"dc91436a-cdf2-4bd2-8208-8b3443972808","actor_username":"lukasjanek99@gmail.com","actor_via_sso":false,"log_type":"token"}', '2024-12-10 13:05:29.001866+00', ''),
	('00000000-0000-0000-0000-000000000000', '13a466ff-7dda-4608-bc28-9e5111b41c91', '{"action":"token_revoked","actor_id":"dc91436a-cdf2-4bd2-8208-8b3443972808","actor_username":"lukasjanek99@gmail.com","actor_via_sso":false,"log_type":"token"}', '2024-12-10 13:05:29.002991+00', ''),
	('00000000-0000-0000-0000-000000000000', 'eb56a164-39db-47c0-8c54-ced9c9fc9ad1', '{"action":"token_refreshed","actor_id":"1d56fb23-62f4-462e-8c02-764c910075ab","actor_username":"48666978350","actor_via_sso":false,"log_type":"token"}', '2024-12-11 19:06:52.523118+00', ''),
	('00000000-0000-0000-0000-000000000000', '0bf0af3e-42b5-41d2-8610-70775f5f203c', '{"action":"token_revoked","actor_id":"1d56fb23-62f4-462e-8c02-764c910075ab","actor_username":"48666978350","actor_via_sso":false,"log_type":"token"}', '2024-12-11 19:06:52.524108+00', ''),
	('00000000-0000-0000-0000-000000000000', '7c3eefdb-7be0-486f-8472-84f4abad88a2', '{"action":"token_refreshed","actor_id":"dc91436a-cdf2-4bd2-8208-8b3443972808","actor_username":"lukasjanek99@gmail.com","actor_via_sso":false,"log_type":"token"}', '2024-12-12 19:30:41.661526+00', ''),
	('00000000-0000-0000-0000-000000000000', '118d601f-b315-4656-84f6-8696b82a4ffe', '{"action":"token_revoked","actor_id":"dc91436a-cdf2-4bd2-8208-8b3443972808","actor_username":"lukasjanek99@gmail.com","actor_via_sso":false,"log_type":"token"}', '2024-12-12 19:30:41.662325+00', ''),
	('00000000-0000-0000-0000-000000000000', 'd0673430-6105-4a50-87fa-5e0e7f898de0', '{"action":"logout","actor_id":"dc91436a-cdf2-4bd2-8208-8b3443972808","actor_username":"lukasjanek99@gmail.com","actor_via_sso":false,"log_type":"account"}', '2024-12-12 19:41:31.279797+00', ''),
	('00000000-0000-0000-0000-000000000000', 'efd831cf-0ec1-4844-9f89-946eb250985a', '{"action":"user_recovery_requested","actor_id":"dc91436a-cdf2-4bd2-8208-8b3443972808","actor_username":"lukasjanek99@gmail.com","actor_via_sso":false,"log_type":"user"}', '2024-12-12 19:42:28.811891+00', ''),
	('00000000-0000-0000-0000-000000000000', 'b9693996-8024-4414-b3df-a1957c658978', '{"action":"login","actor_id":"dc91436a-cdf2-4bd2-8208-8b3443972808","actor_username":"lukasjanek99@gmail.com","actor_via_sso":false,"log_type":"account"}', '2024-12-12 19:43:35.766847+00', ''),
	('00000000-0000-0000-0000-000000000000', '672e0754-02a3-45f7-a635-d98f3ffe0eb0', '{"action":"user_modified","actor_id":"dc91436a-cdf2-4bd2-8208-8b3443972808","actor_username":"lukasjanek99@gmail.com","actor_via_sso":false,"log_type":"user"}', '2024-12-12 19:43:36.028681+00', ''),
	('00000000-0000-0000-0000-000000000000', '7166854f-9857-432f-bc86-3437eb88d857', '{"action":"token_refreshed","actor_id":"dc91436a-cdf2-4bd2-8208-8b3443972808","actor_username":"lukasjanek99@gmail.com","actor_via_sso":false,"log_type":"token"}', '2024-12-12 19:43:36.166406+00', ''),
	('00000000-0000-0000-0000-000000000000', '2be564b9-f342-44aa-9170-0a24e92e2ca0', '{"action":"token_revoked","actor_id":"dc91436a-cdf2-4bd2-8208-8b3443972808","actor_username":"lukasjanek99@gmail.com","actor_via_sso":false,"log_type":"token"}', '2024-12-12 19:43:36.166896+00', ''),
	('00000000-0000-0000-0000-000000000000', 'eb21e402-c192-4578-84a7-a19afe7561d6', '{"action":"user_modified","actor_id":"dc91436a-cdf2-4bd2-8208-8b3443972808","actor_username":"lukasjanek99@gmail.com","actor_via_sso":false,"log_type":"user"}', '2024-12-12 19:48:13.562708+00', ''),
	('00000000-0000-0000-0000-000000000000', 'c86d56b7-57ed-44a2-88f3-887ed53f125b', '{"action":"token_refreshed","actor_id":"dc91436a-cdf2-4bd2-8208-8b3443972808","actor_username":"lukasjanek99@gmail.com","actor_via_sso":false,"log_type":"token"}', '2024-12-12 19:48:13.740416+00', ''),
	('00000000-0000-0000-0000-000000000000', '1f0a1f43-7b1c-42e8-a168-013bd27ca6b3', '{"action":"token_revoked","actor_id":"dc91436a-cdf2-4bd2-8208-8b3443972808","actor_username":"lukasjanek99@gmail.com","actor_via_sso":false,"log_type":"token"}', '2024-12-12 19:48:13.740926+00', ''),
	('00000000-0000-0000-0000-000000000000', 'e0361a89-4088-48f4-b273-3174c5986719', '{"action":"user_modified","actor_id":"dc91436a-cdf2-4bd2-8208-8b3443972808","actor_username":"lukasjanek99@gmail.com","actor_via_sso":false,"log_type":"user"}', '2024-12-12 19:53:19.987517+00', ''),
	('00000000-0000-0000-0000-000000000000', '4e36991b-fd56-4fec-ad1c-10c6741ddc17', '{"action":"token_refreshed","actor_id":"dc91436a-cdf2-4bd2-8208-8b3443972808","actor_username":"lukasjanek99@gmail.com","actor_via_sso":false,"log_type":"token"}', '2024-12-12 19:53:20.161334+00', ''),
	('00000000-0000-0000-0000-000000000000', '2f555ad0-5550-4219-b90f-b760ccf36abf', '{"action":"token_revoked","actor_id":"dc91436a-cdf2-4bd2-8208-8b3443972808","actor_username":"lukasjanek99@gmail.com","actor_via_sso":false,"log_type":"token"}', '2024-12-12 19:53:20.162003+00', ''),
	('00000000-0000-0000-0000-000000000000', 'df2554ed-7136-4a3e-8309-dcac6db71fbe', '{"action":"token_refreshed","actor_id":"dc91436a-cdf2-4bd2-8208-8b3443972808","actor_username":"lukasjanek99@gmail.com","actor_via_sso":false,"log_type":"token"}', '2024-12-13 10:51:49.300941+00', ''),
	('00000000-0000-0000-0000-000000000000', '2b3e7f48-cf00-438f-a862-df34a7f2384f', '{"action":"token_revoked","actor_id":"dc91436a-cdf2-4bd2-8208-8b3443972808","actor_username":"lukasjanek99@gmail.com","actor_via_sso":false,"log_type":"token"}', '2024-12-13 10:51:49.302061+00', ''),
	('00000000-0000-0000-0000-000000000000', '5bf3fa51-0165-40db-8a0e-48cd855d8347', '{"action":"token_refreshed","actor_id":"dc91436a-cdf2-4bd2-8208-8b3443972808","actor_username":"lukasjanek99@gmail.com","actor_via_sso":false,"log_type":"token"}', '2024-12-13 11:51:18.689867+00', ''),
	('00000000-0000-0000-0000-000000000000', 'cb349d0c-4168-4168-833d-711b53c7a589', '{"action":"token_revoked","actor_id":"dc91436a-cdf2-4bd2-8208-8b3443972808","actor_username":"lukasjanek99@gmail.com","actor_via_sso":false,"log_type":"token"}', '2024-12-13 11:51:18.690889+00', ''),
	('00000000-0000-0000-0000-000000000000', '49bfa7ff-96d1-4936-b811-faa3540cdb88', '{"action":"token_refreshed","actor_id":"dc91436a-cdf2-4bd2-8208-8b3443972808","actor_username":"lukasjanek99@gmail.com","actor_via_sso":false,"log_type":"token"}', '2024-12-13 12:50:38.652828+00', ''),
	('00000000-0000-0000-0000-000000000000', '0c34bd58-6d1b-4ba4-a3d3-fd6a54aa6703', '{"action":"token_revoked","actor_id":"dc91436a-cdf2-4bd2-8208-8b3443972808","actor_username":"lukasjanek99@gmail.com","actor_via_sso":false,"log_type":"token"}', '2024-12-13 12:50:38.653576+00', ''),
	('00000000-0000-0000-0000-000000000000', '9746d1e3-467e-471f-b80d-9513805e7f51', '{"action":"token_refreshed","actor_id":"dc91436a-cdf2-4bd2-8208-8b3443972808","actor_username":"lukasjanek99@gmail.com","actor_via_sso":false,"log_type":"token"}', '2024-12-13 13:49:58.608954+00', ''),
	('00000000-0000-0000-0000-000000000000', '931ee809-8695-47e5-bf21-b6bd5c2311bc', '{"action":"token_revoked","actor_id":"dc91436a-cdf2-4bd2-8208-8b3443972808","actor_username":"lukasjanek99@gmail.com","actor_via_sso":false,"log_type":"token"}', '2024-12-13 13:49:58.609824+00', ''),
	('00000000-0000-0000-0000-000000000000', '3041d727-5e41-4abf-93da-b402f86e9cce', '{"action":"user_modified","actor_id":"dc91436a-cdf2-4bd2-8208-8b3443972808","actor_username":"lukasjanek99@gmail.com","actor_via_sso":false,"log_type":"user"}', '2024-12-13 14:04:13.691025+00', ''),
	('00000000-0000-0000-0000-000000000000', 'ce4ea1ca-7824-415f-96c6-7192509d65c9', '{"action":"token_refreshed","actor_id":"dc91436a-cdf2-4bd2-8208-8b3443972808","actor_username":"lukasjanek99@gmail.com","actor_via_sso":false,"log_type":"token"}', '2024-12-13 14:04:13.884196+00', ''),
	('00000000-0000-0000-0000-000000000000', '8f33d18b-4323-428b-aae6-4bfa42b5146a', '{"action":"token_revoked","actor_id":"dc91436a-cdf2-4bd2-8208-8b3443972808","actor_username":"lukasjanek99@gmail.com","actor_via_sso":false,"log_type":"token"}', '2024-12-13 14:04:13.884715+00', ''),
	('00000000-0000-0000-0000-000000000000', '081ae057-d6ee-4d38-8068-798f9bdf5c8e', '{"action":"user_modified","actor_id":"dc91436a-cdf2-4bd2-8208-8b3443972808","actor_username":"lukasjanek99@gmail.com","actor_via_sso":false,"log_type":"user"}', '2024-12-13 14:05:39.45897+00', ''),
	('00000000-0000-0000-0000-000000000000', '8c39339f-3b95-45be-a430-7e26fd709c3b', '{"action":"token_refreshed","actor_id":"dc91436a-cdf2-4bd2-8208-8b3443972808","actor_username":"lukasjanek99@gmail.com","actor_via_sso":false,"log_type":"token"}', '2024-12-13 14:05:39.656608+00', ''),
	('00000000-0000-0000-0000-000000000000', 'aaa9e1c9-6e7e-45c7-86e0-63e2dbee9e4b', '{"action":"token_revoked","actor_id":"dc91436a-cdf2-4bd2-8208-8b3443972808","actor_username":"lukasjanek99@gmail.com","actor_via_sso":false,"log_type":"token"}', '2024-12-13 14:05:39.65709+00', ''),
	('00000000-0000-0000-0000-000000000000', 'cd43dae5-8eaf-422b-a9ab-f1fc4605e1a1', '{"action":"user_modified","actor_id":"dc91436a-cdf2-4bd2-8208-8b3443972808","actor_username":"lukasjanek99@gmail.com","actor_via_sso":false,"log_type":"user"}', '2024-12-13 14:08:03.311105+00', ''),
	('00000000-0000-0000-0000-000000000000', '65d0681c-4235-4fc8-bd9e-043e1d574008', '{"action":"token_refreshed","actor_id":"dc91436a-cdf2-4bd2-8208-8b3443972808","actor_username":"lukasjanek99@gmail.com","actor_via_sso":false,"log_type":"token"}', '2024-12-13 14:08:03.680412+00', ''),
	('00000000-0000-0000-0000-000000000000', '8092f66c-f35c-40ef-b3f5-6c5f1745e63b', '{"action":"token_revoked","actor_id":"dc91436a-cdf2-4bd2-8208-8b3443972808","actor_username":"lukasjanek99@gmail.com","actor_via_sso":false,"log_type":"token"}', '2024-12-13 14:08:03.680847+00', ''),
	('00000000-0000-0000-0000-000000000000', 'deb97527-94f0-4d3d-83c1-15ba42580063', '{"action":"logout","actor_id":"dc91436a-cdf2-4bd2-8208-8b3443972808","actor_username":"lukasjanek99@gmail.com","actor_via_sso":false,"log_type":"account"}', '2024-12-13 14:41:48.005989+00', ''),
	('00000000-0000-0000-0000-000000000000', '42f8c688-0859-4af8-807c-e439e7c03350', '{"action":"user_recovery_requested","actor_id":"dc91436a-cdf2-4bd2-8208-8b3443972808","actor_username":"lukasjanek99@gmail.com","actor_via_sso":false,"log_type":"user"}', '2024-12-13 15:19:08.189923+00', ''),
	('00000000-0000-0000-0000-000000000000', '9f3568ae-231c-41ec-8bc8-1d05b097dfa7', '{"action":"login","actor_id":"dc91436a-cdf2-4bd2-8208-8b3443972808","actor_username":"lukasjanek99@gmail.com","actor_via_sso":false,"log_type":"account"}', '2024-12-13 15:19:29.741325+00', ''),
	('00000000-0000-0000-0000-000000000000', 'a526179c-538c-4ab5-abab-6c2ae211aab4', '{"action":"user_modified","actor_id":"dc91436a-cdf2-4bd2-8208-8b3443972808","actor_username":"lukasjanek99@gmail.com","actor_via_sso":false,"log_type":"user"}', '2024-12-13 15:19:29.999197+00', ''),
	('00000000-0000-0000-0000-000000000000', '7b9a1113-19c2-466d-aafa-dad2235a0e36', '{"action":"token_refreshed","actor_id":"dc91436a-cdf2-4bd2-8208-8b3443972808","actor_username":"lukasjanek99@gmail.com","actor_via_sso":false,"log_type":"token"}', '2024-12-13 15:19:30.159523+00', ''),
	('00000000-0000-0000-0000-000000000000', '94914a63-ef54-4a4e-9b42-02d1197e3ff5', '{"action":"token_revoked","actor_id":"dc91436a-cdf2-4bd2-8208-8b3443972808","actor_username":"lukasjanek99@gmail.com","actor_via_sso":false,"log_type":"token"}', '2024-12-13 15:19:30.159967+00', ''),
	('00000000-0000-0000-0000-000000000000', '7b129f9f-7a97-4ac2-a408-ca706dd4073e', '{"action":"user_modified","actor_id":"dc91436a-cdf2-4bd2-8208-8b3443972808","actor_username":"lukasjanek99@gmail.com","actor_via_sso":false,"log_type":"user"}', '2024-12-13 15:22:15.966541+00', ''),
	('00000000-0000-0000-0000-000000000000', 'a62235af-601e-4720-abba-7551305dada9', '{"action":"token_refreshed","actor_id":"dc91436a-cdf2-4bd2-8208-8b3443972808","actor_username":"lukasjanek99@gmail.com","actor_via_sso":false,"log_type":"token"}', '2024-12-13 15:22:16.158316+00', ''),
	('00000000-0000-0000-0000-000000000000', '1663d9d7-fb55-46d0-872f-d36dc4194126', '{"action":"token_revoked","actor_id":"dc91436a-cdf2-4bd2-8208-8b3443972808","actor_username":"lukasjanek99@gmail.com","actor_via_sso":false,"log_type":"token"}', '2024-12-13 15:22:16.158861+00', ''),
	('00000000-0000-0000-0000-000000000000', '53861bd8-8845-4cf6-9807-05730b9b2817', '{"action":"user_modified","actor_id":"dc91436a-cdf2-4bd2-8208-8b3443972808","actor_username":"lukasjanek99@gmail.com","actor_via_sso":false,"log_type":"user"}', '2024-12-13 15:27:12.135417+00', ''),
	('00000000-0000-0000-0000-000000000000', '54fcdecf-4683-4e64-bfa2-368bdf48db77', '{"action":"token_refreshed","actor_id":"dc91436a-cdf2-4bd2-8208-8b3443972808","actor_username":"lukasjanek99@gmail.com","actor_via_sso":false,"log_type":"token"}', '2024-12-13 15:27:12.348942+00', ''),
	('00000000-0000-0000-0000-000000000000', 'bed261f1-b902-4270-83c2-a9cc6f7f2828', '{"action":"token_revoked","actor_id":"dc91436a-cdf2-4bd2-8208-8b3443972808","actor_username":"lukasjanek99@gmail.com","actor_via_sso":false,"log_type":"token"}', '2024-12-13 15:27:12.349549+00', ''),
	('00000000-0000-0000-0000-000000000000', 'f27e4888-36d1-4e51-9ad9-807c298a6264', '{"action":"user_modified","actor_id":"dc91436a-cdf2-4bd2-8208-8b3443972808","actor_username":"lukasjanek99@gmail.com","actor_via_sso":false,"log_type":"user"}', '2024-12-13 16:10:22.029538+00', ''),
	('00000000-0000-0000-0000-000000000000', 'fb10c8f2-7f43-4e2f-911d-bec7b7adf4b5', '{"action":"token_refreshed","actor_id":"dc91436a-cdf2-4bd2-8208-8b3443972808","actor_username":"lukasjanek99@gmail.com","actor_via_sso":false,"log_type":"token"}', '2024-12-13 16:10:22.204051+00', ''),
	('00000000-0000-0000-0000-000000000000', '72963f87-d032-486f-935b-eff83e41b5cf', '{"action":"token_revoked","actor_id":"dc91436a-cdf2-4bd2-8208-8b3443972808","actor_username":"lukasjanek99@gmail.com","actor_via_sso":false,"log_type":"token"}', '2024-12-13 16:10:22.204636+00', ''),
	('00000000-0000-0000-0000-000000000000', '74f5d07c-084c-423f-9f78-6afd13c86575', '{"action":"user_modified","actor_id":"dc91436a-cdf2-4bd2-8208-8b3443972808","actor_username":"lukasjanek99@gmail.com","actor_via_sso":false,"log_type":"user"}', '2024-12-13 17:08:56.656812+00', ''),
	('00000000-0000-0000-0000-000000000000', '3c80b35f-18d8-4914-91a9-364cccaf1ecf', '{"action":"token_refreshed","actor_id":"dc91436a-cdf2-4bd2-8208-8b3443972808","actor_username":"lukasjanek99@gmail.com","actor_via_sso":false,"log_type":"token"}', '2024-12-13 17:08:56.824515+00', ''),
	('00000000-0000-0000-0000-000000000000', 'a078c56a-e955-486b-81dc-eaca4119e6cb', '{"action":"token_revoked","actor_id":"dc91436a-cdf2-4bd2-8208-8b3443972808","actor_username":"lukasjanek99@gmail.com","actor_via_sso":false,"log_type":"token"}', '2024-12-13 17:08:56.825005+00', ''),
	('00000000-0000-0000-0000-000000000000', '8d0640fd-8b84-4f0a-8b53-eb328e60fbc4', '{"action":"user_modified","actor_id":"dc91436a-cdf2-4bd2-8208-8b3443972808","actor_username":"lukasjanek99@gmail.com","actor_via_sso":false,"log_type":"user"}', '2024-12-13 17:43:35.038335+00', ''),
	('00000000-0000-0000-0000-000000000000', '955b53ce-943c-46f2-99e8-357a6819af20', '{"action":"token_refreshed","actor_id":"dc91436a-cdf2-4bd2-8208-8b3443972808","actor_username":"lukasjanek99@gmail.com","actor_via_sso":false,"log_type":"token"}', '2024-12-13 17:43:35.258429+00', ''),
	('00000000-0000-0000-0000-000000000000', '540c8879-b3a8-46f0-be67-5f433aae4bf2', '{"action":"token_revoked","actor_id":"dc91436a-cdf2-4bd2-8208-8b3443972808","actor_username":"lukasjanek99@gmail.com","actor_via_sso":false,"log_type":"token"}', '2024-12-13 17:43:35.258939+00', ''),
	('00000000-0000-0000-0000-000000000000', 'f3eaeb85-19b3-4af9-ab41-0728ef3d1497', '{"action":"user_modified","actor_id":"dc91436a-cdf2-4bd2-8208-8b3443972808","actor_username":"lukasjanek99@gmail.com","actor_via_sso":false,"log_type":"user"}', '2024-12-13 17:50:53.797861+00', ''),
	('00000000-0000-0000-0000-000000000000', 'f9314e67-a401-4dc5-82b4-b209c86bae61', '{"action":"token_refreshed","actor_id":"dc91436a-cdf2-4bd2-8208-8b3443972808","actor_username":"lukasjanek99@gmail.com","actor_via_sso":false,"log_type":"token"}', '2024-12-13 17:50:53.968426+00', ''),
	('00000000-0000-0000-0000-000000000000', 'ba0611af-80f4-4c7c-8f23-bd941115a3aa', '{"action":"token_revoked","actor_id":"dc91436a-cdf2-4bd2-8208-8b3443972808","actor_username":"lukasjanek99@gmail.com","actor_via_sso":false,"log_type":"token"}', '2024-12-13 17:50:53.96892+00', ''),
	('00000000-0000-0000-0000-000000000000', '60e4a8dd-8e0a-4627-b201-28eb9955fbcb', '{"action":"user_modified","actor_id":"dc91436a-cdf2-4bd2-8208-8b3443972808","actor_username":"lukasjanek99@gmail.com","actor_via_sso":false,"log_type":"user"}', '2024-12-13 17:52:14.82948+00', ''),
	('00000000-0000-0000-0000-000000000000', '812452f8-0784-4e59-b1b6-c0846747c18c', '{"action":"token_refreshed","actor_id":"dc91436a-cdf2-4bd2-8208-8b3443972808","actor_username":"lukasjanek99@gmail.com","actor_via_sso":false,"log_type":"token"}', '2024-12-13 17:52:14.998052+00', ''),
	('00000000-0000-0000-0000-000000000000', '4e4d5aa5-a7ba-49ee-8908-ac42a8fd0803', '{"action":"token_revoked","actor_id":"dc91436a-cdf2-4bd2-8208-8b3443972808","actor_username":"lukasjanek99@gmail.com","actor_via_sso":false,"log_type":"token"}', '2024-12-13 17:52:14.998532+00', ''),
	('00000000-0000-0000-0000-000000000000', 'ef85bc09-2122-43d3-bf45-e4f414e2af75', '{"action":"user_modified","actor_id":"dc91436a-cdf2-4bd2-8208-8b3443972808","actor_username":"lukasjanek99@gmail.com","actor_via_sso":false,"log_type":"user"}', '2024-12-13 17:55:19.181355+00', ''),
	('00000000-0000-0000-0000-000000000000', 'fb8b891a-c67f-4a0a-98c8-4b9a63c59ba3', '{"action":"token_refreshed","actor_id":"dc91436a-cdf2-4bd2-8208-8b3443972808","actor_username":"lukasjanek99@gmail.com","actor_via_sso":false,"log_type":"token"}', '2024-12-13 17:55:19.408878+00', ''),
	('00000000-0000-0000-0000-000000000000', '5727cfc3-d4da-4628-a693-96249808d4d4', '{"action":"token_revoked","actor_id":"dc91436a-cdf2-4bd2-8208-8b3443972808","actor_username":"lukasjanek99@gmail.com","actor_via_sso":false,"log_type":"token"}', '2024-12-13 17:55:19.409394+00', ''),
	('00000000-0000-0000-0000-000000000000', '456ed016-a841-44b2-9c68-0088a0e25a62', '{"action":"user_modified","actor_id":"dc91436a-cdf2-4bd2-8208-8b3443972808","actor_username":"lukasjanek99@gmail.com","actor_via_sso":false,"log_type":"user"}', '2024-12-13 18:00:03.700417+00', ''),
	('00000000-0000-0000-0000-000000000000', '8b2d3902-5811-47ab-ab0e-0370d24fa1e8', '{"action":"token_refreshed","actor_id":"dc91436a-cdf2-4bd2-8208-8b3443972808","actor_username":"lukasjanek99@gmail.com","actor_via_sso":false,"log_type":"token"}', '2024-12-13 18:00:03.923587+00', ''),
	('00000000-0000-0000-0000-000000000000', '2673ceae-5b5f-421a-a977-b914a44581db', '{"action":"token_revoked","actor_id":"dc91436a-cdf2-4bd2-8208-8b3443972808","actor_username":"lukasjanek99@gmail.com","actor_via_sso":false,"log_type":"token"}', '2024-12-13 18:00:03.924035+00', ''),
	('00000000-0000-0000-0000-000000000000', 'b906cc24-be73-461f-b5d1-9beb251f3d42', '{"action":"user_modified","actor_id":"dc91436a-cdf2-4bd2-8208-8b3443972808","actor_username":"lukasjanek99@gmail.com","actor_via_sso":false,"log_type":"user"}', '2024-12-13 18:38:31.774877+00', ''),
	('00000000-0000-0000-0000-000000000000', 'a2807add-1f3f-4b81-9ca7-dccd92ec5d19', '{"action":"token_refreshed","actor_id":"dc91436a-cdf2-4bd2-8208-8b3443972808","actor_username":"lukasjanek99@gmail.com","actor_via_sso":false,"log_type":"token"}', '2024-12-13 18:38:31.982461+00', ''),
	('00000000-0000-0000-0000-000000000000', '7e697e71-2bed-4cd6-932c-afd58f9425c9', '{"action":"token_revoked","actor_id":"dc91436a-cdf2-4bd2-8208-8b3443972808","actor_username":"lukasjanek99@gmail.com","actor_via_sso":false,"log_type":"token"}', '2024-12-13 18:38:31.982971+00', ''),
	('00000000-0000-0000-0000-000000000000', '71ed89da-b4ca-47ae-9000-4120de952b58', '{"action":"user_modified","actor_id":"dc91436a-cdf2-4bd2-8208-8b3443972808","actor_username":"lukasjanek99@gmail.com","actor_via_sso":false,"log_type":"user"}', '2024-12-13 18:44:57.674018+00', ''),
	('00000000-0000-0000-0000-000000000000', '5997f118-a690-4925-ae38-b26202c53905', '{"action":"token_refreshed","actor_id":"dc91436a-cdf2-4bd2-8208-8b3443972808","actor_username":"lukasjanek99@gmail.com","actor_via_sso":false,"log_type":"token"}', '2024-12-13 18:44:57.880963+00', ''),
	('00000000-0000-0000-0000-000000000000', '998e0b27-ea8c-4a8e-a3ee-9f4b43cd7ce9', '{"action":"token_revoked","actor_id":"dc91436a-cdf2-4bd2-8208-8b3443972808","actor_username":"lukasjanek99@gmail.com","actor_via_sso":false,"log_type":"token"}', '2024-12-13 18:44:57.881527+00', ''),
	('00000000-0000-0000-0000-000000000000', 'a13bb7df-e54d-4383-a46a-36dafa416c32', '{"action":"user_modified","actor_id":"dc91436a-cdf2-4bd2-8208-8b3443972808","actor_username":"lukasjanek99@gmail.com","actor_via_sso":false,"log_type":"user"}', '2024-12-13 18:47:59.769503+00', ''),
	('00000000-0000-0000-0000-000000000000', '49069f5e-4206-49f0-a053-a22a681259a2', '{"action":"token_refreshed","actor_id":"dc91436a-cdf2-4bd2-8208-8b3443972808","actor_username":"lukasjanek99@gmail.com","actor_via_sso":false,"log_type":"token"}', '2024-12-13 18:48:00.041779+00', ''),
	('00000000-0000-0000-0000-000000000000', '353b893e-1f9a-4363-94bb-7ad682506fa6', '{"action":"token_revoked","actor_id":"dc91436a-cdf2-4bd2-8208-8b3443972808","actor_username":"lukasjanek99@gmail.com","actor_via_sso":false,"log_type":"token"}', '2024-12-13 18:48:00.042414+00', ''),
	('00000000-0000-0000-0000-000000000000', '41afe9cc-d08e-41b0-bcbc-4fd55bef7dbb', '{"action":"user_modified","actor_id":"dc91436a-cdf2-4bd2-8208-8b3443972808","actor_username":"lukasjanek99@gmail.com","actor_via_sso":false,"log_type":"user"}', '2024-12-13 18:49:22.260107+00', ''),
	('00000000-0000-0000-0000-000000000000', '58788766-d591-4ca4-821a-96cf7aa0f25d', '{"action":"token_refreshed","actor_id":"dc91436a-cdf2-4bd2-8208-8b3443972808","actor_username":"lukasjanek99@gmail.com","actor_via_sso":false,"log_type":"token"}', '2024-12-13 18:49:22.543488+00', ''),
	('00000000-0000-0000-0000-000000000000', 'd6df4170-9a5b-40e9-843d-b08d953521e3', '{"action":"token_revoked","actor_id":"dc91436a-cdf2-4bd2-8208-8b3443972808","actor_username":"lukasjanek99@gmail.com","actor_via_sso":false,"log_type":"token"}', '2024-12-13 18:49:22.543917+00', ''),
	('00000000-0000-0000-0000-000000000000', 'cf88b40e-4903-4ec3-8b6f-b501562c7b78', '{"action":"user_modified","actor_id":"dc91436a-cdf2-4bd2-8208-8b3443972808","actor_username":"lukasjanek99@gmail.com","actor_via_sso":false,"log_type":"user"}', '2024-12-13 18:53:06.614657+00', ''),
	('00000000-0000-0000-0000-000000000000', '122ffbcb-d06d-459a-b6a3-b52c70b4787d', '{"action":"token_refreshed","actor_id":"dc91436a-cdf2-4bd2-8208-8b3443972808","actor_username":"lukasjanek99@gmail.com","actor_via_sso":false,"log_type":"token"}', '2024-12-13 18:53:06.80077+00', ''),
	('00000000-0000-0000-0000-000000000000', '1490bc34-31fc-43cb-8886-f389718171a2', '{"action":"token_revoked","actor_id":"dc91436a-cdf2-4bd2-8208-8b3443972808","actor_username":"lukasjanek99@gmail.com","actor_via_sso":false,"log_type":"token"}', '2024-12-13 18:53:06.801156+00', ''),
	('00000000-0000-0000-0000-000000000000', 'b1eac4db-9a35-4b12-938c-67ee1a155f6b', '{"action":"user_modified","actor_id":"dc91436a-cdf2-4bd2-8208-8b3443972808","actor_username":"lukasjanek99@gmail.com","actor_via_sso":false,"log_type":"user"}', '2024-12-13 19:10:33.798219+00', ''),
	('00000000-0000-0000-0000-000000000000', 'c2e1ea53-9b5e-450d-b37d-9a0b06423b26', '{"action":"token_refreshed","actor_id":"dc91436a-cdf2-4bd2-8208-8b3443972808","actor_username":"lukasjanek99@gmail.com","actor_via_sso":false,"log_type":"token"}', '2024-12-13 19:10:33.991264+00', ''),
	('00000000-0000-0000-0000-000000000000', '3e5b92e5-38f2-4465-be0a-280f06c97703', '{"action":"token_revoked","actor_id":"dc91436a-cdf2-4bd2-8208-8b3443972808","actor_username":"lukasjanek99@gmail.com","actor_via_sso":false,"log_type":"token"}', '2024-12-13 19:10:33.991897+00', ''),
	('00000000-0000-0000-0000-000000000000', '505b329c-b4b3-45d9-8b85-7555ded61b91', '{"action":"user_modified","actor_id":"dc91436a-cdf2-4bd2-8208-8b3443972808","actor_username":"lukasjanek99@gmail.com","actor_via_sso":false,"log_type":"user"}', '2024-12-13 19:11:02.021895+00', ''),
	('00000000-0000-0000-0000-000000000000', '95be56fe-4b82-4d98-8ae0-00f24ec3fde9', '{"action":"token_refreshed","actor_id":"dc91436a-cdf2-4bd2-8208-8b3443972808","actor_username":"lukasjanek99@gmail.com","actor_via_sso":false,"log_type":"token"}', '2024-12-13 19:11:02.255233+00', ''),
	('00000000-0000-0000-0000-000000000000', '5169a758-3acc-4976-83ff-94b5bf4441de', '{"action":"token_revoked","actor_id":"dc91436a-cdf2-4bd2-8208-8b3443972808","actor_username":"lukasjanek99@gmail.com","actor_via_sso":false,"log_type":"token"}', '2024-12-13 19:11:02.255774+00', ''),
	('00000000-0000-0000-0000-000000000000', '804a1817-4f69-44e8-8ed8-027eeee1a939', '{"action":"user_modified","actor_id":"dc91436a-cdf2-4bd2-8208-8b3443972808","actor_username":"lukasjanek99@gmail.com","actor_via_sso":false,"log_type":"user"}', '2024-12-13 19:21:01.13808+00', ''),
	('00000000-0000-0000-0000-000000000000', 'c537d250-4176-4a26-a008-6a76dd3cf722', '{"action":"token_refreshed","actor_id":"dc91436a-cdf2-4bd2-8208-8b3443972808","actor_username":"lukasjanek99@gmail.com","actor_via_sso":false,"log_type":"token"}', '2024-12-13 19:21:01.345988+00', ''),
	('00000000-0000-0000-0000-000000000000', '394a4a61-a23b-45b8-8eea-a6269e47dbd8', '{"action":"token_revoked","actor_id":"dc91436a-cdf2-4bd2-8208-8b3443972808","actor_username":"lukasjanek99@gmail.com","actor_via_sso":false,"log_type":"token"}', '2024-12-13 19:21:01.346562+00', ''),
	('00000000-0000-0000-0000-000000000000', '1b625404-235b-4e8b-aac0-ce05cacde206', '{"action":"user_modified","actor_id":"dc91436a-cdf2-4bd2-8208-8b3443972808","actor_username":"lukasjanek99@gmail.com","actor_via_sso":false,"log_type":"user"}', '2024-12-13 19:21:07.730197+00', ''),
	('00000000-0000-0000-0000-000000000000', 'ffcc4750-95c4-477d-ba02-ea884848b0c6', '{"action":"token_refreshed","actor_id":"dc91436a-cdf2-4bd2-8208-8b3443972808","actor_username":"lukasjanek99@gmail.com","actor_via_sso":false,"log_type":"token"}', '2024-12-13 19:21:07.912597+00', ''),
	('00000000-0000-0000-0000-000000000000', '0ea810d5-43dc-4b4c-8fbd-b5c1606034ac', '{"action":"token_revoked","actor_id":"dc91436a-cdf2-4bd2-8208-8b3443972808","actor_username":"lukasjanek99@gmail.com","actor_via_sso":false,"log_type":"token"}', '2024-12-13 19:21:07.913195+00', ''),
	('00000000-0000-0000-0000-000000000000', '803f8015-b5cd-4593-bbe2-84b7093fa065', '{"action":"user_modified","actor_id":"dc91436a-cdf2-4bd2-8208-8b3443972808","actor_username":"lukasjanek99@gmail.com","actor_via_sso":false,"log_type":"user"}', '2024-12-13 19:28:38.287558+00', ''),
	('00000000-0000-0000-0000-000000000000', 'cdcb1b8f-df63-490c-9780-3c3256140610', '{"action":"token_refreshed","actor_id":"dc91436a-cdf2-4bd2-8208-8b3443972808","actor_username":"lukasjanek99@gmail.com","actor_via_sso":false,"log_type":"token"}', '2024-12-13 19:28:38.466122+00', ''),
	('00000000-0000-0000-0000-000000000000', 'f919e753-af2f-43c5-857b-75ae94ae6f2d', '{"action":"token_revoked","actor_id":"dc91436a-cdf2-4bd2-8208-8b3443972808","actor_username":"lukasjanek99@gmail.com","actor_via_sso":false,"log_type":"token"}', '2024-12-13 19:28:38.466753+00', ''),
	('00000000-0000-0000-0000-000000000000', '2c7bd6f1-6135-4a75-8745-e9e02fa028af', '{"action":"logout","actor_id":"dc91436a-cdf2-4bd2-8208-8b3443972808","actor_username":"lukasjanek99@gmail.com","actor_via_sso":false,"log_type":"account"}', '2024-12-13 19:30:42.491805+00', ''),
	('00000000-0000-0000-0000-000000000000', '36be73a2-24cd-4b7d-87e4-fe34f5113f52', '{"action":"user_recovery_requested","actor_id":"1d56fb23-62f4-462e-8c02-764c910075ab","actor_username":"48666978350","actor_via_sso":false,"log_type":"user","traits":{"channel":"sms"}}', '2024-12-13 19:31:40.065595+00', ''),
	('00000000-0000-0000-0000-000000000000', 'e3f8de45-5cae-4d7a-baa0-832e9fd37ad4', '{"action":"user_signedup","actor_id":"1d56fb23-62f4-462e-8c02-764c910075ab","actor_username":"48666978350","actor_via_sso":false,"log_type":"team"}', '2024-12-13 19:31:43.899123+00', ''),
	('00000000-0000-0000-0000-000000000000', 'd0996756-c65c-4ca1-9efd-049c48206747', '{"action":"user_modified","actor_id":"1d56fb23-62f4-462e-8c02-764c910075ab","actor_username":"48666978350","actor_via_sso":false,"log_type":"user"}', '2024-12-13 19:31:44.053632+00', ''),
	('00000000-0000-0000-0000-000000000000', 'caa9594a-3f1c-4fd7-94a1-a7325929da35', '{"action":"token_refreshed","actor_id":"1d56fb23-62f4-462e-8c02-764c910075ab","actor_username":"48666978350","actor_via_sso":false,"log_type":"token"}', '2024-12-13 19:31:44.205437+00', ''),
	('00000000-0000-0000-0000-000000000000', '935e352b-b9bc-4b7b-a3fb-472eec65e2f4', '{"action":"token_revoked","actor_id":"1d56fb23-62f4-462e-8c02-764c910075ab","actor_username":"48666978350","actor_via_sso":false,"log_type":"token"}', '2024-12-13 19:31:44.206076+00', ''),
	('00000000-0000-0000-0000-000000000000', 'c45ddbac-5dfa-4530-bc1e-e85f650531ff', '{"action":"user_modified","actor_id":"1d56fb23-62f4-462e-8c02-764c910075ab","actor_username":"48666978350","actor_via_sso":false,"log_type":"user"}', '2024-12-13 19:32:21.648911+00', ''),
	('00000000-0000-0000-0000-000000000000', 'bc1f36e2-9531-44f3-8967-4633cfbc236f', '{"action":"token_refreshed","actor_id":"1d56fb23-62f4-462e-8c02-764c910075ab","actor_username":"48666978350","actor_via_sso":false,"log_type":"token"}', '2024-12-13 19:32:21.809479+00', ''),
	('00000000-0000-0000-0000-000000000000', '81127030-bee0-4163-a1c8-0afc991bec2e', '{"action":"token_revoked","actor_id":"1d56fb23-62f4-462e-8c02-764c910075ab","actor_username":"48666978350","actor_via_sso":false,"log_type":"token"}', '2024-12-13 19:32:21.80994+00', ''),
	('00000000-0000-0000-0000-000000000000', 'ffe902c4-ad0c-4be3-8c56-bf390de8b99d', '{"action":"user_modified","actor_id":"1d56fb23-62f4-462e-8c02-764c910075ab","actor_username":"48666978350","actor_via_sso":false,"log_type":"user"}', '2024-12-13 19:43:11.729064+00', ''),
	('00000000-0000-0000-0000-000000000000', '046521e0-5d4e-4eb3-a0f2-2e134886f0a8', '{"action":"token_refreshed","actor_id":"1d56fb23-62f4-462e-8c02-764c910075ab","actor_username":"48666978350","actor_via_sso":false,"log_type":"token"}', '2024-12-13 19:43:11.927578+00', ''),
	('00000000-0000-0000-0000-000000000000', '4b61a0a1-6f7b-4a78-9e58-b39d91cd42f9', '{"action":"token_revoked","actor_id":"1d56fb23-62f4-462e-8c02-764c910075ab","actor_username":"48666978350","actor_via_sso":false,"log_type":"token"}', '2024-12-13 19:43:11.928115+00', ''),
	('00000000-0000-0000-0000-000000000000', '65bbb358-b63a-496c-90c4-28880e5b4436', '{"action":"user_modified","actor_id":"1d56fb23-62f4-462e-8c02-764c910075ab","actor_username":"48666978350","actor_via_sso":false,"log_type":"user"}', '2024-12-13 20:26:12.085948+00', ''),
	('00000000-0000-0000-0000-000000000000', '04772e24-cc4a-491c-89eb-e3be46d330b3', '{"action":"token_refreshed","actor_id":"1d56fb23-62f4-462e-8c02-764c910075ab","actor_username":"48666978350","actor_via_sso":false,"log_type":"token"}', '2024-12-13 20:26:12.277355+00', ''),
	('00000000-0000-0000-0000-000000000000', '10feaa32-136c-437e-b75c-d20485707fda', '{"action":"token_revoked","actor_id":"1d56fb23-62f4-462e-8c02-764c910075ab","actor_username":"48666978350","actor_via_sso":false,"log_type":"token"}', '2024-12-13 20:26:12.277771+00', ''),
	('00000000-0000-0000-0000-000000000000', 'ba18afb5-8fbf-430d-b66a-0e2234515bc7', '{"action":"token_refreshed","actor_id":"1d56fb23-62f4-462e-8c02-764c910075ab","actor_username":"48666978350","actor_via_sso":false,"log_type":"token"}', '2024-12-13 21:25:41.632394+00', ''),
	('00000000-0000-0000-0000-000000000000', '3718a974-0e59-43de-a5df-d06b136cde34', '{"action":"token_revoked","actor_id":"1d56fb23-62f4-462e-8c02-764c910075ab","actor_username":"48666978350","actor_via_sso":false,"log_type":"token"}', '2024-12-13 21:25:41.63318+00', ''),
	('00000000-0000-0000-0000-000000000000', 'd43e4fc3-c37c-44ec-a26e-6350e9616058', '{"action":"token_refreshed","actor_id":"1d56fb23-62f4-462e-8c02-764c910075ab","actor_username":"48666978350","actor_via_sso":false,"log_type":"token"}', '2024-12-13 22:25:01.669295+00', ''),
	('00000000-0000-0000-0000-000000000000', '40586ec8-3a3e-4683-b9f2-768fadc2ca00', '{"action":"token_revoked","actor_id":"1d56fb23-62f4-462e-8c02-764c910075ab","actor_username":"48666978350","actor_via_sso":false,"log_type":"token"}', '2024-12-13 22:25:01.670095+00', ''),
	('00000000-0000-0000-0000-000000000000', '3a5608ef-1df3-4478-af57-db1a0d6d208e', '{"action":"token_refreshed","actor_id":"1d56fb23-62f4-462e-8c02-764c910075ab","actor_username":"48666978350","actor_via_sso":false,"log_type":"token"}', '2024-12-14 09:27:44.063661+00', ''),
	('00000000-0000-0000-0000-000000000000', '6c4f2e66-29af-4c76-9f04-b2e8acd2a19c', '{"action":"token_revoked","actor_id":"1d56fb23-62f4-462e-8c02-764c910075ab","actor_username":"48666978350","actor_via_sso":false,"log_type":"token"}', '2024-12-14 09:27:44.064496+00', ''),
	('00000000-0000-0000-0000-000000000000', '41e0673a-072d-4b33-b0e6-0dd7aa457b8d', '{"action":"user_modified","actor_id":"1d56fb23-62f4-462e-8c02-764c910075ab","actor_username":"48666978350","actor_via_sso":false,"log_type":"user"}', '2024-12-14 09:30:53.686455+00', ''),
	('00000000-0000-0000-0000-000000000000', '442db256-a773-4f26-b65d-2458db30a6ee', '{"action":"token_refreshed","actor_id":"1d56fb23-62f4-462e-8c02-764c910075ab","actor_username":"48666978350","actor_via_sso":false,"log_type":"token"}', '2024-12-14 09:30:53.873483+00', ''),
	('00000000-0000-0000-0000-000000000000', '618bb324-a3e4-4689-9401-dce7aa302b05', '{"action":"token_revoked","actor_id":"1d56fb23-62f4-462e-8c02-764c910075ab","actor_username":"48666978350","actor_via_sso":false,"log_type":"token"}', '2024-12-14 09:30:53.874007+00', ''),
	('00000000-0000-0000-0000-000000000000', '3260fa37-5538-4cee-a0a0-b21f8dde335e', '{"action":"logout","actor_id":"1d56fb23-62f4-462e-8c02-764c910075ab","actor_username":"48666978350","actor_via_sso":false,"log_type":"account"}', '2024-12-14 09:32:07.593741+00', ''),
	('00000000-0000-0000-0000-000000000000', 'ca9594e5-7fef-41a7-81db-f33c438e78c8', '{"action":"user_recovery_requested","actor_id":"dc91436a-cdf2-4bd2-8208-8b3443972808","actor_username":"lukasjanek99@gmail.com","actor_via_sso":false,"log_type":"user"}', '2024-12-14 09:32:23.810871+00', ''),
	('00000000-0000-0000-0000-000000000000', '6ee2329c-f784-46c9-a21d-16a8fd0a15a3', '{"action":"login","actor_id":"dc91436a-cdf2-4bd2-8208-8b3443972808","actor_username":"lukasjanek99@gmail.com","actor_via_sso":false,"log_type":"account"}', '2024-12-14 09:32:49.942381+00', ''),
	('00000000-0000-0000-0000-000000000000', '5b8bcd36-5e43-4509-b615-454570b7a0c5', '{"action":"user_modified","actor_id":"dc91436a-cdf2-4bd2-8208-8b3443972808","actor_username":"lukasjanek99@gmail.com","actor_via_sso":false,"log_type":"user"}', '2024-12-14 09:32:50.099325+00', ''),
	('00000000-0000-0000-0000-000000000000', 'b2a534c3-5a7a-4cf3-b680-f7e58ae42f46', '{"action":"token_refreshed","actor_id":"dc91436a-cdf2-4bd2-8208-8b3443972808","actor_username":"lukasjanek99@gmail.com","actor_via_sso":false,"log_type":"token"}', '2024-12-14 09:32:50.271442+00', ''),
	('00000000-0000-0000-0000-000000000000', '494bf057-0afa-4e2f-a71b-9aa3c5f6bdff', '{"action":"token_revoked","actor_id":"dc91436a-cdf2-4bd2-8208-8b3443972808","actor_username":"lukasjanek99@gmail.com","actor_via_sso":false,"log_type":"token"}', '2024-12-14 09:32:50.272123+00', ''),
	('00000000-0000-0000-0000-000000000000', 'ec34be87-5973-4deb-9ffb-bca04b56ce5c', '{"action":"logout","actor_id":"dc91436a-cdf2-4bd2-8208-8b3443972808","actor_username":"lukasjanek99@gmail.com","actor_via_sso":false,"log_type":"account"}', '2024-12-14 09:40:22.287095+00', ''),
	('00000000-0000-0000-0000-000000000000', '9d90fb7c-1e5d-4ce2-b876-23ed19773730', '{"action":"user_recovery_requested","actor_id":"1d56fb23-62f4-462e-8c02-764c910075ab","actor_username":"48666978350","actor_via_sso":false,"log_type":"user","traits":{"channel":"sms"}}', '2024-12-14 09:40:31.591272+00', ''),
	('00000000-0000-0000-0000-000000000000', '1a3fb7e3-5aeb-4dbf-bcef-cc98d81c8fb7', '{"action":"user_signedup","actor_id":"1d56fb23-62f4-462e-8c02-764c910075ab","actor_username":"48666978350","actor_via_sso":false,"log_type":"team"}', '2024-12-14 09:40:35.471055+00', ''),
	('00000000-0000-0000-0000-000000000000', 'b6987737-f323-485f-98d7-e27b434cf26d', '{"action":"user_modified","actor_id":"1d56fb23-62f4-462e-8c02-764c910075ab","actor_username":"48666978350","actor_via_sso":false,"log_type":"user"}', '2024-12-14 09:40:35.662725+00', ''),
	('00000000-0000-0000-0000-000000000000', '4e12f2ad-4011-4d50-8751-ea58944196a3', '{"action":"token_refreshed","actor_id":"1d56fb23-62f4-462e-8c02-764c910075ab","actor_username":"48666978350","actor_via_sso":false,"log_type":"token"}', '2024-12-14 09:40:35.800462+00', ''),
	('00000000-0000-0000-0000-000000000000', '035f6848-cfa2-477b-bc7c-3ca0b68c34ed', '{"action":"token_revoked","actor_id":"1d56fb23-62f4-462e-8c02-764c910075ab","actor_username":"48666978350","actor_via_sso":false,"log_type":"token"}', '2024-12-14 09:40:35.800951+00', ''),
	('00000000-0000-0000-0000-000000000000', '839f1350-48d4-4af7-b1e5-f3f459ac8540', '{"action":"user_modified","actor_id":"1d56fb23-62f4-462e-8c02-764c910075ab","actor_username":"48666978350","actor_via_sso":false,"log_type":"user"}', '2024-12-14 09:42:10.576567+00', ''),
	('00000000-0000-0000-0000-000000000000', '344e7f11-231d-4db4-b1a9-291ef7f18144', '{"action":"token_refreshed","actor_id":"1d56fb23-62f4-462e-8c02-764c910075ab","actor_username":"48666978350","actor_via_sso":false,"log_type":"token"}', '2024-12-14 09:42:10.739604+00', ''),
	('00000000-0000-0000-0000-000000000000', 'c98e0449-cd47-40e6-bdaf-51f3b8180375', '{"action":"token_revoked","actor_id":"1d56fb23-62f4-462e-8c02-764c910075ab","actor_username":"48666978350","actor_via_sso":false,"log_type":"token"}', '2024-12-14 09:42:10.74002+00', ''),
	('00000000-0000-0000-0000-000000000000', '04b55848-1aef-404d-80d0-3d5bacdee5cb', '{"action":"user_modified","actor_id":"1d56fb23-62f4-462e-8c02-764c910075ab","actor_username":"48666978350","actor_via_sso":false,"log_type":"user"}', '2024-12-14 09:43:26.484729+00', ''),
	('00000000-0000-0000-0000-000000000000', '27c7f1a6-d39c-4dec-b215-3195b20df324', '{"action":"token_refreshed","actor_id":"1d56fb23-62f4-462e-8c02-764c910075ab","actor_username":"48666978350","actor_via_sso":false,"log_type":"token"}', '2024-12-14 09:43:26.635414+00', ''),
	('00000000-0000-0000-0000-000000000000', '863ba517-bfe6-4c0b-b6c2-0f8bbca34d2b', '{"action":"token_revoked","actor_id":"1d56fb23-62f4-462e-8c02-764c910075ab","actor_username":"48666978350","actor_via_sso":false,"log_type":"token"}', '2024-12-14 09:43:26.635871+00', ''),
	('00000000-0000-0000-0000-000000000000', 'f206b86c-4660-45e0-ac78-f6b63723638e', '{"action":"user_modified","actor_id":"1d56fb23-62f4-462e-8c02-764c910075ab","actor_username":"48666978350","actor_via_sso":false,"log_type":"user"}', '2024-12-14 09:44:55.275889+00', ''),
	('00000000-0000-0000-0000-000000000000', '5d2f90e4-524a-4f96-931b-d54435f722e6', '{"action":"token_refreshed","actor_id":"1d56fb23-62f4-462e-8c02-764c910075ab","actor_username":"48666978350","actor_via_sso":false,"log_type":"token"}', '2024-12-14 09:44:55.438651+00', ''),
	('00000000-0000-0000-0000-000000000000', 'f14e360b-c154-4a0c-a328-f3fc03023dbf', '{"action":"token_revoked","actor_id":"1d56fb23-62f4-462e-8c02-764c910075ab","actor_username":"48666978350","actor_via_sso":false,"log_type":"token"}', '2024-12-14 09:44:55.43907+00', ''),
	('00000000-0000-0000-0000-000000000000', 'ff793254-ee02-4490-ac7a-d0981d43b552', '{"action":"logout","actor_id":"1d56fb23-62f4-462e-8c02-764c910075ab","actor_username":"48666978350","actor_via_sso":false,"log_type":"account"}', '2024-12-14 10:05:25.775809+00', ''),
	('00000000-0000-0000-0000-000000000000', 'ae4ce1d9-ebea-4f6d-9fa1-b1cb06505b71', '{"action":"user_recovery_requested","actor_id":"dc91436a-cdf2-4bd2-8208-8b3443972808","actor_username":"lukasjanek99@gmail.com","actor_via_sso":false,"log_type":"user"}', '2024-12-14 10:05:38.388124+00', ''),
	('00000000-0000-0000-0000-000000000000', '3e53cd3c-64b6-4d9b-b1d0-99dc91fd00e4', '{"action":"login","actor_id":"dc91436a-cdf2-4bd2-8208-8b3443972808","actor_username":"lukasjanek99@gmail.com","actor_via_sso":false,"log_type":"account"}', '2024-12-14 10:06:16.802943+00', ''),
	('00000000-0000-0000-0000-000000000000', 'c9c25950-77e2-4446-bd11-6314e4d6c0a5', '{"action":"user_modified","actor_id":"dc91436a-cdf2-4bd2-8208-8b3443972808","actor_username":"lukasjanek99@gmail.com","actor_via_sso":false,"log_type":"user"}', '2024-12-14 10:06:16.976396+00', ''),
	('00000000-0000-0000-0000-000000000000', '33b30339-2169-45c2-b454-13850296fbd6', '{"action":"token_refreshed","actor_id":"dc91436a-cdf2-4bd2-8208-8b3443972808","actor_username":"lukasjanek99@gmail.com","actor_via_sso":false,"log_type":"token"}', '2024-12-14 10:06:17.167595+00', ''),
	('00000000-0000-0000-0000-000000000000', '9ab5802b-8693-4427-892b-e2cf634d6dce', '{"action":"token_revoked","actor_id":"dc91436a-cdf2-4bd2-8208-8b3443972808","actor_username":"lukasjanek99@gmail.com","actor_via_sso":false,"log_type":"token"}', '2024-12-14 10:06:17.168122+00', ''),
	('00000000-0000-0000-0000-000000000000', '637d5477-ea56-4d09-93a2-c9c8b2369802', '{"action":"token_refreshed","actor_id":"dc91436a-cdf2-4bd2-8208-8b3443972808","actor_username":"lukasjanek99@gmail.com","actor_via_sso":false,"log_type":"token"}', '2024-12-14 11:05:44.915682+00', ''),
	('00000000-0000-0000-0000-000000000000', 'abd29438-db5e-47b7-8e98-da83978f2dc5', '{"action":"token_revoked","actor_id":"dc91436a-cdf2-4bd2-8208-8b3443972808","actor_username":"lukasjanek99@gmail.com","actor_via_sso":false,"log_type":"token"}', '2024-12-14 11:05:44.916382+00', ''),
	('00000000-0000-0000-0000-000000000000', '941370ce-cb0b-4d4b-a59a-8511d51523a9', '{"action":"token_refreshed","actor_id":"dc91436a-cdf2-4bd2-8208-8b3443972808","actor_username":"lukasjanek99@gmail.com","actor_via_sso":false,"log_type":"token"}', '2024-12-14 12:05:04.94064+00', ''),
	('00000000-0000-0000-0000-000000000000', 'c60d63cf-4a63-4c7d-97bc-c47b232dcd19', '{"action":"token_revoked","actor_id":"dc91436a-cdf2-4bd2-8208-8b3443972808","actor_username":"lukasjanek99@gmail.com","actor_via_sso":false,"log_type":"token"}', '2024-12-14 12:05:04.94155+00', ''),
	('00000000-0000-0000-0000-000000000000', '98df7e3c-6955-491c-9d2a-0ee0642a986f', '{"action":"token_refreshed","actor_id":"dc91436a-cdf2-4bd2-8208-8b3443972808","actor_username":"lukasjanek99@gmail.com","actor_via_sso":false,"log_type":"token"}', '2024-12-14 13:04:24.832259+00', ''),
	('00000000-0000-0000-0000-000000000000', '9bacff54-8463-4117-90af-e4b17ca227e1', '{"action":"token_revoked","actor_id":"dc91436a-cdf2-4bd2-8208-8b3443972808","actor_username":"lukasjanek99@gmail.com","actor_via_sso":false,"log_type":"token"}', '2024-12-14 13:04:24.833002+00', ''),
	('00000000-0000-0000-0000-000000000000', '618eebfd-0ff5-41d1-9aed-eff454d85b5d', '{"action":"token_refreshed","actor_id":"dc91436a-cdf2-4bd2-8208-8b3443972808","actor_username":"lukasjanek99@gmail.com","actor_via_sso":false,"log_type":"token"}', '2024-12-14 14:03:50.088697+00', ''),
	('00000000-0000-0000-0000-000000000000', '2cfee3ff-f64c-434d-b386-1261eca4ee79', '{"action":"token_revoked","actor_id":"dc91436a-cdf2-4bd2-8208-8b3443972808","actor_username":"lukasjanek99@gmail.com","actor_via_sso":false,"log_type":"token"}', '2024-12-14 14:03:50.089444+00', ''),
	('00000000-0000-0000-0000-000000000000', 'e5c23aaf-833c-4f78-86f9-57984e14d1f2', '{"action":"token_refreshed","actor_id":"dc91436a-cdf2-4bd2-8208-8b3443972808","actor_username":"lukasjanek99@gmail.com","actor_via_sso":false,"log_type":"token"}', '2024-12-14 15:03:20.084906+00', ''),
	('00000000-0000-0000-0000-000000000000', '555b1a2c-1bec-4b57-b2c6-785c0537e423', '{"action":"token_revoked","actor_id":"dc91436a-cdf2-4bd2-8208-8b3443972808","actor_username":"lukasjanek99@gmail.com","actor_via_sso":false,"log_type":"token"}', '2024-12-14 15:03:20.085851+00', ''),
	('00000000-0000-0000-0000-000000000000', 'f66ffbfb-641d-4a5d-9d74-c0fb0073a8e9', '{"action":"token_refreshed","actor_id":"dc91436a-cdf2-4bd2-8208-8b3443972808","actor_username":"lukasjanek99@gmail.com","actor_via_sso":false,"log_type":"token"}', '2024-12-14 16:02:50.061795+00', ''),
	('00000000-0000-0000-0000-000000000000', 'd66c8158-0000-426f-918d-6bb9092b6757', '{"action":"token_revoked","actor_id":"dc91436a-cdf2-4bd2-8208-8b3443972808","actor_username":"lukasjanek99@gmail.com","actor_via_sso":false,"log_type":"token"}', '2024-12-14 16:02:50.06264+00', ''),
	('00000000-0000-0000-0000-000000000000', '17cd0313-875e-488f-a479-d610087f90f5', '{"action":"user_modified","actor_id":"dc91436a-cdf2-4bd2-8208-8b3443972808","actor_username":"lukasjanek99@gmail.com","actor_via_sso":false,"log_type":"user"}', '2024-12-14 16:34:09.567813+00', ''),
	('00000000-0000-0000-0000-000000000000', '45889b37-1172-44bb-9cea-e71496e53233', '{"action":"token_refreshed","actor_id":"dc91436a-cdf2-4bd2-8208-8b3443972808","actor_username":"lukasjanek99@gmail.com","actor_via_sso":false,"log_type":"token"}', '2024-12-14 16:34:09.768629+00', ''),
	('00000000-0000-0000-0000-000000000000', '5cb86475-e089-4a18-ac44-2045ed7a583c', '{"action":"token_revoked","actor_id":"dc91436a-cdf2-4bd2-8208-8b3443972808","actor_username":"lukasjanek99@gmail.com","actor_via_sso":false,"log_type":"token"}', '2024-12-14 16:34:09.76921+00', ''),
	('00000000-0000-0000-0000-000000000000', '289eb192-aa79-405b-895b-8fa77654d310', '{"action":"user_modified","actor_id":"dc91436a-cdf2-4bd2-8208-8b3443972808","actor_username":"lukasjanek99@gmail.com","actor_via_sso":false,"log_type":"user"}', '2024-12-14 17:06:19.725474+00', ''),
	('00000000-0000-0000-0000-000000000000', '0615f937-241b-4e90-9781-420d70d65c8b', '{"action":"token_refreshed","actor_id":"dc91436a-cdf2-4bd2-8208-8b3443972808","actor_username":"lukasjanek99@gmail.com","actor_via_sso":false,"log_type":"token"}', '2024-12-14 17:06:20.017538+00', ''),
	('00000000-0000-0000-0000-000000000000', '196101cc-9a65-483b-a1bd-6a818393572e', '{"action":"token_revoked","actor_id":"dc91436a-cdf2-4bd2-8208-8b3443972808","actor_username":"lukasjanek99@gmail.com","actor_via_sso":false,"log_type":"token"}', '2024-12-14 17:06:20.018162+00', ''),
	('00000000-0000-0000-0000-000000000000', '6b0f05d5-f566-432d-80dd-4889c831dcd9', '{"action":"user_modified","actor_id":"dc91436a-cdf2-4bd2-8208-8b3443972808","actor_username":"lukasjanek99@gmail.com","actor_via_sso":false,"log_type":"user"}', '2024-12-14 17:06:31.791883+00', ''),
	('00000000-0000-0000-0000-000000000000', '154f1acc-bff1-40c0-98d8-16ac060688a6', '{"action":"token_refreshed","actor_id":"dc91436a-cdf2-4bd2-8208-8b3443972808","actor_username":"lukasjanek99@gmail.com","actor_via_sso":false,"log_type":"token"}', '2024-12-14 17:06:31.970985+00', ''),
	('00000000-0000-0000-0000-000000000000', '22062159-befa-4745-8ec1-842032105467', '{"action":"token_revoked","actor_id":"dc91436a-cdf2-4bd2-8208-8b3443972808","actor_username":"lukasjanek99@gmail.com","actor_via_sso":false,"log_type":"token"}', '2024-12-14 17:06:31.971564+00', ''),
	('00000000-0000-0000-0000-000000000000', '3af66df5-1d8b-4f7a-bdbc-a297799ee12c', '{"action":"user_modified","actor_id":"dc91436a-cdf2-4bd2-8208-8b3443972808","actor_username":"lukasjanek99@gmail.com","actor_via_sso":false,"log_type":"user"}', '2024-12-14 17:09:10.091688+00', ''),
	('00000000-0000-0000-0000-000000000000', 'cbc12140-6bd6-40a0-8c13-021b8c162e8e', '{"action":"token_refreshed","actor_id":"dc91436a-cdf2-4bd2-8208-8b3443972808","actor_username":"lukasjanek99@gmail.com","actor_via_sso":false,"log_type":"token"}', '2024-12-14 17:09:10.266417+00', ''),
	('00000000-0000-0000-0000-000000000000', 'ddb45f76-0185-426c-870e-04cdda3d6bad', '{"action":"token_revoked","actor_id":"dc91436a-cdf2-4bd2-8208-8b3443972808","actor_username":"lukasjanek99@gmail.com","actor_via_sso":false,"log_type":"token"}', '2024-12-14 17:09:10.266938+00', ''),
	('00000000-0000-0000-0000-000000000000', 'a39a6160-dfa9-4d54-ad00-93a3e3db52e5', '{"action":"user_modified","actor_id":"dc91436a-cdf2-4bd2-8208-8b3443972808","actor_username":"lukasjanek99@gmail.com","actor_via_sso":false,"log_type":"user"}', '2024-12-14 18:08:23.160148+00', ''),
	('00000000-0000-0000-0000-000000000000', 'b714ac41-75bd-4a85-8214-284ae9369d97', '{"action":"token_refreshed","actor_id":"dc91436a-cdf2-4bd2-8208-8b3443972808","actor_username":"lukasjanek99@gmail.com","actor_via_sso":false,"log_type":"token"}', '2024-12-14 18:08:23.340788+00', ''),
	('00000000-0000-0000-0000-000000000000', 'f9bcddd1-23fe-4698-a02e-18875f9dcb9a', '{"action":"token_revoked","actor_id":"dc91436a-cdf2-4bd2-8208-8b3443972808","actor_username":"lukasjanek99@gmail.com","actor_via_sso":false,"log_type":"token"}', '2024-12-14 18:08:23.34119+00', ''),
	('00000000-0000-0000-0000-000000000000', 'c4d4bd4c-a05f-4922-9c4c-3dfef6e0fe89', '{"action":"user_modified","actor_id":"dc91436a-cdf2-4bd2-8208-8b3443972808","actor_username":"lukasjanek99@gmail.com","actor_via_sso":false,"log_type":"user"}', '2024-12-14 18:09:37.897525+00', ''),
	('00000000-0000-0000-0000-000000000000', 'c4572ac9-1bab-422e-949a-a44e516ce8d3', '{"action":"token_refreshed","actor_id":"dc91436a-cdf2-4bd2-8208-8b3443972808","actor_username":"lukasjanek99@gmail.com","actor_via_sso":false,"log_type":"token"}', '2024-12-14 18:09:38.071046+00', ''),
	('00000000-0000-0000-0000-000000000000', 'cdb735be-5339-4e3b-add9-f7417105ddee', '{"action":"token_revoked","actor_id":"dc91436a-cdf2-4bd2-8208-8b3443972808","actor_username":"lukasjanek99@gmail.com","actor_via_sso":false,"log_type":"token"}', '2024-12-14 18:09:38.071506+00', ''),
	('00000000-0000-0000-0000-000000000000', 'c16ed623-9a08-4beb-abe6-4848ea21d834', '{"action":"token_refreshed","actor_id":"dc91436a-cdf2-4bd2-8208-8b3443972808","actor_username":"lukasjanek99@gmail.com","actor_via_sso":false,"log_type":"token"}', '2024-12-14 19:09:07.528189+00', ''),
	('00000000-0000-0000-0000-000000000000', 'eba20a6d-60cf-47a3-a766-ba56a487ced4', '{"action":"token_revoked","actor_id":"dc91436a-cdf2-4bd2-8208-8b3443972808","actor_username":"lukasjanek99@gmail.com","actor_via_sso":false,"log_type":"token"}', '2024-12-14 19:09:07.529228+00', ''),
	('00000000-0000-0000-0000-000000000000', 'b8c059c1-8bc6-4429-97e2-c93cb1ec4495', '{"action":"user_modified","actor_id":"dc91436a-cdf2-4bd2-8208-8b3443972808","actor_username":"lukasjanek99@gmail.com","actor_via_sso":false,"log_type":"user"}', '2024-12-14 19:20:02.821248+00', ''),
	('00000000-0000-0000-0000-000000000000', '82579dd0-1255-4c4d-a11c-b0ec00e2aa5d', '{"action":"token_refreshed","actor_id":"dc91436a-cdf2-4bd2-8208-8b3443972808","actor_username":"lukasjanek99@gmail.com","actor_via_sso":false,"log_type":"token"}', '2024-12-14 19:20:03.04129+00', ''),
	('00000000-0000-0000-0000-000000000000', 'd011bcc1-52ac-4109-8a67-90446b516f19', '{"action":"token_revoked","actor_id":"dc91436a-cdf2-4bd2-8208-8b3443972808","actor_username":"lukasjanek99@gmail.com","actor_via_sso":false,"log_type":"token"}', '2024-12-14 19:20:03.041978+00', ''),
	('00000000-0000-0000-0000-000000000000', '2df9ca90-4bb8-4798-a699-7514102506eb', '{"action":"user_modified","actor_id":"dc91436a-cdf2-4bd2-8208-8b3443972808","actor_username":"lukasjanek99@gmail.com","actor_via_sso":false,"log_type":"user"}', '2024-12-14 19:40:07.817903+00', ''),
	('00000000-0000-0000-0000-000000000000', '03d50821-62d5-4588-bfcc-c18db2b349fc', '{"action":"token_refreshed","actor_id":"dc91436a-cdf2-4bd2-8208-8b3443972808","actor_username":"lukasjanek99@gmail.com","actor_via_sso":false,"log_type":"token"}', '2024-12-14 19:40:07.984489+00', ''),
	('00000000-0000-0000-0000-000000000000', '8257e48c-824d-4b02-a339-6f20d0c28712', '{"action":"token_revoked","actor_id":"dc91436a-cdf2-4bd2-8208-8b3443972808","actor_username":"lukasjanek99@gmail.com","actor_via_sso":false,"log_type":"token"}', '2024-12-14 19:40:07.984977+00', ''),
	('00000000-0000-0000-0000-000000000000', 'bbdf77bd-aa04-497e-b61f-4a9c200da4b4', '{"action":"user_modified","actor_id":"dc91436a-cdf2-4bd2-8208-8b3443972808","actor_username":"lukasjanek99@gmail.com","actor_via_sso":false,"log_type":"user"}', '2024-12-14 19:48:31.064236+00', ''),
	('00000000-0000-0000-0000-000000000000', 'e279ea23-3a2e-41d5-ae72-e98da2c74da1', '{"action":"token_refreshed","actor_id":"dc91436a-cdf2-4bd2-8208-8b3443972808","actor_username":"lukasjanek99@gmail.com","actor_via_sso":false,"log_type":"token"}', '2024-12-14 19:48:31.444399+00', ''),
	('00000000-0000-0000-0000-000000000000', 'edf95432-fbdb-4a3a-9cc1-843c2af503f0', '{"action":"token_revoked","actor_id":"dc91436a-cdf2-4bd2-8208-8b3443972808","actor_username":"lukasjanek99@gmail.com","actor_via_sso":false,"log_type":"token"}', '2024-12-14 19:48:31.444878+00', ''),
	('00000000-0000-0000-0000-000000000000', 'b7998b25-afbe-4230-b708-fdb62caa2ea4', '{"action":"user_modified","actor_id":"dc91436a-cdf2-4bd2-8208-8b3443972808","actor_username":"lukasjanek99@gmail.com","actor_via_sso":false,"log_type":"user"}', '2024-12-14 19:49:45.322038+00', ''),
	('00000000-0000-0000-0000-000000000000', '553bf148-f2c8-4db7-a78a-63823b666703', '{"action":"token_refreshed","actor_id":"dc91436a-cdf2-4bd2-8208-8b3443972808","actor_username":"lukasjanek99@gmail.com","actor_via_sso":false,"log_type":"token"}', '2024-12-14 19:49:45.475664+00', ''),
	('00000000-0000-0000-0000-000000000000', '02ea3f48-08c6-496c-b6fb-7ba1063c2ea3', '{"action":"token_revoked","actor_id":"dc91436a-cdf2-4bd2-8208-8b3443972808","actor_username":"lukasjanek99@gmail.com","actor_via_sso":false,"log_type":"token"}', '2024-12-14 19:49:45.476064+00', ''),
	('00000000-0000-0000-0000-000000000000', '487df5b5-474c-4a53-a5eb-8b8cb1d07fec', '{"action":"user_modified","actor_id":"dc91436a-cdf2-4bd2-8208-8b3443972808","actor_username":"lukasjanek99@gmail.com","actor_via_sso":false,"log_type":"user"}', '2024-12-14 20:16:00.90226+00', ''),
	('00000000-0000-0000-0000-000000000000', '880d444d-372d-462c-bb58-2df3e030a534', '{"action":"token_refreshed","actor_id":"dc91436a-cdf2-4bd2-8208-8b3443972808","actor_username":"lukasjanek99@gmail.com","actor_via_sso":false,"log_type":"token"}', '2024-12-14 20:16:01.122289+00', ''),
	('00000000-0000-0000-0000-000000000000', 'd777a079-3c86-4331-a3a1-86ffda7fdfac', '{"action":"token_revoked","actor_id":"dc91436a-cdf2-4bd2-8208-8b3443972808","actor_username":"lukasjanek99@gmail.com","actor_via_sso":false,"log_type":"token"}', '2024-12-14 20:16:01.122841+00', ''),
	('00000000-0000-0000-0000-000000000000', '031ee958-8f8a-4bb3-8c8b-f69f7e698b42', '{"action":"user_modified","actor_id":"dc91436a-cdf2-4bd2-8208-8b3443972808","actor_username":"lukasjanek99@gmail.com","actor_via_sso":false,"log_type":"user"}', '2024-12-14 20:22:26.739298+00', ''),
	('00000000-0000-0000-0000-000000000000', 'a382a97a-1067-4b4b-9690-9841025bbe80', '{"action":"token_refreshed","actor_id":"dc91436a-cdf2-4bd2-8208-8b3443972808","actor_username":"lukasjanek99@gmail.com","actor_via_sso":false,"log_type":"token"}', '2024-12-14 20:22:27.087572+00', ''),
	('00000000-0000-0000-0000-000000000000', '1cf9290f-a00e-4538-823e-9a0d0c0b8b37', '{"action":"token_revoked","actor_id":"dc91436a-cdf2-4bd2-8208-8b3443972808","actor_username":"lukasjanek99@gmail.com","actor_via_sso":false,"log_type":"token"}', '2024-12-14 20:22:27.088253+00', ''),
	('00000000-0000-0000-0000-000000000000', 'd47e78bb-4e15-467c-8ce2-5ad2680f8a9a', '{"action":"token_refreshed","actor_id":"dc91436a-cdf2-4bd2-8208-8b3443972808","actor_username":"lukasjanek99@gmail.com","actor_via_sso":false,"log_type":"token"}', '2024-12-15 12:37:34.428749+00', ''),
	('00000000-0000-0000-0000-000000000000', '4bbde760-4fb6-41cd-bee7-5f1c34abd1a2', '{"action":"token_revoked","actor_id":"dc91436a-cdf2-4bd2-8208-8b3443972808","actor_username":"lukasjanek99@gmail.com","actor_via_sso":false,"log_type":"token"}', '2024-12-15 12:37:34.429457+00', ''),
	('00000000-0000-0000-0000-000000000000', '302baf18-5da5-44de-8de2-1b747fbd37bf', '{"action":"token_refreshed","actor_id":"dc91436a-cdf2-4bd2-8208-8b3443972808","actor_username":"lukasjanek99@gmail.com","actor_via_sso":false,"log_type":"token"}', '2024-12-15 13:37:04.006009+00', ''),
	('00000000-0000-0000-0000-000000000000', 'e2c705bf-36c2-424a-bb05-451caf64cc0d', '{"action":"token_revoked","actor_id":"dc91436a-cdf2-4bd2-8208-8b3443972808","actor_username":"lukasjanek99@gmail.com","actor_via_sso":false,"log_type":"token"}', '2024-12-15 13:37:04.007214+00', ''),
	('00000000-0000-0000-0000-000000000000', 'e66a3e6b-4f5c-4963-bed3-c9f60658f26d', '{"action":"user_modified","actor_id":"dc91436a-cdf2-4bd2-8208-8b3443972808","actor_username":"lukasjanek99@gmail.com","actor_via_sso":false,"log_type":"user"}', '2024-12-15 13:37:13.620703+00', ''),
	('00000000-0000-0000-0000-000000000000', '58477084-680f-4b30-9717-a7790b24d53e', '{"action":"token_refreshed","actor_id":"dc91436a-cdf2-4bd2-8208-8b3443972808","actor_username":"lukasjanek99@gmail.com","actor_via_sso":false,"log_type":"token"}', '2024-12-15 13:37:13.779164+00', ''),
	('00000000-0000-0000-0000-000000000000', 'e9c487a8-476d-447b-8038-bdc4bd0059cf', '{"action":"token_revoked","actor_id":"dc91436a-cdf2-4bd2-8208-8b3443972808","actor_username":"lukasjanek99@gmail.com","actor_via_sso":false,"log_type":"token"}', '2024-12-15 13:37:13.77959+00', ''),
	('00000000-0000-0000-0000-000000000000', '5364adb9-eb8e-4c30-baa7-9b0f3202e8a5', '{"action":"user_modified","actor_id":"dc91436a-cdf2-4bd2-8208-8b3443972808","actor_username":"lukasjanek99@gmail.com","actor_via_sso":false,"log_type":"user"}', '2024-12-15 14:01:29.229594+00', ''),
	('00000000-0000-0000-0000-000000000000', '44e8952c-1ce1-4e39-904e-b3b88e29531a', '{"action":"token_refreshed","actor_id":"dc91436a-cdf2-4bd2-8208-8b3443972808","actor_username":"lukasjanek99@gmail.com","actor_via_sso":false,"log_type":"token"}', '2024-12-15 14:01:29.493668+00', ''),
	('00000000-0000-0000-0000-000000000000', 'f9dae9a3-7874-46b3-bee3-2ddb019d8b55', '{"action":"token_revoked","actor_id":"dc91436a-cdf2-4bd2-8208-8b3443972808","actor_username":"lukasjanek99@gmail.com","actor_via_sso":false,"log_type":"token"}', '2024-12-15 14:01:29.494294+00', ''),
	('00000000-0000-0000-0000-000000000000', '127163ac-801e-46d9-a0e8-5ced1473548f', '{"action":"user_modified","actor_id":"dc91436a-cdf2-4bd2-8208-8b3443972808","actor_username":"lukasjanek99@gmail.com","actor_via_sso":false,"log_type":"user"}', '2024-12-15 14:03:20.150309+00', ''),
	('00000000-0000-0000-0000-000000000000', '5229dae8-bf67-4481-8f4b-9b5e44987b65', '{"action":"token_refreshed","actor_id":"dc91436a-cdf2-4bd2-8208-8b3443972808","actor_username":"lukasjanek99@gmail.com","actor_via_sso":false,"log_type":"token"}', '2024-12-15 14:03:20.707311+00', ''),
	('00000000-0000-0000-0000-000000000000', 'd5228a22-a5be-46f7-bd44-906a64ba84d9', '{"action":"token_revoked","actor_id":"dc91436a-cdf2-4bd2-8208-8b3443972808","actor_username":"lukasjanek99@gmail.com","actor_via_sso":false,"log_type":"token"}', '2024-12-15 14:03:20.707779+00', ''),
	('00000000-0000-0000-0000-000000000000', 'e85b2cf9-aec1-4e7e-a97d-64bc2d84686f', '{"action":"user_modified","actor_id":"dc91436a-cdf2-4bd2-8208-8b3443972808","actor_username":"lukasjanek99@gmail.com","actor_via_sso":false,"log_type":"user"}', '2024-12-15 14:04:28.932118+00', ''),
	('00000000-0000-0000-0000-000000000000', '20b9d104-8934-4d46-9296-7abd653e43f5', '{"action":"token_refreshed","actor_id":"dc91436a-cdf2-4bd2-8208-8b3443972808","actor_username":"lukasjanek99@gmail.com","actor_via_sso":false,"log_type":"token"}', '2024-12-15 14:04:29.131243+00', ''),
	('00000000-0000-0000-0000-000000000000', '56e97d67-7a68-4f27-bfe3-bcdfb85c81ee', '{"action":"token_revoked","actor_id":"dc91436a-cdf2-4bd2-8208-8b3443972808","actor_username":"lukasjanek99@gmail.com","actor_via_sso":false,"log_type":"token"}', '2024-12-15 14:04:29.131844+00', ''),
	('00000000-0000-0000-0000-000000000000', 'bbaaaa6a-634e-4652-9998-7cf3f3f6398b', '{"action":"logout","actor_id":"dc91436a-cdf2-4bd2-8208-8b3443972808","actor_username":"lukasjanek99@gmail.com","actor_via_sso":false,"log_type":"account"}', '2024-12-15 14:06:38.573203+00', ''),
	('00000000-0000-0000-0000-000000000000', '6100f77f-ac6c-4fdd-88a8-b9733b33c3f9', '{"action":"user_recovery_requested","actor_id":"1d56fb23-62f4-462e-8c02-764c910075ab","actor_username":"48666978350","actor_via_sso":false,"log_type":"user","traits":{"channel":"sms"}}', '2024-12-15 14:06:43.933042+00', ''),
	('00000000-0000-0000-0000-000000000000', 'a5e33b59-c1c9-48cf-8d0a-e67bc5e2414b', '{"action":"user_signedup","actor_id":"1d56fb23-62f4-462e-8c02-764c910075ab","actor_username":"48666978350","actor_via_sso":false,"log_type":"team"}', '2024-12-15 14:06:47.528375+00', ''),
	('00000000-0000-0000-0000-000000000000', 'e636965a-4243-4034-a3f2-11ce054fc5fb', '{"action":"user_modified","actor_id":"1d56fb23-62f4-462e-8c02-764c910075ab","actor_username":"48666978350","actor_via_sso":false,"log_type":"user"}', '2024-12-15 14:06:47.733558+00', ''),
	('00000000-0000-0000-0000-000000000000', '434be7e7-8b02-4fdb-9435-21ddc3219c7b', '{"action":"token_refreshed","actor_id":"1d56fb23-62f4-462e-8c02-764c910075ab","actor_username":"48666978350","actor_via_sso":false,"log_type":"token"}', '2024-12-15 14:06:47.905145+00', ''),
	('00000000-0000-0000-0000-000000000000', '57cf2f37-0178-4ff0-b993-a681636f76c2', '{"action":"token_revoked","actor_id":"1d56fb23-62f4-462e-8c02-764c910075ab","actor_username":"48666978350","actor_via_sso":false,"log_type":"token"}', '2024-12-15 14:06:47.905583+00', ''),
	('00000000-0000-0000-0000-000000000000', '69b23db7-07c7-420b-86dc-c0cb319f8c1a', '{"action":"user_modified","actor_id":"1d56fb23-62f4-462e-8c02-764c910075ab","actor_username":"48666978350","actor_via_sso":false,"log_type":"user"}', '2024-12-15 14:08:02.351839+00', ''),
	('00000000-0000-0000-0000-000000000000', 'bf5774ff-3bae-4a77-8641-11443c4611d7', '{"action":"token_refreshed","actor_id":"1d56fb23-62f4-462e-8c02-764c910075ab","actor_username":"48666978350","actor_via_sso":false,"log_type":"token"}', '2024-12-15 14:08:02.504806+00', ''),
	('00000000-0000-0000-0000-000000000000', '91b72e0d-6c91-4238-8ec8-1b189d38847a', '{"action":"token_revoked","actor_id":"1d56fb23-62f4-462e-8c02-764c910075ab","actor_username":"48666978350","actor_via_sso":false,"log_type":"token"}', '2024-12-15 14:08:02.50545+00', ''),
	('00000000-0000-0000-0000-000000000000', 'baec3fe3-4eb1-4bf7-b125-a650137ba869', '{"action":"logout","actor_id":"1d56fb23-62f4-462e-8c02-764c910075ab","actor_username":"48666978350","actor_via_sso":false,"log_type":"account"}', '2024-12-15 14:10:51.351406+00', ''),
	('00000000-0000-0000-0000-000000000000', '15496d15-eb45-46d5-8b06-8a9ae479344f', '{"action":"user_recovery_requested","actor_id":"1d56fb23-62f4-462e-8c02-764c910075ab","actor_username":"48666978350","actor_via_sso":false,"log_type":"user","traits":{"channel":"sms"}}', '2024-12-15 14:11:02.828247+00', ''),
	('00000000-0000-0000-0000-000000000000', 'a63bc430-ab72-4ba3-89e5-2e0a4fba20c5', '{"action":"user_modified","actor_id":"1d56fb23-62f4-462e-8c02-764c910075ab","actor_username":"48666978350","actor_via_sso":false,"log_type":"user"}', '2024-12-15 14:11:05.239051+00', ''),
	('00000000-0000-0000-0000-000000000000', 'dfbda140-5390-4fe4-9861-c31fe38947b5', '{"action":"token_refreshed","actor_id":"1d56fb23-62f4-462e-8c02-764c910075ab","actor_username":"48666978350","actor_via_sso":false,"log_type":"token"}', '2024-12-15 14:11:05.422354+00', ''),
	('00000000-0000-0000-0000-000000000000', '9569b9b9-df5e-4e7f-9d7a-1e3837d0d302', '{"action":"token_revoked","actor_id":"1d56fb23-62f4-462e-8c02-764c910075ab","actor_username":"48666978350","actor_via_sso":false,"log_type":"token"}', '2024-12-15 14:11:05.422782+00', ''),
	('00000000-0000-0000-0000-000000000000', 'ba4eb817-624e-4fe6-b4ef-0cd121cb0151', '{"action":"logout","actor_id":"1d56fb23-62f4-462e-8c02-764c910075ab","actor_username":"48666978350","actor_via_sso":false,"log_type":"account"}', '2024-12-15 14:11:46.388183+00', ''),
	('00000000-0000-0000-0000-000000000000', '6fb28a2b-1285-4299-a1e7-df4adf38ec8e', '{"action":"user_recovery_requested","actor_id":"dc91436a-cdf2-4bd2-8208-8b3443972808","actor_username":"lukasjanek99@gmail.com","actor_via_sso":false,"log_type":"user"}', '2024-12-15 14:12:08.114754+00', ''),
	('00000000-0000-0000-0000-000000000000', '00259903-3a1c-4cb7-9d17-be4dff0a1677', '{"action":"login","actor_id":"dc91436a-cdf2-4bd2-8208-8b3443972808","actor_username":"lukasjanek99@gmail.com","actor_via_sso":false,"log_type":"account"}', '2024-12-15 14:12:33.331123+00', ''),
	('00000000-0000-0000-0000-000000000000', '55083c6d-56e4-4b61-a58d-4eb436ea266b', '{"action":"user_modified","actor_id":"dc91436a-cdf2-4bd2-8208-8b3443972808","actor_username":"lukasjanek99@gmail.com","actor_via_sso":false,"log_type":"user"}', '2024-12-15 14:12:33.502193+00', ''),
	('00000000-0000-0000-0000-000000000000', '9b0b3996-c2b3-4dfa-bb7f-70eb3260507d', '{"action":"token_refreshed","actor_id":"dc91436a-cdf2-4bd2-8208-8b3443972808","actor_username":"lukasjanek99@gmail.com","actor_via_sso":false,"log_type":"token"}', '2024-12-15 14:12:33.707826+00', ''),
	('00000000-0000-0000-0000-000000000000', '354e6569-b35a-4bab-ba3a-c747dbbd4ba5', '{"action":"token_revoked","actor_id":"dc91436a-cdf2-4bd2-8208-8b3443972808","actor_username":"lukasjanek99@gmail.com","actor_via_sso":false,"log_type":"token"}', '2024-12-15 14:12:33.708393+00', ''),
	('00000000-0000-0000-0000-000000000000', '18f9de7a-3d96-4fe7-9ff0-557b6e8ef9b9', '{"action":"user_modified","actor_id":"dc91436a-cdf2-4bd2-8208-8b3443972808","actor_username":"lukasjanek99@gmail.com","actor_via_sso":false,"log_type":"user"}', '2024-12-15 14:30:17.805387+00', ''),
	('00000000-0000-0000-0000-000000000000', 'd6798d42-6318-47f6-8abc-764bb340d20a', '{"action":"token_refreshed","actor_id":"dc91436a-cdf2-4bd2-8208-8b3443972808","actor_username":"lukasjanek99@gmail.com","actor_via_sso":false,"log_type":"token"}', '2024-12-15 14:30:17.954076+00', ''),
	('00000000-0000-0000-0000-000000000000', '89e47d86-305d-4edf-b3b4-4ffd3393742f', '{"action":"token_revoked","actor_id":"dc91436a-cdf2-4bd2-8208-8b3443972808","actor_username":"lukasjanek99@gmail.com","actor_via_sso":false,"log_type":"token"}', '2024-12-15 14:30:17.954771+00', ''),
	('00000000-0000-0000-0000-000000000000', '7b9b3749-1469-46bc-94c0-dd1219a64d7f', '{"action":"user_modified","actor_id":"dc91436a-cdf2-4bd2-8208-8b3443972808","actor_username":"lukasjanek99@gmail.com","actor_via_sso":false,"log_type":"user"}', '2024-12-15 14:41:30.773377+00', ''),
	('00000000-0000-0000-0000-000000000000', '6277d29d-ace4-4bdc-abf0-5a9b2e3dce71', '{"action":"token_refreshed","actor_id":"dc91436a-cdf2-4bd2-8208-8b3443972808","actor_username":"lukasjanek99@gmail.com","actor_via_sso":false,"log_type":"token"}', '2024-12-15 14:41:30.957616+00', ''),
	('00000000-0000-0000-0000-000000000000', '5493b08b-406a-4aef-b062-7e4b2ee574e5', '{"action":"token_revoked","actor_id":"dc91436a-cdf2-4bd2-8208-8b3443972808","actor_username":"lukasjanek99@gmail.com","actor_via_sso":false,"log_type":"token"}', '2024-12-15 14:41:30.958078+00', ''),
	('00000000-0000-0000-0000-000000000000', 'bdafbcfa-1588-48f5-bf0d-38feba638289', '{"action":"logout","actor_id":"dc91436a-cdf2-4bd2-8208-8b3443972808","actor_username":"lukasjanek99@gmail.com","actor_via_sso":false,"log_type":"account"}', '2024-12-15 14:51:51.221762+00', ''),
	('00000000-0000-0000-0000-000000000000', 'e2a98701-33d9-4011-90a6-5167e2780bbf', '{"action":"user_recovery_requested","actor_id":"dc91436a-cdf2-4bd2-8208-8b3443972808","actor_username":"lukasjanek99@gmail.com","actor_via_sso":false,"log_type":"user"}', '2024-12-15 14:52:08.484595+00', ''),
	('00000000-0000-0000-0000-000000000000', 'd220e7d8-e805-4f56-b91f-bab80335bb4f', '{"action":"login","actor_id":"dc91436a-cdf2-4bd2-8208-8b3443972808","actor_username":"lukasjanek99@gmail.com","actor_via_sso":false,"log_type":"account"}', '2024-12-15 14:52:42.484617+00', ''),
	('00000000-0000-0000-0000-000000000000', 'b2e6d71c-8f18-4553-81d9-879c146fdde7', '{"action":"user_modified","actor_id":"dc91436a-cdf2-4bd2-8208-8b3443972808","actor_username":"lukasjanek99@gmail.com","actor_via_sso":false,"log_type":"user"}', '2024-12-15 14:52:42.687411+00', ''),
	('00000000-0000-0000-0000-000000000000', '21106a9f-5de4-46e4-8b15-807278c7ccc8', '{"action":"token_refreshed","actor_id":"dc91436a-cdf2-4bd2-8208-8b3443972808","actor_username":"lukasjanek99@gmail.com","actor_via_sso":false,"log_type":"token"}', '2024-12-15 14:52:42.833752+00', ''),
	('00000000-0000-0000-0000-000000000000', '6ac03218-78a5-4ce4-8cd7-27b1ce513ca3', '{"action":"token_revoked","actor_id":"dc91436a-cdf2-4bd2-8208-8b3443972808","actor_username":"lukasjanek99@gmail.com","actor_via_sso":false,"log_type":"token"}', '2024-12-15 14:52:42.834235+00', ''),
	('00000000-0000-0000-0000-000000000000', 'a5175613-5acd-4f17-a942-321c71cf8270', '{"action":"user_modified","actor_id":"dc91436a-cdf2-4bd2-8208-8b3443972808","actor_username":"lukasjanek99@gmail.com","actor_via_sso":false,"log_type":"user"}', '2024-12-15 15:02:12.381346+00', ''),
	('00000000-0000-0000-0000-000000000000', 'a609f47c-4caa-4f72-a500-31662d31d860', '{"action":"token_refreshed","actor_id":"dc91436a-cdf2-4bd2-8208-8b3443972808","actor_username":"lukasjanek99@gmail.com","actor_via_sso":false,"log_type":"token"}', '2024-12-15 15:02:13.00111+00', ''),
	('00000000-0000-0000-0000-000000000000', '090a275a-3388-41c5-b617-ef551e9e201f', '{"action":"token_revoked","actor_id":"dc91436a-cdf2-4bd2-8208-8b3443972808","actor_username":"lukasjanek99@gmail.com","actor_via_sso":false,"log_type":"token"}', '2024-12-15 15:02:13.001523+00', ''),
	('00000000-0000-0000-0000-000000000000', '68b82800-583d-49f9-9340-6a08e4080231', '{"action":"token_refreshed","actor_id":"dc91436a-cdf2-4bd2-8208-8b3443972808","actor_username":"lukasjanek99@gmail.com","actor_via_sso":false,"log_type":"token"}', '2024-12-15 17:44:20.522388+00', ''),
	('00000000-0000-0000-0000-000000000000', 'f39f79ff-ee9b-4225-9115-b43f4d99bd34', '{"action":"token_revoked","actor_id":"dc91436a-cdf2-4bd2-8208-8b3443972808","actor_username":"lukasjanek99@gmail.com","actor_via_sso":false,"log_type":"token"}', '2024-12-15 17:44:20.523149+00', ''),
	('00000000-0000-0000-0000-000000000000', 'ad9c958e-6470-43de-8e96-036b4ba4f27d', '{"action":"token_refreshed","actor_id":"1d56fb23-62f4-462e-8c02-764c910075ab","actor_username":"48666978350","actor_via_sso":false,"log_type":"token"}', '2024-12-25 18:08:20.61052+00', ''),
	('00000000-0000-0000-0000-000000000000', 'cc4835c9-202a-4618-a498-265c5639c2d3', '{"action":"token_refreshed","actor_id":"1d56fb23-62f4-462e-8c02-764c910075ab","actor_username":"48666978350","actor_via_sso":false,"log_type":"token"}', '2024-12-15 19:21:56.221982+00', ''),
	('00000000-0000-0000-0000-000000000000', '0abe4515-2411-4fde-8ea9-623831631bd8', '{"action":"token_revoked","actor_id":"1d56fb23-62f4-462e-8c02-764c910075ab","actor_username":"48666978350","actor_via_sso":false,"log_type":"token"}', '2024-12-15 19:21:56.222921+00', ''),
	('00000000-0000-0000-0000-000000000000', '2b90d992-be5b-4e0f-bd19-3b09e13c9f2c', '{"action":"user_modified","actor_id":"1d56fb23-62f4-462e-8c02-764c910075ab","actor_username":"48666978350","actor_via_sso":false,"log_type":"user"}', '2024-12-15 19:21:56.642685+00', ''),
	('00000000-0000-0000-0000-000000000000', '362d20bb-b4fc-4da0-a600-c4f48afe86b2', '{"action":"token_refreshed","actor_id":"1d56fb23-62f4-462e-8c02-764c910075ab","actor_username":"48666978350","actor_via_sso":false,"log_type":"token"}', '2024-12-15 19:21:56.78564+00', ''),
	('00000000-0000-0000-0000-000000000000', '57d4ebca-51ac-418d-8738-764eeaad82b1', '{"action":"token_revoked","actor_id":"1d56fb23-62f4-462e-8c02-764c910075ab","actor_username":"48666978350","actor_via_sso":false,"log_type":"token"}', '2024-12-15 19:21:56.786177+00', ''),
	('00000000-0000-0000-0000-000000000000', 'e72b58db-9c35-4249-89da-8dd11a68c678', '{"action":"user_modified","actor_id":"1d56fb23-62f4-462e-8c02-764c910075ab","actor_username":"48666978350","actor_via_sso":false,"log_type":"user"}', '2024-12-15 19:37:49.791943+00', ''),
	('00000000-0000-0000-0000-000000000000', '425be201-ff8b-4c1c-9e79-fbd97133e1f6', '{"action":"token_revoked","actor_id":"1d56fb23-62f4-462e-8c02-764c910075ab","actor_username":"48666978350","actor_via_sso":false,"log_type":"token"}', '2024-12-25 18:08:20.611462+00', ''),
	('00000000-0000-0000-0000-000000000000', '01600a57-2e40-4d1a-ae42-0f7a14300e65', '{"action":"token_refreshed","actor_id":"1d56fb23-62f4-462e-8c02-764c910075ab","actor_username":"48666978350","actor_via_sso":false,"log_type":"token"}', '2024-12-15 19:37:49.978363+00', ''),
	('00000000-0000-0000-0000-000000000000', 'd891cb58-828f-4b55-b575-b466bae1af61', '{"action":"token_revoked","actor_id":"1d56fb23-62f4-462e-8c02-764c910075ab","actor_username":"48666978350","actor_via_sso":false,"log_type":"token"}', '2024-12-15 19:37:49.979042+00', ''),
	('00000000-0000-0000-0000-000000000000', 'b7170f93-e0f3-4d67-a5d4-87be90e31145', '{"action":"token_refreshed","actor_id":"dc91436a-cdf2-4bd2-8208-8b3443972808","actor_username":"lukasjanek99@gmail.com","actor_via_sso":false,"log_type":"token"}', '2024-12-15 19:46:42.34597+00', ''),
	('00000000-0000-0000-0000-000000000000', '09bbe045-d84e-4771-860f-fe8dce1a4778', '{"action":"token_revoked","actor_id":"dc91436a-cdf2-4bd2-8208-8b3443972808","actor_username":"lukasjanek99@gmail.com","actor_via_sso":false,"log_type":"token"}', '2024-12-15 19:46:42.346805+00', ''),
	('00000000-0000-0000-0000-000000000000', '2175f003-6572-426f-bc7c-53d9dbe4df9b', '{"action":"user_modified","actor_id":"1d56fb23-62f4-462e-8c02-764c910075ab","actor_username":"48666978350","actor_via_sso":false,"log_type":"user"}', '2024-12-15 19:48:52.881316+00', ''),
	('00000000-0000-0000-0000-000000000000', 'fc0d3f0c-7af0-41ad-9a86-a5e474d594a5', '{"action":"token_refreshed","actor_id":"1d56fb23-62f4-462e-8c02-764c910075ab","actor_username":"48666978350","actor_via_sso":false,"log_type":"token"}', '2024-12-15 19:48:53.057425+00', ''),
	('00000000-0000-0000-0000-000000000000', '9a757934-4823-475e-bc5e-bde3e6dd5f5e', '{"action":"token_revoked","actor_id":"1d56fb23-62f4-462e-8c02-764c910075ab","actor_username":"48666978350","actor_via_sso":false,"log_type":"token"}', '2024-12-15 19:48:53.058095+00', ''),
	('00000000-0000-0000-0000-000000000000', '390e4d3b-da68-4715-8d7f-e0211f5e94b1', '{"action":"user_modified","actor_id":"1d56fb23-62f4-462e-8c02-764c910075ab","actor_username":"48666978350","actor_via_sso":false,"log_type":"user"}', '2024-12-15 19:51:06.540981+00', ''),
	('00000000-0000-0000-0000-000000000000', '363bdd22-8da1-4912-b50c-d57a9581835e', '{"action":"token_refreshed","actor_id":"1d56fb23-62f4-462e-8c02-764c910075ab","actor_username":"48666978350","actor_via_sso":false,"log_type":"token"}', '2024-12-15 19:51:06.720776+00', ''),
	('00000000-0000-0000-0000-000000000000', 'd8235c69-5d1e-4297-9200-a1f4cec7f574', '{"action":"token_revoked","actor_id":"1d56fb23-62f4-462e-8c02-764c910075ab","actor_username":"48666978350","actor_via_sso":false,"log_type":"token"}', '2024-12-15 19:51:06.72119+00', ''),
	('00000000-0000-0000-0000-000000000000', 'dad58672-ab14-4e9c-a24c-3931e772e98e', '{"action":"user_modified","actor_id":"1d56fb23-62f4-462e-8c02-764c910075ab","actor_username":"48666978350","actor_via_sso":false,"log_type":"user"}', '2024-12-15 19:51:49.022473+00', ''),
	('00000000-0000-0000-0000-000000000000', 'e6f88ee1-ea02-4e6c-8070-1628c1083ff9', '{"action":"token_refreshed","actor_id":"1d56fb23-62f4-462e-8c02-764c910075ab","actor_username":"48666978350","actor_via_sso":false,"log_type":"token"}', '2024-12-15 19:51:49.202685+00', ''),
	('00000000-0000-0000-0000-000000000000', '5938d8a0-7708-42d1-b83a-6feebd2e2aeb', '{"action":"token_revoked","actor_id":"1d56fb23-62f4-462e-8c02-764c910075ab","actor_username":"48666978350","actor_via_sso":false,"log_type":"token"}', '2024-12-15 19:51:49.203133+00', ''),
	('00000000-0000-0000-0000-000000000000', '4045a6ab-3783-4a6b-a329-16cb01d42d21', '{"action":"token_refreshed","actor_id":"dc91436a-cdf2-4bd2-8208-8b3443972808","actor_username":"lukasjanek99@gmail.com","actor_via_sso":false,"log_type":"token"}', '2024-12-16 08:02:38.711666+00', ''),
	('00000000-0000-0000-0000-000000000000', '31e756b0-4673-4bcf-8b90-392977fd66d2', '{"action":"token_revoked","actor_id":"dc91436a-cdf2-4bd2-8208-8b3443972808","actor_username":"lukasjanek99@gmail.com","actor_via_sso":false,"log_type":"token"}', '2024-12-16 08:02:38.712728+00', ''),
	('00000000-0000-0000-0000-000000000000', '13f56217-b9f3-4528-8b34-ad77d6d2049d', '{"action":"user_recovery_requested","actor_id":"1d56fb23-62f4-462e-8c02-764c910075ab","actor_username":"48666978350","actor_via_sso":false,"log_type":"user","traits":{"channel":"sms"}}', '2024-12-16 11:52:04.56608+00', ''),
	('00000000-0000-0000-0000-000000000000', '4f85da80-3177-4304-87b8-2cea2fda1340', '{"action":"user_signedup","actor_id":"1d56fb23-62f4-462e-8c02-764c910075ab","actor_username":"48666978350","actor_via_sso":false,"log_type":"team"}', '2024-12-16 11:52:11.986387+00', ''),
	('00000000-0000-0000-0000-000000000000', '21822caf-03eb-4177-b4e7-8ae5f134d432', '{"action":"user_modified","actor_id":"1d56fb23-62f4-462e-8c02-764c910075ab","actor_username":"48666978350","actor_via_sso":false,"log_type":"user"}', '2024-12-16 11:52:12.790907+00', ''),
	('00000000-0000-0000-0000-000000000000', '3f91e104-6c84-4b1c-983c-d95d26b899a3', '{"action":"token_refreshed","actor_id":"1d56fb23-62f4-462e-8c02-764c910075ab","actor_username":"48666978350","actor_via_sso":false,"log_type":"token"}', '2024-12-16 11:52:13.48278+00', ''),
	('00000000-0000-0000-0000-000000000000', 'c0b8f4d8-0629-4706-814f-3b654fc0edbd', '{"action":"token_revoked","actor_id":"1d56fb23-62f4-462e-8c02-764c910075ab","actor_username":"48666978350","actor_via_sso":false,"log_type":"token"}', '2024-12-16 11:52:13.483797+00', ''),
	('00000000-0000-0000-0000-000000000000', 'd94222e4-332e-4ded-b540-8abf054642e2', '{"action":"logout","actor_id":"1d56fb23-62f4-462e-8c02-764c910075ab","actor_username":"48666978350","actor_via_sso":false,"log_type":"account"}', '2024-12-16 11:52:26.373601+00', ''),
	('00000000-0000-0000-0000-000000000000', '92c1d052-0b9f-486b-8220-3c38e3a76a53', '{"action":"user_recovery_requested","actor_id":"1d56fb23-62f4-462e-8c02-764c910075ab","actor_username":"48666978350","actor_via_sso":false,"log_type":"user","traits":{"channel":"sms"}}', '2024-12-16 12:01:54.89994+00', ''),
	('00000000-0000-0000-0000-000000000000', '1c6a1c44-50fc-47ef-88a4-32c5bbdfdbef', '{"action":"user_signedup","actor_id":"1d56fb23-62f4-462e-8c02-764c910075ab","actor_username":"48666978350","actor_via_sso":false,"log_type":"team"}', '2024-12-16 12:01:57.814578+00', ''),
	('00000000-0000-0000-0000-000000000000', '877a488b-bea8-463c-b40b-b49eb1877723', '{"action":"user_modified","actor_id":"1d56fb23-62f4-462e-8c02-764c910075ab","actor_username":"48666978350","actor_via_sso":false,"log_type":"user"}', '2024-12-16 12:01:59.053965+00', ''),
	('00000000-0000-0000-0000-000000000000', '4d14f45c-39f2-43d6-9cf1-66a8c2c9cc7e', '{"action":"token_refreshed","actor_id":"1d56fb23-62f4-462e-8c02-764c910075ab","actor_username":"48666978350","actor_via_sso":false,"log_type":"token"}', '2024-12-16 12:01:59.470227+00', ''),
	('00000000-0000-0000-0000-000000000000', '87d6201b-f426-498f-a97a-dfa7263e3ffe', '{"action":"token_revoked","actor_id":"1d56fb23-62f4-462e-8c02-764c910075ab","actor_username":"48666978350","actor_via_sso":false,"log_type":"token"}', '2024-12-16 12:01:59.470952+00', ''),
	('00000000-0000-0000-0000-000000000000', 'be928c71-edae-4447-81a1-c2528000e15d', '{"action":"user_modified","actor_id":"1d56fb23-62f4-462e-8c02-764c910075ab","actor_username":"48666978350","actor_via_sso":false,"log_type":"user"}', '2024-12-16 12:04:53.444471+00', ''),
	('00000000-0000-0000-0000-000000000000', 'd737b2d0-ecf9-40fd-906c-5f58912a8fa1', '{"action":"token_refreshed","actor_id":"1d56fb23-62f4-462e-8c02-764c910075ab","actor_username":"48666978350","actor_via_sso":false,"log_type":"token"}', '2024-12-16 12:04:53.886175+00', ''),
	('00000000-0000-0000-0000-000000000000', 'dbfcab37-2eee-4b82-9f00-95c1b73da3b6', '{"action":"token_revoked","actor_id":"1d56fb23-62f4-462e-8c02-764c910075ab","actor_username":"48666978350","actor_via_sso":false,"log_type":"token"}', '2024-12-16 12:04:53.886807+00', ''),
	('00000000-0000-0000-0000-000000000000', 'eab2d369-658a-4a7b-b68e-4e96d97cbbd0', '{"action":"logout","actor_id":"1d56fb23-62f4-462e-8c02-764c910075ab","actor_username":"48666978350","actor_via_sso":false,"log_type":"account"}', '2024-12-16 12:06:59.828622+00', ''),
	('00000000-0000-0000-0000-000000000000', '371758df-b652-49cc-a2f3-badd78733594', '{"action":"user_recovery_requested","actor_id":"1d56fb23-62f4-462e-8c02-764c910075ab","actor_username":"48666978350","actor_via_sso":false,"log_type":"user","traits":{"channel":"sms"}}', '2024-12-16 13:23:16.442474+00', ''),
	('00000000-0000-0000-0000-000000000000', 'be82a400-c80f-43ed-97ff-0bfa20f4ee7c', '{"action":"user_signedup","actor_id":"1d56fb23-62f4-462e-8c02-764c910075ab","actor_username":"48666978350","actor_via_sso":false,"log_type":"team"}', '2024-12-16 13:23:19.699822+00', ''),
	('00000000-0000-0000-0000-000000000000', '9b7bfbab-574b-485c-ac23-78d6f3e0b381', '{"action":"user_modified","actor_id":"1d56fb23-62f4-462e-8c02-764c910075ab","actor_username":"48666978350","actor_via_sso":false,"log_type":"user"}', '2024-12-16 13:23:20.080837+00', ''),
	('00000000-0000-0000-0000-000000000000', 'b7f0a0c2-a5bc-45c6-8804-f763a02986a7', '{"action":"token_refreshed","actor_id":"1d56fb23-62f4-462e-8c02-764c910075ab","actor_username":"48666978350","actor_via_sso":false,"log_type":"token"}', '2024-12-16 13:23:20.243477+00', ''),
	('00000000-0000-0000-0000-000000000000', '1b7fb67a-b6f2-42e0-b628-ade2a1cdd60d', '{"action":"token_revoked","actor_id":"1d56fb23-62f4-462e-8c02-764c910075ab","actor_username":"48666978350","actor_via_sso":false,"log_type":"token"}', '2024-12-16 13:23:20.243883+00', ''),
	('00000000-0000-0000-0000-000000000000', '554489d6-a8c7-4006-ae64-d60b7a966074', '{"action":"user_modified","actor_id":"1d56fb23-62f4-462e-8c02-764c910075ab","actor_username":"48666978350","actor_via_sso":false,"log_type":"user"}', '2024-12-25 18:08:40.462304+00', ''),
	('00000000-0000-0000-0000-000000000000', '0807c53c-6fc9-4fc1-a101-a216a51570eb', '{"action":"token_refreshed","actor_id":"1d56fb23-62f4-462e-8c02-764c910075ab","actor_username":"48666978350","actor_via_sso":false,"log_type":"token"}', '2024-12-25 18:08:40.617926+00', ''),
	('00000000-0000-0000-0000-000000000000', 'dc9b095a-6046-40e7-8b88-8471442dfa61', '{"action":"token_revoked","actor_id":"1d56fb23-62f4-462e-8c02-764c910075ab","actor_username":"48666978350","actor_via_sso":false,"log_type":"token"}', '2024-12-25 18:08:40.618529+00', ''),
	('00000000-0000-0000-0000-000000000000', '14991f51-35b0-42d9-819a-4539f24bbf30', '{"action":"user_modified","actor_id":"1d56fb23-62f4-462e-8c02-764c910075ab","actor_username":"48666978350","actor_via_sso":false,"log_type":"user"}', '2024-12-25 18:08:56.66815+00', ''),
	('00000000-0000-0000-0000-000000000000', 'd4b4e5d1-f4ed-46a7-98ee-764ad5ebc653', '{"action":"token_refreshed","actor_id":"1d56fb23-62f4-462e-8c02-764c910075ab","actor_username":"48666978350","actor_via_sso":false,"log_type":"token"}', '2024-12-25 18:08:56.814177+00', ''),
	('00000000-0000-0000-0000-000000000000', '6f2ad4bf-3b04-4545-8fe6-b94f52d1f9dd', '{"action":"token_revoked","actor_id":"1d56fb23-62f4-462e-8c02-764c910075ab","actor_username":"48666978350","actor_via_sso":false,"log_type":"token"}', '2024-12-25 18:08:56.820062+00', ''),
	('00000000-0000-0000-0000-000000000000', '6fbd453f-6e03-4aff-9cc4-b5fb018a63b0', '{"action":"user_modified","actor_id":"1d56fb23-62f4-462e-8c02-764c910075ab","actor_username":"48666978350","actor_via_sso":false,"log_type":"user"}', '2024-12-25 18:09:14.129481+00', ''),
	('00000000-0000-0000-0000-000000000000', '4b7c0aa3-6592-4cea-8bc9-1a5814e0a275', '{"action":"token_refreshed","actor_id":"1d56fb23-62f4-462e-8c02-764c910075ab","actor_username":"48666978350","actor_via_sso":false,"log_type":"token"}', '2024-12-25 18:09:14.291329+00', ''),
	('00000000-0000-0000-0000-000000000000', '3400dbe4-fa7a-4dbc-96ba-ba1c06b468e1', '{"action":"token_revoked","actor_id":"1d56fb23-62f4-462e-8c02-764c910075ab","actor_username":"48666978350","actor_via_sso":false,"log_type":"token"}', '2024-12-25 18:09:14.291798+00', ''),
	('00000000-0000-0000-0000-000000000000', 'cc1d5ad6-c3ae-4c5b-90f1-519748304c0c', '{"action":"user_modified","actor_id":"1d56fb23-62f4-462e-8c02-764c910075ab","actor_username":"48666978350","actor_via_sso":false,"log_type":"user"}', '2024-12-25 18:09:55.134472+00', ''),
	('00000000-0000-0000-0000-000000000000', '979eda00-2fdb-483d-bdf5-2a9cf6de9c9a', '{"action":"token_refreshed","actor_id":"1d56fb23-62f4-462e-8c02-764c910075ab","actor_username":"48666978350","actor_via_sso":false,"log_type":"token"}', '2024-12-25 18:09:55.298442+00', ''),
	('00000000-0000-0000-0000-000000000000', '9e6e21d7-d546-464f-a2c2-01ac9a129ed3', '{"action":"token_revoked","actor_id":"1d56fb23-62f4-462e-8c02-764c910075ab","actor_username":"48666978350","actor_via_sso":false,"log_type":"token"}', '2024-12-25 18:09:55.299107+00', ''),
	('00000000-0000-0000-0000-000000000000', '0f2d04ab-d5af-46d7-adc6-90b930154067', '{"action":"user_modified","actor_id":"1d56fb23-62f4-462e-8c02-764c910075ab","actor_username":"48666978350","actor_via_sso":false,"log_type":"user"}', '2024-12-25 18:10:14.942164+00', ''),
	('00000000-0000-0000-0000-000000000000', 'de0ada77-f507-4113-b991-57138398676b', '{"action":"token_refreshed","actor_id":"1d56fb23-62f4-462e-8c02-764c910075ab","actor_username":"48666978350","actor_via_sso":false,"log_type":"token"}', '2024-12-25 18:10:15.125772+00', ''),
	('00000000-0000-0000-0000-000000000000', '72813d59-401f-4590-a135-6e30cb120a43', '{"action":"token_revoked","actor_id":"1d56fb23-62f4-462e-8c02-764c910075ab","actor_username":"48666978350","actor_via_sso":false,"log_type":"token"}', '2024-12-25 18:10:15.126355+00', ''),
	('00000000-0000-0000-0000-000000000000', 'fdf1a564-d7e9-4135-b72a-fd1dab17a085', '{"action":"user_modified","actor_id":"1d56fb23-62f4-462e-8c02-764c910075ab","actor_username":"48666978350","actor_via_sso":false,"log_type":"user"}', '2024-12-25 18:10:41.441449+00', ''),
	('00000000-0000-0000-0000-000000000000', '67244242-f105-45bf-992c-5f70d4a50fd3', '{"action":"token_refreshed","actor_id":"1d56fb23-62f4-462e-8c02-764c910075ab","actor_username":"48666978350","actor_via_sso":false,"log_type":"token"}', '2024-12-25 18:10:41.584797+00', ''),
	('00000000-0000-0000-0000-000000000000', 'e2f22c15-acfa-4930-8cc2-38d18dc8e546', '{"action":"token_refreshed","actor_id":"1d56fb23-62f4-462e-8c02-764c910075ab","actor_username":"48666978350","actor_via_sso":false,"log_type":"token"}', '2024-12-16 14:07:36.064352+00', ''),
	('00000000-0000-0000-0000-000000000000', '9ef38971-8cb4-4fd2-80f1-284c16c5404f', '{"action":"token_revoked","actor_id":"1d56fb23-62f4-462e-8c02-764c910075ab","actor_username":"48666978350","actor_via_sso":false,"log_type":"token"}', '2024-12-16 14:07:36.065329+00', ''),
	('00000000-0000-0000-0000-000000000000', 'b14e0348-2763-4be4-89d0-11ad24db3117', '{"action":"user_modified","actor_id":"1d56fb23-62f4-462e-8c02-764c910075ab","actor_username":"48666978350","actor_via_sso":false,"log_type":"user"}', '2024-12-16 14:07:36.252994+00', ''),
	('00000000-0000-0000-0000-000000000000', 'efa9702f-f67a-4de8-b750-444a6f564997', '{"action":"token_refreshed","actor_id":"1d56fb23-62f4-462e-8c02-764c910075ab","actor_username":"48666978350","actor_via_sso":false,"log_type":"token"}', '2024-12-16 14:07:36.396512+00', ''),
	('00000000-0000-0000-0000-000000000000', '01b7abeb-4945-4e37-b717-3f982795fc52', '{"action":"token_revoked","actor_id":"1d56fb23-62f4-462e-8c02-764c910075ab","actor_username":"48666978350","actor_via_sso":false,"log_type":"token"}', '2024-12-16 14:07:36.397091+00', ''),
	('00000000-0000-0000-0000-000000000000', 'dce0b062-3b76-4dbe-9106-8b4765ead61e', '{"action":"user_modified","actor_id":"1d56fb23-62f4-462e-8c02-764c910075ab","actor_username":"48666978350","actor_via_sso":false,"log_type":"user"}', '2024-12-16 14:21:42.582005+00', ''),
	('00000000-0000-0000-0000-000000000000', '95b955c5-675e-439e-92cd-564d30ea1e74', '{"action":"token_refreshed","actor_id":"1d56fb23-62f4-462e-8c02-764c910075ab","actor_username":"48666978350","actor_via_sso":false,"log_type":"token"}', '2024-12-16 14:21:42.826745+00', ''),
	('00000000-0000-0000-0000-000000000000', 'f8f082c5-9505-46f7-ad2b-33ff729cddca', '{"action":"token_revoked","actor_id":"1d56fb23-62f4-462e-8c02-764c910075ab","actor_username":"48666978350","actor_via_sso":false,"log_type":"token"}', '2024-12-16 14:21:42.827332+00', ''),
	('00000000-0000-0000-0000-000000000000', 'f68d1aed-3ae2-4a4a-b0f1-b48a890c87a4', '{"action":"user_modified","actor_id":"1d56fb23-62f4-462e-8c02-764c910075ab","actor_username":"48666978350","actor_via_sso":false,"log_type":"user"}', '2024-12-16 14:22:29.462549+00', ''),
	('00000000-0000-0000-0000-000000000000', 'c37f06a4-9cd2-4c56-bf8b-7e5de3802d72', '{"action":"token_refreshed","actor_id":"1d56fb23-62f4-462e-8c02-764c910075ab","actor_username":"48666978350","actor_via_sso":false,"log_type":"token"}', '2024-12-16 14:22:29.80497+00', ''),
	('00000000-0000-0000-0000-000000000000', '184e9424-45b2-4ded-9a85-a0d72796d8ef', '{"action":"token_revoked","actor_id":"1d56fb23-62f4-462e-8c02-764c910075ab","actor_username":"48666978350","actor_via_sso":false,"log_type":"token"}', '2024-12-16 14:22:29.805417+00', ''),
	('00000000-0000-0000-0000-000000000000', '3a38b301-eb37-4d90-a98b-f48ecbb5c018', '{"action":"user_modified","actor_id":"1d56fb23-62f4-462e-8c02-764c910075ab","actor_username":"48666978350","actor_via_sso":false,"log_type":"user"}', '2024-12-16 14:23:08.121155+00', ''),
	('00000000-0000-0000-0000-000000000000', '5a937cb3-4753-470b-974f-5a0db6f36b1b', '{"action":"token_refreshed","actor_id":"1d56fb23-62f4-462e-8c02-764c910075ab","actor_username":"48666978350","actor_via_sso":false,"log_type":"token"}', '2024-12-16 14:23:08.406756+00', ''),
	('00000000-0000-0000-0000-000000000000', 'd8a0cc2a-5c0c-482a-b2cb-f13f6155c00b', '{"action":"token_revoked","actor_id":"1d56fb23-62f4-462e-8c02-764c910075ab","actor_username":"48666978350","actor_via_sso":false,"log_type":"token"}', '2024-12-16 14:23:08.407198+00', ''),
	('00000000-0000-0000-0000-000000000000', '9add272a-747b-4a41-9063-0d4f4496b21b', '{"action":"token_revoked","actor_id":"1d56fb23-62f4-462e-8c02-764c910075ab","actor_username":"48666978350","actor_via_sso":false,"log_type":"token"}', '2024-12-25 18:10:41.585257+00', ''),
	('00000000-0000-0000-0000-000000000000', '6175a02c-20a0-45d4-b009-c4073bf793ff', '{"action":"user_recovery_requested","actor_id":"1d56fb23-62f4-462e-8c02-764c910075ab","actor_username":"48666978350","actor_via_sso":false,"log_type":"user","traits":{"channel":"sms"}}', '2024-12-25 18:56:10.592849+00', ''),
	('00000000-0000-0000-0000-000000000000', 'eae49669-9e87-4c76-98c3-7c424baa10c1', '{"action":"user_signedup","actor_id":"1d56fb23-62f4-462e-8c02-764c910075ab","actor_username":"48666978350","actor_via_sso":false,"log_type":"team"}', '2024-12-25 18:56:13.99466+00', ''),
	('00000000-0000-0000-0000-000000000000', '2e614215-d34c-445e-b019-9131e42d4c28', '{"action":"user_modified","actor_id":"1d56fb23-62f4-462e-8c02-764c910075ab","actor_username":"48666978350","actor_via_sso":false,"log_type":"user"}', '2024-12-16 14:23:23.889929+00', ''),
	('00000000-0000-0000-0000-000000000000', '2bf1d113-c6d7-41c9-ac8a-b1f9d76b8536', '{"action":"token_refreshed","actor_id":"1d56fb23-62f4-462e-8c02-764c910075ab","actor_username":"48666978350","actor_via_sso":false,"log_type":"token"}', '2024-12-16 14:23:24.153596+00', ''),
	('00000000-0000-0000-0000-000000000000', '1e20a79c-4f06-4099-9fd7-59dfc5470d11', '{"action":"token_revoked","actor_id":"1d56fb23-62f4-462e-8c02-764c910075ab","actor_username":"48666978350","actor_via_sso":false,"log_type":"token"}', '2024-12-16 14:23:24.154045+00', ''),
	('00000000-0000-0000-0000-000000000000', 'a3885b52-84f8-45f4-9226-cfe3d7d73f35', '{"action":"user_modified","actor_id":"1d56fb23-62f4-462e-8c02-764c910075ab","actor_username":"48666978350","actor_via_sso":false,"log_type":"user"}', '2024-12-16 14:25:18.150023+00', ''),
	('00000000-0000-0000-0000-000000000000', 'f7066af7-904b-4efd-9e16-40b42bd260f9', '{"action":"token_refreshed","actor_id":"1d56fb23-62f4-462e-8c02-764c910075ab","actor_username":"48666978350","actor_via_sso":false,"log_type":"token"}', '2024-12-16 14:25:18.414633+00', ''),
	('00000000-0000-0000-0000-000000000000', 'b3c13ec7-17d3-4521-b1e3-7fb97cf5f395', '{"action":"token_revoked","actor_id":"1d56fb23-62f4-462e-8c02-764c910075ab","actor_username":"48666978350","actor_via_sso":false,"log_type":"token"}', '2024-12-16 14:25:18.415202+00', ''),
	('00000000-0000-0000-0000-000000000000', 'd7a76afb-42c2-4c76-bcba-1c80dd9d6757', '{"action":"user_modified","actor_id":"1d56fb23-62f4-462e-8c02-764c910075ab","actor_username":"48666978350","actor_via_sso":false,"log_type":"user"}', '2024-12-16 14:29:25.014278+00', ''),
	('00000000-0000-0000-0000-000000000000', '8b634f38-d48e-4214-8abc-3fc53d6736f5', '{"action":"token_refreshed","actor_id":"1d56fb23-62f4-462e-8c02-764c910075ab","actor_username":"48666978350","actor_via_sso":false,"log_type":"token"}', '2024-12-16 14:29:25.199019+00', ''),
	('00000000-0000-0000-0000-000000000000', '0944e8cf-6e86-466a-899e-a604ee1ac24e', '{"action":"token_revoked","actor_id":"1d56fb23-62f4-462e-8c02-764c910075ab","actor_username":"48666978350","actor_via_sso":false,"log_type":"token"}', '2024-12-16 14:29:25.199524+00', ''),
	('00000000-0000-0000-0000-000000000000', '442b7cbb-d2b9-4e81-b621-55d88ab2d978', '{"action":"user_modified","actor_id":"1d56fb23-62f4-462e-8c02-764c910075ab","actor_username":"48666978350","actor_via_sso":false,"log_type":"user"}', '2024-12-16 14:38:42.867834+00', ''),
	('00000000-0000-0000-0000-000000000000', '391b5696-f823-404d-9307-0d0a1f96cc4f', '{"action":"token_refreshed","actor_id":"1d56fb23-62f4-462e-8c02-764c910075ab","actor_username":"48666978350","actor_via_sso":false,"log_type":"token"}', '2024-12-16 14:38:43.029781+00', ''),
	('00000000-0000-0000-0000-000000000000', '30c49368-bbc7-4cbc-94b0-f73b9c7e33e7', '{"action":"token_revoked","actor_id":"1d56fb23-62f4-462e-8c02-764c910075ab","actor_username":"48666978350","actor_via_sso":false,"log_type":"token"}', '2024-12-16 14:38:43.030402+00', ''),
	('00000000-0000-0000-0000-000000000000', '1e552e1d-e363-40b5-8401-c4efa7870016', '{"action":"user_modified","actor_id":"1d56fb23-62f4-462e-8c02-764c910075ab","actor_username":"48666978350","actor_via_sso":false,"log_type":"user"}', '2024-12-16 14:38:52.125107+00', ''),
	('00000000-0000-0000-0000-000000000000', '19e2a7db-2394-4181-adba-9b6789f7063e', '{"action":"token_refreshed","actor_id":"1d56fb23-62f4-462e-8c02-764c910075ab","actor_username":"48666978350","actor_via_sso":false,"log_type":"token"}', '2024-12-16 14:38:52.286511+00', ''),
	('00000000-0000-0000-0000-000000000000', '18b369d0-2440-4fb2-ab57-20c3cb0092fb', '{"action":"token_revoked","actor_id":"1d56fb23-62f4-462e-8c02-764c910075ab","actor_username":"48666978350","actor_via_sso":false,"log_type":"token"}', '2024-12-16 14:38:52.287168+00', ''),
	('00000000-0000-0000-0000-000000000000', '12d1a6c5-7392-4bf0-9327-21f88f6f0230', '{"action":"user_modified","actor_id":"1d56fb23-62f4-462e-8c02-764c910075ab","actor_username":"48666978350","actor_via_sso":false,"log_type":"user"}', '2024-12-16 14:39:12.887041+00', ''),
	('00000000-0000-0000-0000-000000000000', 'd174d7f5-a9a1-41c8-9058-59e94e319a8b', '{"action":"token_refreshed","actor_id":"1d56fb23-62f4-462e-8c02-764c910075ab","actor_username":"48666978350","actor_via_sso":false,"log_type":"token"}', '2024-12-16 14:39:13.100449+00', ''),
	('00000000-0000-0000-0000-000000000000', '5889e405-c183-4c5a-b20a-2f16ed76b7c3', '{"action":"token_revoked","actor_id":"1d56fb23-62f4-462e-8c02-764c910075ab","actor_username":"48666978350","actor_via_sso":false,"log_type":"token"}', '2024-12-16 14:39:13.101076+00', ''),
	('00000000-0000-0000-0000-000000000000', 'a226383e-4259-4ec9-ab1a-e709093cf5db', '{"action":"user_modified","actor_id":"1d56fb23-62f4-462e-8c02-764c910075ab","actor_username":"48666978350","actor_via_sso":false,"log_type":"user"}', '2024-12-16 14:39:30.276391+00', ''),
	('00000000-0000-0000-0000-000000000000', 'e903b48b-d1da-4cc0-938b-bed627eb2969', '{"action":"token_refreshed","actor_id":"1d56fb23-62f4-462e-8c02-764c910075ab","actor_username":"48666978350","actor_via_sso":false,"log_type":"token"}', '2024-12-16 14:39:30.492074+00', ''),
	('00000000-0000-0000-0000-000000000000', '0fff901b-5758-4ea8-9c12-9cd376fbf6e9', '{"action":"token_revoked","actor_id":"1d56fb23-62f4-462e-8c02-764c910075ab","actor_username":"48666978350","actor_via_sso":false,"log_type":"token"}', '2024-12-16 14:39:30.492607+00', ''),
	('00000000-0000-0000-0000-000000000000', 'afa971a6-16fb-4c01-b5c8-26156c0ee08f', '{"action":"user_modified","actor_id":"1d56fb23-62f4-462e-8c02-764c910075ab","actor_username":"48666978350","actor_via_sso":false,"log_type":"user"}', '2024-12-25 18:16:13.228786+00', ''),
	('00000000-0000-0000-0000-000000000000', 'dc466b59-9015-420a-9ec0-3954a2495dcf', '{"action":"token_refreshed","actor_id":"1d56fb23-62f4-462e-8c02-764c910075ab","actor_username":"48666978350","actor_via_sso":false,"log_type":"token"}', '2024-12-25 18:16:13.392341+00', ''),
	('00000000-0000-0000-0000-000000000000', '2c1f9387-ce55-4efd-a2ca-1a79ca3c7d67', '{"action":"token_revoked","actor_id":"1d56fb23-62f4-462e-8c02-764c910075ab","actor_username":"48666978350","actor_via_sso":false,"log_type":"token"}', '2024-12-25 18:16:13.392766+00', ''),
	('00000000-0000-0000-0000-000000000000', 'de892c95-788f-4cf5-bf18-7c9a0b18aea7', '{"action":"user_modified","actor_id":"1d56fb23-62f4-462e-8c02-764c910075ab","actor_username":"48666978350","actor_via_sso":false,"log_type":"user"}', '2024-12-25 18:16:55.245649+00', ''),
	('00000000-0000-0000-0000-000000000000', '1a978714-1cb4-4f9e-977b-9a96a5fab285', '{"action":"token_refreshed","actor_id":"1d56fb23-62f4-462e-8c02-764c910075ab","actor_username":"48666978350","actor_via_sso":false,"log_type":"token"}', '2024-12-25 18:16:55.386517+00', ''),
	('00000000-0000-0000-0000-000000000000', '412c9c36-0f24-4d74-a4bd-038d56d24db0', '{"action":"token_revoked","actor_id":"1d56fb23-62f4-462e-8c02-764c910075ab","actor_username":"48666978350","actor_via_sso":false,"log_type":"token"}', '2024-12-25 18:16:55.387067+00', ''),
	('00000000-0000-0000-0000-000000000000', '5d98fff7-ef15-4c05-8a0c-f5696329ed5e', '{"action":"user_modified","actor_id":"1d56fb23-62f4-462e-8c02-764c910075ab","actor_username":"48666978350","actor_via_sso":false,"log_type":"user"}', '2024-12-25 18:56:14.268306+00', ''),
	('00000000-0000-0000-0000-000000000000', '777234e4-ea53-4533-b1d0-d2d299c3ce76', '{"action":"token_refreshed","actor_id":"1d56fb23-62f4-462e-8c02-764c910075ab","actor_username":"48666978350","actor_via_sso":false,"log_type":"token"}', '2024-12-25 18:56:14.497538+00', ''),
	('00000000-0000-0000-0000-000000000000', 'a0d8b8a7-a771-4cb4-9e8d-56b5a8808747', '{"action":"token_revoked","actor_id":"1d56fb23-62f4-462e-8c02-764c910075ab","actor_username":"48666978350","actor_via_sso":false,"log_type":"token"}', '2024-12-25 18:56:14.498207+00', ''),
	('00000000-0000-0000-0000-000000000000', '7665e681-b05e-4f22-881c-2c6c28db05bb', '{"action":"logout","actor_id":"1d56fb23-62f4-462e-8c02-764c910075ab","actor_username":"48666978350","actor_via_sso":false,"log_type":"account"}', '2024-12-25 18:56:36.82738+00', ''),
	('00000000-0000-0000-0000-000000000000', '3891d85d-08f8-4a51-8f34-99e22de8917b', '{"action":"token_refreshed","actor_id":"dc91436a-cdf2-4bd2-8208-8b3443972808","actor_username":"lukasjanek99@gmail.com","actor_via_sso":false,"log_type":"token"}', '2024-12-25 18:23:09.835847+00', ''),
	('00000000-0000-0000-0000-000000000000', '59fce677-c456-4fac-aec0-a13efe424c8e', '{"action":"token_revoked","actor_id":"dc91436a-cdf2-4bd2-8208-8b3443972808","actor_username":"lukasjanek99@gmail.com","actor_via_sso":false,"log_type":"token"}', '2024-12-25 18:23:09.836865+00', ''),
	('00000000-0000-0000-0000-000000000000', 'ec777ce4-611d-49bf-929c-2c1de3450eb0', '{"action":"token_refreshed","actor_id":"dc91436a-cdf2-4bd2-8208-8b3443972808","actor_username":"lukasjanek99@gmail.com","actor_via_sso":false,"log_type":"token"}', '2024-12-16 20:07:03.696491+00', ''),
	('00000000-0000-0000-0000-000000000000', 'b8646939-88d1-4383-a47c-ebe5e007445d', '{"action":"token_revoked","actor_id":"dc91436a-cdf2-4bd2-8208-8b3443972808","actor_username":"lukasjanek99@gmail.com","actor_via_sso":false,"log_type":"token"}', '2024-12-16 20:07:03.697187+00', ''),
	('00000000-0000-0000-0000-000000000000', 'd9839b6e-6aa2-4eb9-8be1-7d1d4af9aac6', '{"action":"token_refreshed","actor_id":"dc91436a-cdf2-4bd2-8208-8b3443972808","actor_username":"lukasjanek99@gmail.com","actor_via_sso":false,"log_type":"token"}', '2024-12-17 07:12:20.825616+00', ''),
	('00000000-0000-0000-0000-000000000000', 'ef2b1131-d1fb-4323-8fe0-e27857aa7dc3', '{"action":"token_revoked","actor_id":"dc91436a-cdf2-4bd2-8208-8b3443972808","actor_username":"lukasjanek99@gmail.com","actor_via_sso":false,"log_type":"token"}', '2024-12-17 07:12:20.82662+00', ''),
	('00000000-0000-0000-0000-000000000000', '7fd5053c-97b0-4ce7-8865-397839ba3953', '{"action":"token_refreshed","actor_id":"1d56fb23-62f4-462e-8c02-764c910075ab","actor_username":"48666978350","actor_via_sso":false,"log_type":"token"}', '2024-12-17 07:55:48.629548+00', ''),
	('00000000-0000-0000-0000-000000000000', 'cc46a29d-bd14-46e9-87b0-b625167262aa', '{"action":"token_revoked","actor_id":"1d56fb23-62f4-462e-8c02-764c910075ab","actor_username":"48666978350","actor_via_sso":false,"log_type":"token"}', '2024-12-17 07:55:48.630298+00', ''),
	('00000000-0000-0000-0000-000000000000', '2a98288d-1872-4dce-83eb-56f35a5279c2', '{"action":"user_modified","actor_id":"1d56fb23-62f4-462e-8c02-764c910075ab","actor_username":"48666978350","actor_via_sso":false,"log_type":"user"}', '2024-12-17 07:56:44.316871+00', ''),
	('00000000-0000-0000-0000-000000000000', 'c58f81d1-2d64-4724-bce5-9bb970bbcaf8', '{"action":"user_modified","actor_id":"1d56fb23-62f4-462e-8c02-764c910075ab","actor_username":"48666978350","actor_via_sso":false,"log_type":"user"}', '2024-12-17 07:56:58.471218+00', ''),
	('00000000-0000-0000-0000-000000000000', 'd4d72b18-345e-4b60-b897-8b42077bc4d7', '{"action":"token_refreshed","actor_id":"1d56fb23-62f4-462e-8c02-764c910075ab","actor_username":"48666978350","actor_via_sso":false,"log_type":"token"}', '2024-12-17 07:57:02.345635+00', ''),
	('00000000-0000-0000-0000-000000000000', 'a8ba4bd4-9c68-411a-bed7-df788b8c274b', '{"action":"token_revoked","actor_id":"1d56fb23-62f4-462e-8c02-764c910075ab","actor_username":"48666978350","actor_via_sso":false,"log_type":"token"}', '2024-12-17 07:57:02.346302+00', ''),
	('00000000-0000-0000-0000-000000000000', '4a298e11-5d53-4369-9dee-6bc4063e27b2', '{"action":"user_modified","actor_id":"1d56fb23-62f4-462e-8c02-764c910075ab","actor_username":"48666978350","actor_via_sso":false,"log_type":"user"}', '2024-12-25 19:35:04.873568+00', ''),
	('00000000-0000-0000-0000-000000000000', '336a0a0a-b287-4b3f-871e-2fd85264cc54', '{"action":"token_refreshed","actor_id":"1d56fb23-62f4-462e-8c02-764c910075ab","actor_username":"48666978350","actor_via_sso":false,"log_type":"token"}', '2024-12-25 19:35:05.048324+00', ''),
	('00000000-0000-0000-0000-000000000000', '52f01d77-fb23-42bb-936a-5a9f8707d0c4', '{"action":"token_revoked","actor_id":"1d56fb23-62f4-462e-8c02-764c910075ab","actor_username":"48666978350","actor_via_sso":false,"log_type":"token"}', '2024-12-25 19:35:05.048866+00', ''),
	('00000000-0000-0000-0000-000000000000', 'd187c7e3-7d49-4af3-83d0-973419f4626a', '{"action":"token_refreshed","actor_id":"1d56fb23-62f4-462e-8c02-764c910075ab","actor_username":"48666978350","actor_via_sso":false,"log_type":"token"}', '2024-12-26 08:53:18.216176+00', ''),
	('00000000-0000-0000-0000-000000000000', '74b4125b-2b9f-4708-b065-d48923f38a1b', '{"action":"token_revoked","actor_id":"1d56fb23-62f4-462e-8c02-764c910075ab","actor_username":"48666978350","actor_via_sso":false,"log_type":"token"}', '2024-12-26 08:53:18.217065+00', ''),
	('00000000-0000-0000-0000-000000000000', '2b3e14f4-4d3d-4a6b-a7ce-eb7220cd7deb', '{"action":"user_modified","actor_id":"1d56fb23-62f4-462e-8c02-764c910075ab","actor_username":"48666978350","actor_via_sso":false,"log_type":"user"}', '2024-12-26 08:53:20.799003+00', ''),
	('00000000-0000-0000-0000-000000000000', '7b03ea55-9950-4792-8052-5605dae9619a', '{"action":"token_refreshed","actor_id":"1d56fb23-62f4-462e-8c02-764c910075ab","actor_username":"48666978350","actor_via_sso":false,"log_type":"token"}', '2024-12-26 08:53:20.930194+00', ''),
	('00000000-0000-0000-0000-000000000000', 'a41ec99d-e27d-43f5-b0ce-10095ab44a57', '{"action":"token_revoked","actor_id":"1d56fb23-62f4-462e-8c02-764c910075ab","actor_username":"48666978350","actor_via_sso":false,"log_type":"token"}', '2024-12-26 08:53:20.930638+00', ''),
	('00000000-0000-0000-0000-000000000000', '48fa6d1e-2ebd-4bed-a2c0-4115b9f1ab2a', '{"action":"user_modified","actor_id":"1d56fb23-62f4-462e-8c02-764c910075ab","actor_username":"48666978350","actor_via_sso":false,"log_type":"user"}', '2024-12-25 18:27:00.124179+00', ''),
	('00000000-0000-0000-0000-000000000000', '5afcc5e0-bbee-4ea0-9d4a-3dab152d3119', '{"action":"token_refreshed","actor_id":"1d56fb23-62f4-462e-8c02-764c910075ab","actor_username":"48666978350","actor_via_sso":false,"log_type":"token"}', '2024-12-25 18:27:00.293738+00', ''),
	('00000000-0000-0000-0000-000000000000', 'cd171d51-aa79-434a-99aa-fe204a7b47b9', '{"action":"token_revoked","actor_id":"1d56fb23-62f4-462e-8c02-764c910075ab","actor_username":"48666978350","actor_via_sso":false,"log_type":"token"}', '2024-12-25 18:27:00.294254+00', ''),
	('00000000-0000-0000-0000-000000000000', '61dd8ba9-5960-4d97-8c11-b03e137ae2cf', '{"action":"user_modified","actor_id":"1d56fb23-62f4-462e-8c02-764c910075ab","actor_username":"48666978350","actor_via_sso":false,"log_type":"user"}', '2024-12-25 18:28:00.168873+00', ''),
	('00000000-0000-0000-0000-000000000000', 'de8b89ea-0c04-4ea4-8ce5-73390f06f230', '{"action":"token_refreshed","actor_id":"1d56fb23-62f4-462e-8c02-764c910075ab","actor_username":"48666978350","actor_via_sso":false,"log_type":"token"}', '2024-12-25 18:28:00.334273+00', ''),
	('00000000-0000-0000-0000-000000000000', '4e7fec2d-51a8-4bde-87b3-b97510fb4c48', '{"action":"token_revoked","actor_id":"1d56fb23-62f4-462e-8c02-764c910075ab","actor_username":"48666978350","actor_via_sso":false,"log_type":"token"}', '2024-12-25 18:28:00.33472+00', ''),
	('00000000-0000-0000-0000-000000000000', 'e60edb24-1acb-4755-bb45-c550830bb642', '{"action":"token_refreshed","actor_id":"dc91436a-cdf2-4bd2-8208-8b3443972808","actor_username":"lukasjanek99@gmail.com","actor_via_sso":false,"log_type":"token"}', '2024-12-17 08:26:00.282512+00', ''),
	('00000000-0000-0000-0000-000000000000', 'a2c1bc2e-e90a-448e-be13-21b4cb1a414e', '{"action":"token_revoked","actor_id":"dc91436a-cdf2-4bd2-8208-8b3443972808","actor_username":"lukasjanek99@gmail.com","actor_via_sso":false,"log_type":"token"}', '2024-12-17 08:26:00.283367+00', ''),
	('00000000-0000-0000-0000-000000000000', 'bba3963b-095d-47a2-aa2a-35c0585269eb', '{"action":"user_modified","actor_id":"1d56fb23-62f4-462e-8c02-764c910075ab","actor_username":"48666978350","actor_via_sso":false,"log_type":"user"}', '2024-12-26 09:32:51.834217+00', ''),
	('00000000-0000-0000-0000-000000000000', '8e829b71-767c-4a83-bfd7-005dddd3f491', '{"action":"token_refreshed","actor_id":"1d56fb23-62f4-462e-8c02-764c910075ab","actor_username":"48666978350","actor_via_sso":false,"log_type":"token"}', '2024-12-26 09:32:51.96586+00', ''),
	('00000000-0000-0000-0000-000000000000', 'cc0f4581-a765-4a91-a6cf-8245d1ecab76', '{"action":"token_revoked","actor_id":"1d56fb23-62f4-462e-8c02-764c910075ab","actor_username":"48666978350","actor_via_sso":false,"log_type":"token"}', '2024-12-26 09:32:51.966352+00', ''),
	('00000000-0000-0000-0000-000000000000', '6bd26b78-a569-41ab-8c4c-de5cba29f3a5', '{"action":"user_modified","actor_id":"1d56fb23-62f4-462e-8c02-764c910075ab","actor_username":"48666978350","actor_via_sso":false,"log_type":"user"}', '2024-12-26 09:33:09.910044+00', ''),
	('00000000-0000-0000-0000-000000000000', '2505dfd2-dae4-4aed-bf2f-bec5e0eec572', '{"action":"token_refreshed","actor_id":"1d56fb23-62f4-462e-8c02-764c910075ab","actor_username":"48666978350","actor_via_sso":false,"log_type":"token"}', '2024-12-26 09:33:10.031853+00', ''),
	('00000000-0000-0000-0000-000000000000', '95cad009-7dd6-417a-aeaf-dc682e96d24e', '{"action":"token_revoked","actor_id":"1d56fb23-62f4-462e-8c02-764c910075ab","actor_username":"48666978350","actor_via_sso":false,"log_type":"token"}', '2024-12-26 09:33:10.032412+00', ''),
	('00000000-0000-0000-0000-000000000000', '0a217bfb-58c3-454d-991c-32f3be658b94', '{"action":"user_modified","actor_id":"1d56fb23-62f4-462e-8c02-764c910075ab","actor_username":"48666978350","actor_via_sso":false,"log_type":"user"}', '2024-12-25 18:29:25.777719+00', ''),
	('00000000-0000-0000-0000-000000000000', '0dff252f-8a22-463d-be9e-191f7580f5a6', '{"action":"token_refreshed","actor_id":"dc91436a-cdf2-4bd2-8208-8b3443972808","actor_username":"lukasjanek99@gmail.com","actor_via_sso":false,"log_type":"token"}', '2024-12-17 14:52:19.620362+00', ''),
	('00000000-0000-0000-0000-000000000000', '6124bf7a-055e-4460-a3dc-cf454f526b75', '{"action":"token_revoked","actor_id":"dc91436a-cdf2-4bd2-8208-8b3443972808","actor_username":"lukasjanek99@gmail.com","actor_via_sso":false,"log_type":"token"}', '2024-12-17 14:52:19.621111+00', ''),
	('00000000-0000-0000-0000-000000000000', '22a200d9-ceec-4f2b-9f30-5d164f3bd5b1', '{"action":"token_refreshed","actor_id":"1d56fb23-62f4-462e-8c02-764c910075ab","actor_username":"48666978350","actor_via_sso":false,"log_type":"token"}', '2024-12-25 18:29:25.932004+00', ''),
	('00000000-0000-0000-0000-000000000000', '27b1e157-1f89-46f3-80e4-13e2a2b096aa', '{"action":"token_revoked","actor_id":"1d56fb23-62f4-462e-8c02-764c910075ab","actor_username":"48666978350","actor_via_sso":false,"log_type":"token"}', '2024-12-25 18:29:25.932421+00', ''),
	('00000000-0000-0000-0000-000000000000', '840c4fa2-337e-41ca-a830-aeff1134c19e', '{"action":"user_confirmation_requested","actor_id":"6cc68c2c-0106-4e09-9f52-d7159812e35f","actor_username":"48570820237","actor_via_sso":false,"log_type":"user","traits":{"provider":"phone"}}', '2024-12-17 16:54:03.820201+00', ''),
	('00000000-0000-0000-0000-000000000000', '2bf00a99-e535-438a-9acf-2ba7300cf517', '{"action":"user_signedup","actor_id":"6cc68c2c-0106-4e09-9f52-d7159812e35f","actor_username":"48570820237","actor_via_sso":false,"log_type":"team"}', '2024-12-17 16:54:12.685811+00', ''),
	('00000000-0000-0000-0000-000000000000', '923f689d-dd22-47be-b856-961f0ae1fab4', '{"action":"user_modified","actor_id":"6cc68c2c-0106-4e09-9f52-d7159812e35f","actor_username":"48570820237","actor_via_sso":false,"log_type":"user"}', '2024-12-17 16:54:12.913245+00', ''),
	('00000000-0000-0000-0000-000000000000', 'e61f3e63-3d6a-4f9b-aed4-8427e0e5247f', '{"action":"token_refreshed","actor_id":"6cc68c2c-0106-4e09-9f52-d7159812e35f","actor_username":"48570820237","actor_via_sso":false,"log_type":"token"}', '2024-12-17 16:54:13.057818+00', ''),
	('00000000-0000-0000-0000-000000000000', '7aa024ba-e07c-4483-91df-abcfd22555c6', '{"action":"token_revoked","actor_id":"6cc68c2c-0106-4e09-9f52-d7159812e35f","actor_username":"48570820237","actor_via_sso":false,"log_type":"token"}', '2024-12-17 16:54:13.058354+00', ''),
	('00000000-0000-0000-0000-000000000000', '4d81e04b-c5de-4962-b268-7bccd01bae60', '{"action":"user_recovery_requested","actor_id":"6cc68c2c-0106-4e09-9f52-d7159812e35f","actor_username":"48570820237","actor_via_sso":false,"log_type":"user","traits":{"channel":"sms"}}', '2024-12-17 16:56:08.047767+00', ''),
	('00000000-0000-0000-0000-000000000000', 'de09952c-b4c6-4d27-a790-86d5a4781bad', '{"action":"user_signedup","actor_id":"6cc68c2c-0106-4e09-9f52-d7159812e35f","actor_username":"48570820237","actor_via_sso":false,"log_type":"team"}', '2024-12-17 16:56:12.978829+00', ''),
	('00000000-0000-0000-0000-000000000000', '543ecfd0-3acd-4437-bf16-9b9da772ce53', '{"action":"user_modified","actor_id":"6cc68c2c-0106-4e09-9f52-d7159812e35f","actor_username":"48570820237","actor_via_sso":false,"log_type":"user"}', '2024-12-17 16:56:13.138586+00', ''),
	('00000000-0000-0000-0000-000000000000', '2a18ce5d-6cad-4324-8f6d-4a7a09e4a923', '{"action":"token_refreshed","actor_id":"6cc68c2c-0106-4e09-9f52-d7159812e35f","actor_username":"48570820237","actor_via_sso":false,"log_type":"token"}', '2024-12-17 16:56:13.327318+00', ''),
	('00000000-0000-0000-0000-000000000000', 'a96afd25-a9e9-4e19-813c-edbf58ad763c', '{"action":"token_revoked","actor_id":"6cc68c2c-0106-4e09-9f52-d7159812e35f","actor_username":"48570820237","actor_via_sso":false,"log_type":"token"}', '2024-12-17 16:56:13.327865+00', ''),
	('00000000-0000-0000-0000-000000000000', '793ae60d-2e73-4cb1-b1bb-2362c366969d', '{"action":"user_modified","actor_id":"6cc68c2c-0106-4e09-9f52-d7159812e35f","actor_username":"48570820237","actor_via_sso":false,"log_type":"user"}', '2024-12-17 16:56:28.624425+00', ''),
	('00000000-0000-0000-0000-000000000000', '3b8954dc-2ca6-4e3a-bf62-ed62c952e731', '{"action":"user_modified","actor_id":"6cc68c2c-0106-4e09-9f52-d7159812e35f","actor_username":"48570820237","actor_via_sso":false,"log_type":"user"}', '2024-12-17 16:56:40.943173+00', ''),
	('00000000-0000-0000-0000-000000000000', '9600138f-dd92-4f0a-880b-ee3520a73841', '{"action":"token_refreshed","actor_id":"6cc68c2c-0106-4e09-9f52-d7159812e35f","actor_username":"48570820237","actor_via_sso":false,"log_type":"token"}', '2024-12-17 16:56:47.548118+00', ''),
	('00000000-0000-0000-0000-000000000000', '285ce24d-4279-4081-b8a7-ee33e18adfd4', '{"action":"token_revoked","actor_id":"6cc68c2c-0106-4e09-9f52-d7159812e35f","actor_username":"48570820237","actor_via_sso":false,"log_type":"token"}', '2024-12-17 16:56:47.548617+00', ''),
	('00000000-0000-0000-0000-000000000000', '331ff2b5-7062-48f0-b1d7-25a279dc4e4b', '{"action":"user_recovery_requested","actor_id":"6cc68c2c-0106-4e09-9f52-d7159812e35f","actor_username":"48570820237","actor_via_sso":false,"log_type":"user","traits":{"channel":"sms"}}', '2024-12-17 21:42:37.934067+00', ''),
	('00000000-0000-0000-0000-000000000000', '1912482c-bd55-4802-85b2-5ba02e85ae2d', '{"action":"user_signedup","actor_id":"6cc68c2c-0106-4e09-9f52-d7159812e35f","actor_username":"48570820237","actor_via_sso":false,"log_type":"team"}', '2024-12-17 21:42:59.68958+00', ''),
	('00000000-0000-0000-0000-000000000000', '318f30c8-629b-4d80-b9f5-f5b15a65090a', '{"action":"user_modified","actor_id":"6cc68c2c-0106-4e09-9f52-d7159812e35f","actor_username":"48570820237","actor_via_sso":false,"log_type":"user"}', '2024-12-17 21:42:59.963981+00', ''),
	('00000000-0000-0000-0000-000000000000', 'c35f6978-d142-41e3-b014-a6bef12abc8c', '{"action":"token_refreshed","actor_id":"6cc68c2c-0106-4e09-9f52-d7159812e35f","actor_username":"48570820237","actor_via_sso":false,"log_type":"token"}', '2024-12-17 21:43:00.269024+00', ''),
	('00000000-0000-0000-0000-000000000000', 'dc43f7fe-9f60-4138-839a-2f202735b0b8', '{"action":"token_revoked","actor_id":"6cc68c2c-0106-4e09-9f52-d7159812e35f","actor_username":"48570820237","actor_via_sso":false,"log_type":"token"}', '2024-12-17 21:43:00.269646+00', ''),
	('00000000-0000-0000-0000-000000000000', 'c8be27dc-cd1c-4690-b08f-e55582f3a974', '{"action":"user_recovery_requested","actor_id":"1d56fb23-62f4-462e-8c02-764c910075ab","actor_username":"48666978350","actor_via_sso":false,"log_type":"user","traits":{"channel":"sms"}}', '2024-12-18 06:52:36.405202+00', ''),
	('00000000-0000-0000-0000-000000000000', '237a6f1c-45ed-4920-b0e7-aeac7e4641f0', '{"action":"user_signedup","actor_id":"1d56fb23-62f4-462e-8c02-764c910075ab","actor_username":"48666978350","actor_via_sso":false,"log_type":"team"}', '2024-12-18 06:52:39.605239+00', ''),
	('00000000-0000-0000-0000-000000000000', 'a76a46c2-3a71-4973-b279-a9bb94e1f1ec', '{"action":"user_modified","actor_id":"1d56fb23-62f4-462e-8c02-764c910075ab","actor_username":"48666978350","actor_via_sso":false,"log_type":"user"}', '2024-12-18 06:52:39.760183+00', ''),
	('00000000-0000-0000-0000-000000000000', '7a8329e0-ed8f-4096-a14f-b4eef31cd980', '{"action":"token_refreshed","actor_id":"1d56fb23-62f4-462e-8c02-764c910075ab","actor_username":"48666978350","actor_via_sso":false,"log_type":"token"}', '2024-12-18 06:52:39.915766+00', ''),
	('00000000-0000-0000-0000-000000000000', '44e95c2c-ca93-458b-a1e2-e69c96439a7f', '{"action":"token_revoked","actor_id":"1d56fb23-62f4-462e-8c02-764c910075ab","actor_username":"48666978350","actor_via_sso":false,"log_type":"token"}', '2024-12-18 06:52:39.916551+00', ''),
	('00000000-0000-0000-0000-000000000000', '325857f2-7b43-49d0-8487-38d7ab36a9ba', '{"action":"logout","actor_id":"1d56fb23-62f4-462e-8c02-764c910075ab","actor_username":"48666978350","actor_via_sso":false,"log_type":"account"}', '2024-12-18 06:53:09.385939+00', ''),
	('00000000-0000-0000-0000-000000000000', '1085320b-6b52-4a69-aa73-40f8243a6981', '{"action":"user_recovery_requested","actor_id":"dc91436a-cdf2-4bd2-8208-8b3443972808","actor_username":"lukasjanek99@gmail.com","actor_via_sso":false,"log_type":"user"}', '2024-12-18 06:53:13.993373+00', ''),
	('00000000-0000-0000-0000-000000000000', '58a5f566-8d4c-4e0b-b9df-6b837037ad96', '{"action":"login","actor_id":"dc91436a-cdf2-4bd2-8208-8b3443972808","actor_username":"lukasjanek99@gmail.com","actor_via_sso":false,"log_type":"account"}', '2024-12-18 06:53:33.294405+00', ''),
	('00000000-0000-0000-0000-000000000000', '62a6986e-08a6-4a63-992a-98a2a5fc2c67', '{"action":"user_modified","actor_id":"dc91436a-cdf2-4bd2-8208-8b3443972808","actor_username":"lukasjanek99@gmail.com","actor_via_sso":false,"log_type":"user"}', '2024-12-18 06:53:33.444504+00', ''),
	('00000000-0000-0000-0000-000000000000', '42bc6a61-455e-4090-863b-83bb68ac77d6', '{"action":"user_modified","actor_id":"1d56fb23-62f4-462e-8c02-764c910075ab","actor_username":"48666978350","actor_via_sso":false,"log_type":"user"}', '2024-12-19 18:00:52.772186+00', ''),
	('00000000-0000-0000-0000-000000000000', 'c395bcac-d700-424e-a39b-305998698862', '{"action":"token_refreshed","actor_id":"dc91436a-cdf2-4bd2-8208-8b3443972808","actor_username":"lukasjanek99@gmail.com","actor_via_sso":false,"log_type":"token"}', '2024-12-18 06:53:33.588603+00', ''),
	('00000000-0000-0000-0000-000000000000', 'a8262153-2a32-4c79-8d77-9a43bf897ee0', '{"action":"token_revoked","actor_id":"dc91436a-cdf2-4bd2-8208-8b3443972808","actor_username":"lukasjanek99@gmail.com","actor_via_sso":false,"log_type":"token"}', '2024-12-18 06:53:33.589949+00', ''),
	('00000000-0000-0000-0000-000000000000', '020d38a0-a473-49bc-9e97-9407d460ed14', '{"action":"logout","actor_id":"dc91436a-cdf2-4bd2-8208-8b3443972808","actor_username":"lukasjanek99@gmail.com","actor_via_sso":false,"log_type":"account"}', '2024-12-18 06:54:23.153632+00', ''),
	('00000000-0000-0000-0000-000000000000', '4cedc50e-6c5e-4097-904f-5232f9ccf83a', '{"action":"user_recovery_requested","actor_id":"1d56fb23-62f4-462e-8c02-764c910075ab","actor_username":"48666978350","actor_via_sso":false,"log_type":"user","traits":{"channel":"sms"}}', '2024-12-18 06:54:32.835885+00', ''),
	('00000000-0000-0000-0000-000000000000', '2633d76b-ddbe-45e4-bca7-365a048ca014', '{"action":"user_signedup","actor_id":"1d56fb23-62f4-462e-8c02-764c910075ab","actor_username":"48666978350","actor_via_sso":false,"log_type":"team"}', '2024-12-18 06:54:34.933697+00', ''),
	('00000000-0000-0000-0000-000000000000', '75a3f2db-1e15-493d-9d5f-46dac03c1135', '{"action":"user_modified","actor_id":"1d56fb23-62f4-462e-8c02-764c910075ab","actor_username":"48666978350","actor_via_sso":false,"log_type":"user"}', '2024-12-18 06:54:35.107332+00', ''),
	('00000000-0000-0000-0000-000000000000', '846a1df1-79ce-4b8f-bd88-abfa7e56f29b', '{"action":"token_refreshed","actor_id":"1d56fb23-62f4-462e-8c02-764c910075ab","actor_username":"48666978350","actor_via_sso":false,"log_type":"token"}', '2024-12-18 06:54:35.243546+00', ''),
	('00000000-0000-0000-0000-000000000000', '079f5f76-c07b-4e2e-a513-e23095999d79', '{"action":"token_revoked","actor_id":"1d56fb23-62f4-462e-8c02-764c910075ab","actor_username":"48666978350","actor_via_sso":false,"log_type":"token"}', '2024-12-18 06:54:35.24421+00', ''),
	('00000000-0000-0000-0000-000000000000', '25e4bc15-5791-4d20-9148-eff7ee51c638', '{"action":"token_refreshed","actor_id":"1d56fb23-62f4-462e-8c02-764c910075ab","actor_username":"48666978350","actor_via_sso":false,"log_type":"token"}', '2024-12-18 06:55:32.6888+00', ''),
	('00000000-0000-0000-0000-000000000000', '413e94a1-f904-4376-9d52-36403ff745d8', '{"action":"token_revoked","actor_id":"1d56fb23-62f4-462e-8c02-764c910075ab","actor_username":"48666978350","actor_via_sso":false,"log_type":"token"}', '2024-12-18 06:55:32.689515+00', ''),
	('00000000-0000-0000-0000-000000000000', '93bd421f-ceb0-4e38-8349-dfd7b9f7d212', '{"action":"user_modified","actor_id":"1d56fb23-62f4-462e-8c02-764c910075ab","actor_username":"48666978350","actor_via_sso":false,"log_type":"user"}', '2024-12-18 06:55:32.996301+00', ''),
	('00000000-0000-0000-0000-000000000000', '2f485bf1-8724-4369-9d06-bf04a3f3e3a1', '{"action":"token_refreshed","actor_id":"1d56fb23-62f4-462e-8c02-764c910075ab","actor_username":"48666978350","actor_via_sso":false,"log_type":"token"}', '2024-12-18 06:55:33.13371+00', ''),
	('00000000-0000-0000-0000-000000000000', 'bfd62ccc-a726-4a68-8765-97b1c549291c', '{"action":"token_revoked","actor_id":"1d56fb23-62f4-462e-8c02-764c910075ab","actor_username":"48666978350","actor_via_sso":false,"log_type":"token"}', '2024-12-18 06:55:33.134413+00', ''),
	('00000000-0000-0000-0000-000000000000', 'f3d8cf75-bc8a-4fb7-bca1-d2cbad9970c2', '{"action":"user_modified","actor_id":"1d56fb23-62f4-462e-8c02-764c910075ab","actor_username":"48666978350","actor_via_sso":false,"log_type":"user"}', '2024-12-18 07:00:53.867435+00', ''),
	('00000000-0000-0000-0000-000000000000', 'fa9e46d3-5eea-4272-ac3b-0dd4c110324f', '{"action":"token_refreshed","actor_id":"1d56fb23-62f4-462e-8c02-764c910075ab","actor_username":"48666978350","actor_via_sso":false,"log_type":"token"}', '2024-12-18 07:00:54.096655+00', ''),
	('00000000-0000-0000-0000-000000000000', '241f612c-f8a6-496c-901b-2bd0d813700a', '{"action":"token_revoked","actor_id":"1d56fb23-62f4-462e-8c02-764c910075ab","actor_username":"48666978350","actor_via_sso":false,"log_type":"token"}', '2024-12-18 07:00:54.097145+00', ''),
	('00000000-0000-0000-0000-000000000000', '5f92b39d-845c-48e6-9ba1-81de212e21b5', '{"action":"user_modified","actor_id":"1d56fb23-62f4-462e-8c02-764c910075ab","actor_username":"48666978350","actor_via_sso":false,"log_type":"user"}', '2024-12-18 07:02:21.952508+00', ''),
	('00000000-0000-0000-0000-000000000000', 'f1980e42-497a-4db6-ab43-9d628ca34dbd', '{"action":"token_refreshed","actor_id":"1d56fb23-62f4-462e-8c02-764c910075ab","actor_username":"48666978350","actor_via_sso":false,"log_type":"token"}', '2024-12-18 07:02:22.119869+00', ''),
	('00000000-0000-0000-0000-000000000000', '49d3d1e0-2d92-4a5f-901c-fd1260b21b6c', '{"action":"token_revoked","actor_id":"1d56fb23-62f4-462e-8c02-764c910075ab","actor_username":"48666978350","actor_via_sso":false,"log_type":"token"}', '2024-12-18 07:02:22.120491+00', ''),
	('00000000-0000-0000-0000-000000000000', '3dea212a-b7c3-411b-a338-1a724013976b', '{"action":"token_refreshed","actor_id":"1d56fb23-62f4-462e-8c02-764c910075ab","actor_username":"48666978350","actor_via_sso":false,"log_type":"token"}', '2024-12-18 07:59:34.18601+00', ''),
	('00000000-0000-0000-0000-000000000000', 'fddff2a7-b678-4a7e-bb6f-1a060e4b2d43', '{"action":"token_revoked","actor_id":"1d56fb23-62f4-462e-8c02-764c910075ab","actor_username":"48666978350","actor_via_sso":false,"log_type":"token"}', '2024-12-18 07:59:34.187001+00', ''),
	('00000000-0000-0000-0000-000000000000', '32344126-77ff-41b1-a479-667ebc9d43bf', '{"action":"user_modified","actor_id":"1d56fb23-62f4-462e-8c02-764c910075ab","actor_username":"48666978350","actor_via_sso":false,"log_type":"user"}', '2024-12-18 07:59:34.370579+00', ''),
	('00000000-0000-0000-0000-000000000000', '94e42f37-2290-4010-85fd-45c86a0b4b6d', '{"action":"token_refreshed","actor_id":"1d56fb23-62f4-462e-8c02-764c910075ab","actor_username":"48666978350","actor_via_sso":false,"log_type":"token"}', '2024-12-18 07:59:34.609081+00', ''),
	('00000000-0000-0000-0000-000000000000', '962f10e5-11bd-449e-94e2-c3c842d31e95', '{"action":"token_revoked","actor_id":"1d56fb23-62f4-462e-8c02-764c910075ab","actor_username":"48666978350","actor_via_sso":false,"log_type":"token"}', '2024-12-18 07:59:34.609641+00', ''),
	('00000000-0000-0000-0000-000000000000', '0786f46b-cedf-4d42-bbfc-02986bdb29f9', '{"action":"token_refreshed","actor_id":"dc91436a-cdf2-4bd2-8208-8b3443972808","actor_username":"lukasjanek99@gmail.com","actor_via_sso":false,"log_type":"token"}', '2024-12-18 09:27:28.609075+00', ''),
	('00000000-0000-0000-0000-000000000000', 'a1f23b5f-efbf-43db-85dd-eef3a79e3a24', '{"action":"token_revoked","actor_id":"dc91436a-cdf2-4bd2-8208-8b3443972808","actor_username":"lukasjanek99@gmail.com","actor_via_sso":false,"log_type":"token"}', '2024-12-18 09:27:28.61009+00', ''),
	('00000000-0000-0000-0000-000000000000', 'f6df49cc-98bb-490d-af25-7f3389f61417', '{"action":"logout","actor_id":"dc91436a-cdf2-4bd2-8208-8b3443972808","actor_username":"lukasjanek99@gmail.com","actor_via_sso":false,"log_type":"account"}', '2024-12-18 09:27:31.179193+00', ''),
	('00000000-0000-0000-0000-000000000000', 'ff007e21-8fa2-4221-aab9-217113a2a60b', '{"action":"user_modified","actor_id":"1d56fb23-62f4-462e-8c02-764c910075ab","actor_username":"48666978350","actor_via_sso":false,"log_type":"user"}', '2024-12-25 18:29:36.101744+00', ''),
	('00000000-0000-0000-0000-000000000000', '6cda3661-7d65-4759-b66a-2b124c1f4c38', '{"action":"token_refreshed","actor_id":"1d56fb23-62f4-462e-8c02-764c910075ab","actor_username":"48666978350","actor_via_sso":false,"log_type":"token"}', '2024-12-25 18:29:36.265936+00', ''),
	('00000000-0000-0000-0000-000000000000', 'c8d598c6-fd39-47c5-bd13-d53846c97954', '{"action":"token_revoked","actor_id":"1d56fb23-62f4-462e-8c02-764c910075ab","actor_username":"48666978350","actor_via_sso":false,"log_type":"token"}', '2024-12-25 18:29:36.266498+00', ''),
	('00000000-0000-0000-0000-000000000000', '5a362308-278f-4804-af63-ea605a4580ae', '{"action":"user_recovery_requested","actor_id":"1d56fb23-62f4-462e-8c02-764c910075ab","actor_username":"48666978350","actor_via_sso":false,"log_type":"user","traits":{"channel":"sms"}}', '2024-12-25 19:20:56.805122+00', ''),
	('00000000-0000-0000-0000-000000000000', '1edaff52-43cc-4689-8b64-2ccca18e41a0', '{"action":"user_signedup","actor_id":"1d56fb23-62f4-462e-8c02-764c910075ab","actor_username":"48666978350","actor_via_sso":false,"log_type":"team"}', '2024-12-25 19:20:59.562748+00', ''),
	('00000000-0000-0000-0000-000000000000', 'f4788734-7e9a-4eca-8d69-ef4e760d7bce', '{"action":"token_revoked","actor_id":"1d56fb23-62f4-462e-8c02-764c910075ab","actor_username":"48666978350","actor_via_sso":false,"log_type":"token"}', '2024-12-22 09:23:01.628365+00', ''),
	('00000000-0000-0000-0000-000000000000', '24da3cf1-b47f-4584-86bc-ffe807ef11e0', '{"action":"user_modified","actor_id":"1d56fb23-62f4-462e-8c02-764c910075ab","actor_username":"48666978350","actor_via_sso":false,"log_type":"user"}', '2024-12-25 18:30:58.252362+00', ''),
	('00000000-0000-0000-0000-000000000000', '44731366-7cd6-41be-bf27-48a4550d529b', '{"action":"token_refreshed","actor_id":"1d56fb23-62f4-462e-8c02-764c910075ab","actor_username":"48666978350","actor_via_sso":false,"log_type":"token"}', '2024-12-25 18:30:58.414246+00', ''),
	('00000000-0000-0000-0000-000000000000', '0d16af7c-9fa9-4939-97d8-c42bbaeb9f9c', '{"action":"token_revoked","actor_id":"1d56fb23-62f4-462e-8c02-764c910075ab","actor_username":"48666978350","actor_via_sso":false,"log_type":"token"}', '2024-12-25 18:30:58.414821+00', ''),
	('00000000-0000-0000-0000-000000000000', 'cafc8b32-aeb2-4857-b49d-74004d91b678', '{"action":"user_modified","actor_id":"1d56fb23-62f4-462e-8c02-764c910075ab","actor_username":"48666978350","actor_via_sso":false,"log_type":"user"}', '2024-12-25 18:31:17.392584+00', ''),
	('00000000-0000-0000-0000-000000000000', 'aa7869ff-e5b0-4d37-948c-7329cc33e42e', '{"action":"token_refreshed","actor_id":"1d56fb23-62f4-462e-8c02-764c910075ab","actor_username":"48666978350","actor_via_sso":false,"log_type":"token"}', '2024-12-25 18:31:17.539302+00', ''),
	('00000000-0000-0000-0000-000000000000', '9a550f7b-0640-4833-9522-74f320ec4599', '{"action":"token_revoked","actor_id":"1d56fb23-62f4-462e-8c02-764c910075ab","actor_username":"48666978350","actor_via_sso":false,"log_type":"token"}', '2024-12-25 18:31:17.539825+00', ''),
	('00000000-0000-0000-0000-000000000000', '16140d2c-19b1-4bce-9bca-941fc41878ff', '{"action":"user_modified","actor_id":"1d56fb23-62f4-462e-8c02-764c910075ab","actor_username":"48666978350","actor_via_sso":false,"log_type":"user"}', '2024-12-25 19:20:59.787455+00', ''),
	('00000000-0000-0000-0000-000000000000', 'd86ebca0-eae2-4838-a915-ddff3625ced4', '{"action":"token_refreshed","actor_id":"1d56fb23-62f4-462e-8c02-764c910075ab","actor_username":"48666978350","actor_via_sso":false,"log_type":"token"}', '2024-12-25 19:21:00.117836+00', ''),
	('00000000-0000-0000-0000-000000000000', '288e504e-ca40-4435-8c7a-d2d04cfc4933', '{"action":"token_revoked","actor_id":"1d56fb23-62f4-462e-8c02-764c910075ab","actor_username":"48666978350","actor_via_sso":false,"log_type":"token"}', '2024-12-25 19:21:00.118257+00', ''),
	('00000000-0000-0000-0000-000000000000', 'cb7072ba-58f0-49a4-8506-6e93df09b01b', '{"action":"logout","actor_id":"1d56fb23-62f4-462e-8c02-764c910075ab","actor_username":"48666978350","actor_via_sso":false,"log_type":"account"}', '2024-12-25 19:21:24.99482+00', ''),
	('00000000-0000-0000-0000-000000000000', 'da1fed04-7e7d-47c1-840c-a215ff947a3d', '{"action":"user_modified","actor_id":"1d56fb23-62f4-462e-8c02-764c910075ab","actor_username":"48666978350","actor_via_sso":false,"log_type":"user"}', '2024-12-26 09:38:32.532655+00', ''),
	('00000000-0000-0000-0000-000000000000', 'bfa94db7-a7b7-4a8c-88fd-4af9b2764d5a', '{"action":"token_refreshed","actor_id":"1d56fb23-62f4-462e-8c02-764c910075ab","actor_username":"48666978350","actor_via_sso":false,"log_type":"token"}', '2024-12-26 09:38:32.681918+00', ''),
	('00000000-0000-0000-0000-000000000000', '0ccd7478-2077-4e56-a394-83b046b5a2ad', '{"action":"token_revoked","actor_id":"1d56fb23-62f4-462e-8c02-764c910075ab","actor_username":"48666978350","actor_via_sso":false,"log_type":"token"}', '2024-12-26 09:38:32.682369+00', ''),
	('00000000-0000-0000-0000-000000000000', '0b407d0d-a3ad-47c7-b483-0bb2d4241b63', '{"action":"user_modified","actor_id":"1d56fb23-62f4-462e-8c02-764c910075ab","actor_username":"48666978350","actor_via_sso":false,"log_type":"user"}', '2024-12-25 18:34:14.916316+00', ''),
	('00000000-0000-0000-0000-000000000000', '6599f594-88a3-4c93-b8ea-a80020f73687', '{"action":"token_refreshed","actor_id":"1d56fb23-62f4-462e-8c02-764c910075ab","actor_username":"48666978350","actor_via_sso":false,"log_type":"token"}', '2024-12-25 18:34:33.932601+00', ''),
	('00000000-0000-0000-0000-000000000000', '0960c47f-79fb-415e-8771-2e470290b6b1', '{"action":"token_refreshed","actor_id":"6cc68c2c-0106-4e09-9f52-d7159812e35f","actor_username":"48570820237","actor_via_sso":false,"log_type":"token"}', '2024-12-19 16:38:36.113236+00', ''),
	('00000000-0000-0000-0000-000000000000', 'ffabc44b-aee3-4ea6-95d7-1afdf06f5bd5', '{"action":"token_revoked","actor_id":"6cc68c2c-0106-4e09-9f52-d7159812e35f","actor_username":"48570820237","actor_via_sso":false,"log_type":"token"}', '2024-12-19 16:38:36.114118+00', ''),
	('00000000-0000-0000-0000-000000000000', '95c03ec3-f4f6-4ea5-ad7e-d3477d2d6cef', '{"action":"user_modified","actor_id":"6cc68c2c-0106-4e09-9f52-d7159812e35f","actor_username":"48570820237","actor_via_sso":false,"log_type":"user"}', '2024-12-19 16:38:36.437052+00', ''),
	('00000000-0000-0000-0000-000000000000', '9784425b-1849-47db-9dec-6b49e776e469', '{"action":"token_refreshed","actor_id":"6cc68c2c-0106-4e09-9f52-d7159812e35f","actor_username":"48570820237","actor_via_sso":false,"log_type":"token"}', '2024-12-19 16:38:36.57023+00', ''),
	('00000000-0000-0000-0000-000000000000', '0a6dff6f-c53b-49de-a8c2-d456916c0174', '{"action":"token_revoked","actor_id":"6cc68c2c-0106-4e09-9f52-d7159812e35f","actor_username":"48570820237","actor_via_sso":false,"log_type":"token"}', '2024-12-19 16:38:36.570694+00', ''),
	('00000000-0000-0000-0000-000000000000', '682b5ac7-d7f6-40e4-bf94-249a6aa7a79d', '{"action":"logout","actor_id":"6cc68c2c-0106-4e09-9f52-d7159812e35f","actor_username":"48570820237","actor_via_sso":false,"log_type":"account"}', '2024-12-19 16:54:05.03984+00', ''),
	('00000000-0000-0000-0000-000000000000', 'bf1be090-4194-4e40-8278-98b0eeeb7bc9', '{"action":"user_recovery_requested","actor_id":"6cc68c2c-0106-4e09-9f52-d7159812e35f","actor_username":"48570820237","actor_via_sso":false,"log_type":"user","traits":{"channel":"sms"}}', '2024-12-19 16:54:41.618281+00', ''),
	('00000000-0000-0000-0000-000000000000', 'f6bbd46e-6415-41d3-aab5-d4a2b8a7bd12', '{"action":"user_signedup","actor_id":"6cc68c2c-0106-4e09-9f52-d7159812e35f","actor_username":"48570820237","actor_via_sso":false,"log_type":"team"}', '2024-12-19 16:54:46.115594+00', ''),
	('00000000-0000-0000-0000-000000000000', 'eb15d33b-fc71-42aa-9f91-e072ffa56f61', '{"action":"user_modified","actor_id":"6cc68c2c-0106-4e09-9f52-d7159812e35f","actor_username":"48570820237","actor_via_sso":false,"log_type":"user"}', '2024-12-19 16:54:46.2771+00', ''),
	('00000000-0000-0000-0000-000000000000', '875f5e59-cc04-40a3-9117-2bb33cc3380f', '{"action":"token_refreshed","actor_id":"6cc68c2c-0106-4e09-9f52-d7159812e35f","actor_username":"48570820237","actor_via_sso":false,"log_type":"token"}', '2024-12-19 16:54:46.473756+00', ''),
	('00000000-0000-0000-0000-000000000000', 'f11d9cea-6ac4-425c-b223-97a6832e92bf', '{"action":"token_revoked","actor_id":"6cc68c2c-0106-4e09-9f52-d7159812e35f","actor_username":"48570820237","actor_via_sso":false,"log_type":"token"}', '2024-12-19 16:54:46.479767+00', ''),
	('00000000-0000-0000-0000-000000000000', '2fbc1562-5a81-49a6-bfb2-bd48caf4556b', '{"action":"token_revoked","actor_id":"1d56fb23-62f4-462e-8c02-764c910075ab","actor_username":"48666978350","actor_via_sso":false,"log_type":"token"}', '2024-12-25 18:34:33.93316+00', ''),
	('00000000-0000-0000-0000-000000000000', 'd1803615-eaf5-470b-80b7-c4a4566b82ef', '{"action":"user_modified","actor_id":"1d56fb23-62f4-462e-8c02-764c910075ab","actor_username":"48666978350","actor_via_sso":false,"log_type":"user"}', '2024-12-25 18:34:36.946185+00', ''),
	('00000000-0000-0000-0000-000000000000', '08818988-9da0-40f7-9908-72702d0ed63b', '{"action":"user_deleted","actor_id":"00000000-0000-0000-0000-000000000000","actor_username":"service_role","actor_via_sso":false,"log_type":"team","traits":{"user_email":"trekoxs@gmail.com","user_id":"6cc68c2c-0106-4e09-9f52-d7159812e35f","user_phone":"48570820237"}}', '2024-12-19 17:03:20.492105+00', ''),
	('00000000-0000-0000-0000-000000000000', '55644a9f-bab8-450b-b3d6-d9c1a4c90f03', '{"action":"token_refreshed","actor_id":"1d56fb23-62f4-462e-8c02-764c910075ab","actor_username":"48666978350","actor_via_sso":false,"log_type":"token"}', '2024-12-19 17:37:57.947187+00', ''),
	('00000000-0000-0000-0000-000000000000', '1620d7a5-15bc-4f2e-82c0-62ae06cb3f30', '{"action":"token_revoked","actor_id":"1d56fb23-62f4-462e-8c02-764c910075ab","actor_username":"48666978350","actor_via_sso":false,"log_type":"token"}', '2024-12-19 17:37:57.947874+00', ''),
	('00000000-0000-0000-0000-000000000000', '3a57688a-1e1e-45ba-b774-7550bfd4a356', '{"action":"user_modified","actor_id":"1d56fb23-62f4-462e-8c02-764c910075ab","actor_username":"48666978350","actor_via_sso":false,"log_type":"user"}', '2024-12-19 17:37:58.293349+00', ''),
	('00000000-0000-0000-0000-000000000000', 'c77cc4ff-ab29-4631-bdb6-1eb5d7d4976f', '{"action":"token_refreshed","actor_id":"1d56fb23-62f4-462e-8c02-764c910075ab","actor_username":"48666978350","actor_via_sso":false,"log_type":"token"}', '2024-12-19 17:37:58.431583+00', ''),
	('00000000-0000-0000-0000-000000000000', '19cf552a-b4e0-4f3e-a477-6741ec1ee469', '{"action":"token_revoked","actor_id":"1d56fb23-62f4-462e-8c02-764c910075ab","actor_username":"48666978350","actor_via_sso":false,"log_type":"token"}', '2024-12-19 17:37:58.432006+00', ''),
	('00000000-0000-0000-0000-000000000000', '53f7dc9f-c1c3-4993-bd75-edd0e9a05373', '{"action":"user_modified","actor_id":"1d56fb23-62f4-462e-8c02-764c910075ab","actor_username":"48666978350","actor_via_sso":false,"log_type":"user"}', '2024-12-19 17:40:51.947696+00', ''),
	('00000000-0000-0000-0000-000000000000', '1f2a1297-6845-4920-a17a-449670482e23', '{"action":"token_refreshed","actor_id":"1d56fb23-62f4-462e-8c02-764c910075ab","actor_username":"48666978350","actor_via_sso":false,"log_type":"token"}', '2024-12-19 17:40:52.103336+00', ''),
	('00000000-0000-0000-0000-000000000000', '22e09647-0461-49a6-991a-5229d7fba0a8', '{"action":"token_revoked","actor_id":"1d56fb23-62f4-462e-8c02-764c910075ab","actor_username":"48666978350","actor_via_sso":false,"log_type":"token"}', '2024-12-19 17:40:52.103893+00', ''),
	('00000000-0000-0000-0000-000000000000', 'be28ce1d-371e-453f-9a13-655f86d5feed', '{"action":"user_modified","actor_id":"1d56fb23-62f4-462e-8c02-764c910075ab","actor_username":"48666978350","actor_via_sso":false,"log_type":"user"}', '2024-12-19 17:46:35.390423+00', ''),
	('00000000-0000-0000-0000-000000000000', 'acab30a7-f498-42ec-bcfb-6f7b3cc29889', '{"action":"token_refreshed","actor_id":"1d56fb23-62f4-462e-8c02-764c910075ab","actor_username":"48666978350","actor_via_sso":false,"log_type":"token"}', '2024-12-19 17:46:35.6492+00', ''),
	('00000000-0000-0000-0000-000000000000', 'e0fd9d6b-a6ef-4cc4-99b9-0dad213c2237', '{"action":"token_revoked","actor_id":"1d56fb23-62f4-462e-8c02-764c910075ab","actor_username":"48666978350","actor_via_sso":false,"log_type":"token"}', '2024-12-19 17:46:35.649681+00', ''),
	('00000000-0000-0000-0000-000000000000', 'e73cea99-38db-4cfd-863d-c0a731704b30', '{"action":"user_modified","actor_id":"1d56fb23-62f4-462e-8c02-764c910075ab","actor_username":"48666978350","actor_via_sso":false,"log_type":"user"}', '2024-12-19 17:54:38.863828+00', ''),
	('00000000-0000-0000-0000-000000000000', '4d31683b-0d5f-41ba-b970-3482a08fb42a', '{"action":"token_refreshed","actor_id":"1d56fb23-62f4-462e-8c02-764c910075ab","actor_username":"48666978350","actor_via_sso":false,"log_type":"token"}', '2024-12-19 17:54:39.06041+00', ''),
	('00000000-0000-0000-0000-000000000000', 'ada3954f-9e70-4736-8860-55683234e93b', '{"action":"token_revoked","actor_id":"1d56fb23-62f4-462e-8c02-764c910075ab","actor_username":"48666978350","actor_via_sso":false,"log_type":"token"}', '2024-12-19 17:54:39.061105+00', ''),
	('00000000-0000-0000-0000-000000000000', '726d4b6f-ff34-469a-b6be-120cec7a98f8', '{"action":"user_modified","actor_id":"1d56fb23-62f4-462e-8c02-764c910075ab","actor_username":"48666978350","actor_via_sso":false,"log_type":"user"}', '2024-12-19 17:55:08.933589+00', ''),
	('00000000-0000-0000-0000-000000000000', 'd886f92f-a695-44eb-ad67-1d3bcc492936', '{"action":"token_refreshed","actor_id":"1d56fb23-62f4-462e-8c02-764c910075ab","actor_username":"48666978350","actor_via_sso":false,"log_type":"token"}', '2024-12-19 17:55:09.217929+00', ''),
	('00000000-0000-0000-0000-000000000000', '7e3b6060-5366-4aeb-8e39-c56da2cf04b0', '{"action":"token_revoked","actor_id":"1d56fb23-62f4-462e-8c02-764c910075ab","actor_username":"48666978350","actor_via_sso":false,"log_type":"token"}', '2024-12-19 17:55:09.218401+00', ''),
	('00000000-0000-0000-0000-000000000000', 'de611178-d480-46be-8e6e-7cc102f1394d', '{"action":"token_refreshed","actor_id":"1d56fb23-62f4-462e-8c02-764c910075ab","actor_username":"48666978350","actor_via_sso":false,"log_type":"token"}', '2024-12-25 18:34:37.116807+00', ''),
	('00000000-0000-0000-0000-000000000000', '2f00bc23-77e2-48d4-9847-848ee2f0c284', '{"action":"token_refreshed","actor_id":"1d56fb23-62f4-462e-8c02-764c910075ab","actor_username":"48666978350","actor_via_sso":false,"log_type":"token"}', '2024-12-19 18:00:53.005369+00', ''),
	('00000000-0000-0000-0000-000000000000', 'f990170b-206e-44e8-8349-592f48a1d40d', '{"action":"token_revoked","actor_id":"1d56fb23-62f4-462e-8c02-764c910075ab","actor_username":"48666978350","actor_via_sso":false,"log_type":"token"}', '2024-12-19 18:00:53.006454+00', ''),
	('00000000-0000-0000-0000-000000000000', '66bcb8c7-3d44-4500-982f-4ccba4329a75', '{"action":"user_modified","actor_id":"1d56fb23-62f4-462e-8c02-764c910075ab","actor_username":"48666978350","actor_via_sso":false,"log_type":"user"}', '2024-12-19 18:02:31.102006+00', ''),
	('00000000-0000-0000-0000-000000000000', '3821e005-ec8a-41b5-9d25-180bc342bd7b', '{"action":"token_refreshed","actor_id":"1d56fb23-62f4-462e-8c02-764c910075ab","actor_username":"48666978350","actor_via_sso":false,"log_type":"token"}', '2024-12-19 18:02:31.744907+00', ''),
	('00000000-0000-0000-0000-000000000000', '196d8f94-64ee-452f-a142-2daee69fcaa4', '{"action":"token_revoked","actor_id":"1d56fb23-62f4-462e-8c02-764c910075ab","actor_username":"48666978350","actor_via_sso":false,"log_type":"token"}', '2024-12-19 18:02:31.745572+00', ''),
	('00000000-0000-0000-0000-000000000000', 'ee9e5985-9a03-4e41-8ed6-fa1d8496ddbc', '{"action":"user_modified","actor_id":"1d56fb23-62f4-462e-8c02-764c910075ab","actor_username":"48666978350","actor_via_sso":false,"log_type":"user"}', '2024-12-19 18:06:15.452479+00', ''),
	('00000000-0000-0000-0000-000000000000', 'e3af0c49-007d-4ef5-9fa3-7e78f935670f', '{"action":"token_refreshed","actor_id":"1d56fb23-62f4-462e-8c02-764c910075ab","actor_username":"48666978350","actor_via_sso":false,"log_type":"token"}', '2024-12-19 18:06:15.607188+00', ''),
	('00000000-0000-0000-0000-000000000000', 'e4191176-d6c8-43ed-9094-a93a72c0c65e', '{"action":"token_revoked","actor_id":"1d56fb23-62f4-462e-8c02-764c910075ab","actor_username":"48666978350","actor_via_sso":false,"log_type":"token"}', '2024-12-19 18:06:15.607796+00', ''),
	('00000000-0000-0000-0000-000000000000', 'e0594295-583d-44d0-a4b0-f200560c3fff', '{"action":"user_modified","actor_id":"1d56fb23-62f4-462e-8c02-764c910075ab","actor_username":"48666978350","actor_via_sso":false,"log_type":"user"}', '2024-12-19 18:08:29.376977+00', ''),
	('00000000-0000-0000-0000-000000000000', 'dba11fdf-fa34-4718-b4e4-6d699277a7a1', '{"action":"token_refreshed","actor_id":"1d56fb23-62f4-462e-8c02-764c910075ab","actor_username":"48666978350","actor_via_sso":false,"log_type":"token"}', '2024-12-19 18:08:29.553579+00', ''),
	('00000000-0000-0000-0000-000000000000', '1ecdfcb1-1d7b-461a-84d6-5c977c59df43', '{"action":"token_revoked","actor_id":"1d56fb23-62f4-462e-8c02-764c910075ab","actor_username":"48666978350","actor_via_sso":false,"log_type":"token"}', '2024-12-19 18:08:29.55397+00', ''),
	('00000000-0000-0000-0000-000000000000', 'b65d46fa-6a59-436e-ab4e-19b978668981', '{"action":"user_modified","actor_id":"1d56fb23-62f4-462e-8c02-764c910075ab","actor_username":"48666978350","actor_via_sso":false,"log_type":"user"}', '2024-12-19 18:09:40.799092+00', ''),
	('00000000-0000-0000-0000-000000000000', '6478d948-47c0-42f9-a12a-14175e990154', '{"action":"token_refreshed","actor_id":"1d56fb23-62f4-462e-8c02-764c910075ab","actor_username":"48666978350","actor_via_sso":false,"log_type":"token"}', '2024-12-19 18:09:40.981843+00', ''),
	('00000000-0000-0000-0000-000000000000', '1e41a145-3fda-4b5f-a5ad-1e83a0134d71', '{"action":"token_revoked","actor_id":"1d56fb23-62f4-462e-8c02-764c910075ab","actor_username":"48666978350","actor_via_sso":false,"log_type":"token"}', '2024-12-19 18:09:40.982253+00', ''),
	('00000000-0000-0000-0000-000000000000', 'e2a76dd0-52e8-4b49-8685-1e743923c988', '{"action":"user_modified","actor_id":"1d56fb23-62f4-462e-8c02-764c910075ab","actor_username":"48666978350","actor_via_sso":false,"log_type":"user"}', '2024-12-19 18:10:48.856742+00', ''),
	('00000000-0000-0000-0000-000000000000', '47a47833-dddb-424a-961b-c62d38b1ab15', '{"action":"token_refreshed","actor_id":"1d56fb23-62f4-462e-8c02-764c910075ab","actor_username":"48666978350","actor_via_sso":false,"log_type":"token"}', '2024-12-19 18:10:49.051378+00', ''),
	('00000000-0000-0000-0000-000000000000', '02ba42ed-54d1-441f-b223-5485c6e24f87', '{"action":"token_revoked","actor_id":"1d56fb23-62f4-462e-8c02-764c910075ab","actor_username":"48666978350","actor_via_sso":false,"log_type":"token"}', '2024-12-19 18:10:49.051792+00', ''),
	('00000000-0000-0000-0000-000000000000', '7fa2af4e-df6e-47b4-927f-dd2f3cb36cdf', '{"action":"user_recovery_requested","actor_id":"dc91436a-cdf2-4bd2-8208-8b3443972808","actor_username":"lukasjanek99@gmail.com","actor_via_sso":false,"log_type":"user"}', '2024-12-19 18:12:52.181336+00', ''),
	('00000000-0000-0000-0000-000000000000', '024a7b49-0e3a-4b1a-a785-6802512a043b', '{"action":"login","actor_id":"dc91436a-cdf2-4bd2-8208-8b3443972808","actor_username":"lukasjanek99@gmail.com","actor_via_sso":false,"log_type":"account"}', '2024-12-19 18:13:05.608119+00', ''),
	('00000000-0000-0000-0000-000000000000', '21c822e9-83de-4728-bd7d-8a33c3293f0e', '{"action":"user_modified","actor_id":"dc91436a-cdf2-4bd2-8208-8b3443972808","actor_username":"lukasjanek99@gmail.com","actor_via_sso":false,"log_type":"user"}', '2024-12-19 18:13:05.783874+00', ''),
	('00000000-0000-0000-0000-000000000000', '69350a49-6238-4fcd-8880-e4e6ad09d3d0', '{"action":"token_refreshed","actor_id":"dc91436a-cdf2-4bd2-8208-8b3443972808","actor_username":"lukasjanek99@gmail.com","actor_via_sso":false,"log_type":"token"}', '2024-12-19 18:13:05.938403+00', ''),
	('00000000-0000-0000-0000-000000000000', 'c6d8c3e3-d301-45a0-8ba5-b59e53c3f2cb', '{"action":"token_revoked","actor_id":"dc91436a-cdf2-4bd2-8208-8b3443972808","actor_username":"lukasjanek99@gmail.com","actor_via_sso":false,"log_type":"token"}', '2024-12-19 18:13:05.938945+00', ''),
	('00000000-0000-0000-0000-000000000000', '96aba781-d038-4612-a26e-c4ea491b11ba', '{"action":"token_revoked","actor_id":"1d56fb23-62f4-462e-8c02-764c910075ab","actor_username":"48666978350","actor_via_sso":false,"log_type":"token"}', '2024-12-25 18:34:37.117263+00', ''),
	('00000000-0000-0000-0000-000000000000', '92139c17-aa3c-4587-9c07-a56ae1bbeda2', '{"action":"user_modified","actor_id":"1d56fb23-62f4-462e-8c02-764c910075ab","actor_username":"48666978350","actor_via_sso":false,"log_type":"user"}', '2024-12-25 18:34:54.270783+00', ''),
	('00000000-0000-0000-0000-000000000000', '531e6d8a-a3ac-4162-8d03-d20fa0a681c8', '{"action":"token_refreshed","actor_id":"1d56fb23-62f4-462e-8c02-764c910075ab","actor_username":"48666978350","actor_via_sso":false,"log_type":"token"}', '2024-12-25 18:34:54.437633+00', ''),
	('00000000-0000-0000-0000-000000000000', 'f437fba8-fc64-4f87-9b14-946ab7d812dc', '{"action":"token_revoked","actor_id":"1d56fb23-62f4-462e-8c02-764c910075ab","actor_username":"48666978350","actor_via_sso":false,"log_type":"token"}', '2024-12-25 18:34:54.438026+00', ''),
	('00000000-0000-0000-0000-000000000000', '8b574839-8f48-470a-b17c-e96a3149d4dd', '{"action":"token_refreshed","actor_id":"dc91436a-cdf2-4bd2-8208-8b3443972808","actor_username":"lukasjanek99@gmail.com","actor_via_sso":false,"log_type":"token"}', '2024-12-25 19:22:37.133729+00', ''),
	('00000000-0000-0000-0000-000000000000', 'e97a6f6c-f04a-4e1e-a726-9ba6ecd15625', '{"action":"token_revoked","actor_id":"dc91436a-cdf2-4bd2-8208-8b3443972808","actor_username":"lukasjanek99@gmail.com","actor_via_sso":false,"log_type":"token"}', '2024-12-25 19:22:37.134571+00', ''),
	('00000000-0000-0000-0000-000000000000', '979d0f83-fbfa-40cf-8304-d7bf282a8a79', '{"action":"token_refreshed","actor_id":"1d56fb23-62f4-462e-8c02-764c910075ab","actor_username":"48666978350","actor_via_sso":false,"log_type":"token"}', '2024-12-26 07:47:05.549008+00', ''),
	('00000000-0000-0000-0000-000000000000', '216c8218-b7a9-40c4-9df8-ebe16c584c80', '{"action":"token_revoked","actor_id":"1d56fb23-62f4-462e-8c02-764c910075ab","actor_username":"48666978350","actor_via_sso":false,"log_type":"token"}', '2024-12-26 07:47:05.549845+00', ''),
	('00000000-0000-0000-0000-000000000000', '1a5ac3bb-671f-412f-b5d3-3b3ee9c85930', '{"action":"user_recovery_requested","actor_id":"1d56fb23-62f4-462e-8c02-764c910075ab","actor_username":"48666978350","actor_via_sso":false,"log_type":"user","traits":{"channel":"sms"}}', '2024-12-26 10:21:31.604635+00', ''),
	('00000000-0000-0000-0000-000000000000', '18568274-a850-4c51-891e-cdcbe17089e7', '{"action":"user_signedup","actor_id":"1d56fb23-62f4-462e-8c02-764c910075ab","actor_username":"48666978350","actor_via_sso":false,"log_type":"team"}', '2024-12-26 10:21:34.513205+00', ''),
	('00000000-0000-0000-0000-000000000000', '035758e7-b9d8-46fa-af6d-bff16c74ee3e', '{"action":"user_modified","actor_id":"1d56fb23-62f4-462e-8c02-764c910075ab","actor_username":"48666978350","actor_via_sso":false,"log_type":"user"}', '2024-12-26 10:21:34.733395+00', ''),
	('00000000-0000-0000-0000-000000000000', '4d94674e-a608-4344-bfb2-53ca35ad35cd', '{"action":"token_refreshed","actor_id":"1d56fb23-62f4-462e-8c02-764c910075ab","actor_username":"48666978350","actor_via_sso":false,"log_type":"token"}', '2024-12-26 10:21:35.323+00', ''),
	('00000000-0000-0000-0000-000000000000', '5ee889e8-f24e-48cb-b837-60da0bbe8ac9', '{"action":"user_recovery_requested","actor_id":"dc91436a-cdf2-4bd2-8208-8b3443972808","actor_username":"lukasjanek99@gmail.com","actor_via_sso":false,"log_type":"user"}', '2024-12-19 19:49:18.874839+00', ''),
	('00000000-0000-0000-0000-000000000000', '497efbb8-65d7-467e-b150-dd37da984c17', '{"action":"login","actor_id":"dc91436a-cdf2-4bd2-8208-8b3443972808","actor_username":"lukasjanek99@gmail.com","actor_via_sso":false,"log_type":"account"}', '2024-12-19 19:49:32.85782+00', ''),
	('00000000-0000-0000-0000-000000000000', 'ea5551ea-becb-457b-8581-13d4761627d9', '{"action":"user_modified","actor_id":"dc91436a-cdf2-4bd2-8208-8b3443972808","actor_username":"lukasjanek99@gmail.com","actor_via_sso":false,"log_type":"user"}', '2024-12-19 19:49:33.027761+00', ''),
	('00000000-0000-0000-0000-000000000000', 'fdad1228-9e91-4e20-a982-3c7f99293503', '{"action":"token_refreshed","actor_id":"dc91436a-cdf2-4bd2-8208-8b3443972808","actor_username":"lukasjanek99@gmail.com","actor_via_sso":false,"log_type":"token"}', '2024-12-19 19:49:33.186773+00', ''),
	('00000000-0000-0000-0000-000000000000', '83b60333-7f6c-4e57-afa0-3efa09e31148', '{"action":"token_revoked","actor_id":"dc91436a-cdf2-4bd2-8208-8b3443972808","actor_username":"lukasjanek99@gmail.com","actor_via_sso":false,"log_type":"token"}', '2024-12-19 19:49:33.187324+00', ''),
	('00000000-0000-0000-0000-000000000000', '2da97bd2-acb6-42fd-acab-12afeab1abda', '{"action":"user_recovery_requested","actor_id":"1d56fb23-62f4-462e-8c02-764c910075ab","actor_username":"48666978350","actor_via_sso":false,"log_type":"user","traits":{"channel":"sms"}}', '2024-12-19 19:52:20.784577+00', ''),
	('00000000-0000-0000-0000-000000000000', '67ef8d8f-12bc-4460-b8c1-5156d05c20b6', '{"action":"user_signedup","actor_id":"1d56fb23-62f4-462e-8c02-764c910075ab","actor_username":"48666978350","actor_via_sso":false,"log_type":"team"}', '2024-12-19 19:52:23.468004+00', ''),
	('00000000-0000-0000-0000-000000000000', '2756d519-df2a-45e1-b944-7566a5687221', '{"action":"user_modified","actor_id":"1d56fb23-62f4-462e-8c02-764c910075ab","actor_username":"48666978350","actor_via_sso":false,"log_type":"user"}', '2024-12-19 19:52:23.618679+00', ''),
	('00000000-0000-0000-0000-000000000000', 'be737501-eaba-482b-9487-69e42cd57964', '{"action":"token_refreshed","actor_id":"1d56fb23-62f4-462e-8c02-764c910075ab","actor_username":"48666978350","actor_via_sso":false,"log_type":"token"}', '2024-12-19 19:52:23.761189+00', ''),
	('00000000-0000-0000-0000-000000000000', 'b9d78ab2-d15a-4078-a8eb-d1cbb7af89c2', '{"action":"token_revoked","actor_id":"1d56fb23-62f4-462e-8c02-764c910075ab","actor_username":"48666978350","actor_via_sso":false,"log_type":"token"}', '2024-12-19 19:52:23.761669+00', ''),
	('00000000-0000-0000-0000-000000000000', 'f73d2748-250e-4713-9ef5-b6a8c8f05d8b', '{"action":"token_refreshed","actor_id":"1d56fb23-62f4-462e-8c02-764c910075ab","actor_username":"48666978350","actor_via_sso":false,"log_type":"token"}', '2024-12-19 19:55:00.16052+00', ''),
	('00000000-0000-0000-0000-000000000000', '186793d1-d7a8-4aaa-a5a6-79aa9010d386', '{"action":"token_revoked","actor_id":"1d56fb23-62f4-462e-8c02-764c910075ab","actor_username":"48666978350","actor_via_sso":false,"log_type":"token"}', '2024-12-19 19:55:00.161415+00', ''),
	('00000000-0000-0000-0000-000000000000', '51a25f1b-9e82-4f64-a6b8-1b9be1719c7c', '{"action":"user_modified","actor_id":"1d56fb23-62f4-462e-8c02-764c910075ab","actor_username":"48666978350","actor_via_sso":false,"log_type":"user"}', '2024-12-19 19:55:00.339326+00', ''),
	('00000000-0000-0000-0000-000000000000', 'f8f9873c-d04c-48a7-8de6-55ff5cb95423', '{"action":"token_refreshed","actor_id":"1d56fb23-62f4-462e-8c02-764c910075ab","actor_username":"48666978350","actor_via_sso":false,"log_type":"token"}', '2024-12-19 19:55:00.480661+00', ''),
	('00000000-0000-0000-0000-000000000000', '30dd086e-c1c3-4b69-86f3-237bcffd1038', '{"action":"token_revoked","actor_id":"1d56fb23-62f4-462e-8c02-764c910075ab","actor_username":"48666978350","actor_via_sso":false,"log_type":"token"}', '2024-12-19 19:55:00.481143+00', ''),
	('00000000-0000-0000-0000-000000000000', '0e9e6edd-72d2-413d-98e0-40f9ebbc8a32', '{"action":"logout","actor_id":"1d56fb23-62f4-462e-8c02-764c910075ab","actor_username":"48666978350","actor_via_sso":false,"log_type":"account"}', '2024-12-19 19:55:04.377145+00', ''),
	('00000000-0000-0000-0000-000000000000', '2c1ebca9-992d-48fa-9e21-4c39f9119e6d', '{"action":"user_recovery_requested","actor_id":"dc91436a-cdf2-4bd2-8208-8b3443972808","actor_username":"lukasjanek99@gmail.com","actor_via_sso":false,"log_type":"user"}', '2024-12-19 19:55:18.641947+00', ''),
	('00000000-0000-0000-0000-000000000000', '441bb164-b921-4336-a51d-605c70296324', '{"action":"login","actor_id":"dc91436a-cdf2-4bd2-8208-8b3443972808","actor_username":"lukasjanek99@gmail.com","actor_via_sso":false,"log_type":"account"}', '2024-12-19 19:55:50.904289+00', ''),
	('00000000-0000-0000-0000-000000000000', '42110d68-88e1-4480-9192-0aac3235d0c8', '{"action":"user_modified","actor_id":"dc91436a-cdf2-4bd2-8208-8b3443972808","actor_username":"lukasjanek99@gmail.com","actor_via_sso":false,"log_type":"user"}', '2024-12-19 19:55:51.1331+00', ''),
	('00000000-0000-0000-0000-000000000000', '3e362fbf-a886-4ecd-a01b-fea7c8424146', '{"action":"token_refreshed","actor_id":"dc91436a-cdf2-4bd2-8208-8b3443972808","actor_username":"lukasjanek99@gmail.com","actor_via_sso":false,"log_type":"token"}', '2024-12-19 19:55:51.253053+00', ''),
	('00000000-0000-0000-0000-000000000000', '1f169441-fe1b-4a9b-8d8b-6324b0eca49b', '{"action":"token_revoked","actor_id":"dc91436a-cdf2-4bd2-8208-8b3443972808","actor_username":"lukasjanek99@gmail.com","actor_via_sso":false,"log_type":"token"}', '2024-12-19 19:55:51.253641+00', ''),
	('00000000-0000-0000-0000-000000000000', '75bcae6b-b8bc-4d61-98a3-31482e75eeb6', '{"action":"user_modified","actor_id":"1d56fb23-62f4-462e-8c02-764c910075ab","actor_username":"48666978350","actor_via_sso":false,"log_type":"user"}', '2024-12-19 20:06:22.043434+00', ''),
	('00000000-0000-0000-0000-000000000000', '3155bc38-da8d-4e6e-a46d-78d376972c3f', '{"action":"token_refreshed","actor_id":"1d56fb23-62f4-462e-8c02-764c910075ab","actor_username":"48666978350","actor_via_sso":false,"log_type":"token"}', '2024-12-19 20:06:22.169602+00', ''),
	('00000000-0000-0000-0000-000000000000', 'cd3cd672-ae00-43ea-b355-5409fdcb29a7', '{"action":"token_revoked","actor_id":"1d56fb23-62f4-462e-8c02-764c910075ab","actor_username":"48666978350","actor_via_sso":false,"log_type":"token"}', '2024-12-19 20:06:22.170015+00', ''),
	('00000000-0000-0000-0000-000000000000', '77634b23-e283-47fc-84cb-c9b5de8b6654', '{"action":"token_refreshed","actor_id":"1d56fb23-62f4-462e-8c02-764c910075ab","actor_username":"48666978350","actor_via_sso":false,"log_type":"token"}', '2024-12-20 14:36:39.425162+00', ''),
	('00000000-0000-0000-0000-000000000000', '635cd9a2-3af0-4124-ac9c-3d093356f936', '{"action":"token_revoked","actor_id":"1d56fb23-62f4-462e-8c02-764c910075ab","actor_username":"48666978350","actor_via_sso":false,"log_type":"token"}', '2024-12-20 14:36:39.426873+00', ''),
	('00000000-0000-0000-0000-000000000000', 'cf42f556-d6cc-4bb6-9ba8-e265474d208e', '{"action":"user_modified","actor_id":"1d56fb23-62f4-462e-8c02-764c910075ab","actor_username":"48666978350","actor_via_sso":false,"log_type":"user"}', '2024-12-25 18:40:22.477864+00', ''),
	('00000000-0000-0000-0000-000000000000', '6a12b5a8-c6a1-41ab-9366-fbd3d00af8c4', '{"action":"token_refreshed","actor_id":"1d56fb23-62f4-462e-8c02-764c910075ab","actor_username":"48666978350","actor_via_sso":false,"log_type":"token"}', '2024-12-25 18:40:22.655618+00', ''),
	('00000000-0000-0000-0000-000000000000', '60486ef3-d808-42d6-9b2a-6afe1903b261', '{"action":"token_revoked","actor_id":"1d56fb23-62f4-462e-8c02-764c910075ab","actor_username":"48666978350","actor_via_sso":false,"log_type":"token"}', '2024-12-25 18:40:22.656092+00', ''),
	('00000000-0000-0000-0000-000000000000', '2eab27c6-47a4-4dd7-8017-604a3476e126', '{"action":"token_refreshed","actor_id":"1d56fb23-62f4-462e-8c02-764c910075ab","actor_username":"48666978350","actor_via_sso":false,"log_type":"token"}', '2024-12-21 07:57:27.462661+00', ''),
	('00000000-0000-0000-0000-000000000000', '76b2e53c-7ac8-4cea-9000-ed8f6337e100', '{"action":"token_revoked","actor_id":"1d56fb23-62f4-462e-8c02-764c910075ab","actor_username":"48666978350","actor_via_sso":false,"log_type":"token"}', '2024-12-21 07:57:27.463547+00', ''),
	('00000000-0000-0000-0000-000000000000', 'aaf26857-805b-4658-b939-cffb02b7877c', '{"action":"token_refreshed","actor_id":"1d56fb23-62f4-462e-8c02-764c910075ab","actor_username":"48666978350","actor_via_sso":false,"log_type":"token"}', '2024-12-21 09:16:19.267076+00', ''),
	('00000000-0000-0000-0000-000000000000', '5b0737fb-4181-402d-ad26-077dc7bbefc3', '{"action":"token_revoked","actor_id":"1d56fb23-62f4-462e-8c02-764c910075ab","actor_username":"48666978350","actor_via_sso":false,"log_type":"token"}', '2024-12-21 09:16:19.26814+00', ''),
	('00000000-0000-0000-0000-000000000000', '14e71cdb-26f6-4178-8d8c-4b467f76543d', '{"action":"user_modified","actor_id":"1d56fb23-62f4-462e-8c02-764c910075ab","actor_username":"48666978350","actor_via_sso":false,"log_type":"user"}', '2024-12-21 09:18:42.885557+00', ''),
	('00000000-0000-0000-0000-000000000000', 'df48d3b9-1503-4012-a350-031083bc3358', '{"action":"token_refreshed","actor_id":"1d56fb23-62f4-462e-8c02-764c910075ab","actor_username":"48666978350","actor_via_sso":false,"log_type":"token"}', '2024-12-21 09:18:43.040217+00', ''),
	('00000000-0000-0000-0000-000000000000', 'fe457bf6-f4ab-4bdc-94d5-0b30d6389175', '{"action":"token_revoked","actor_id":"1d56fb23-62f4-462e-8c02-764c910075ab","actor_username":"48666978350","actor_via_sso":false,"log_type":"token"}', '2024-12-21 09:18:43.040906+00', ''),
	('00000000-0000-0000-0000-000000000000', '87a354e3-c786-437d-85a7-3b9dbaeb7f43', '{"action":"user_modified","actor_id":"1d56fb23-62f4-462e-8c02-764c910075ab","actor_username":"48666978350","actor_via_sso":false,"log_type":"user"}', '2024-12-21 10:02:30.124722+00', ''),
	('00000000-0000-0000-0000-000000000000', 'c8fccdc8-e370-440b-b216-53ad740bf178', '{"action":"token_refreshed","actor_id":"1d56fb23-62f4-462e-8c02-764c910075ab","actor_username":"48666978350","actor_via_sso":false,"log_type":"token"}', '2024-12-21 10:02:30.282585+00', ''),
	('00000000-0000-0000-0000-000000000000', '083bb531-fbe5-4b7b-bbcb-bb1b441ed8c6', '{"action":"token_revoked","actor_id":"1d56fb23-62f4-462e-8c02-764c910075ab","actor_username":"48666978350","actor_via_sso":false,"log_type":"token"}', '2024-12-21 10:02:30.283288+00', ''),
	('00000000-0000-0000-0000-000000000000', 'd7a47471-0545-4be0-93fd-cca22cc3ff17', '{"action":"user_modified","actor_id":"1d56fb23-62f4-462e-8c02-764c910075ab","actor_username":"48666978350","actor_via_sso":false,"log_type":"user"}', '2024-12-21 10:04:55.429873+00', ''),
	('00000000-0000-0000-0000-000000000000', '65e39677-96dc-4e38-8db4-ce2fa0b46faa', '{"action":"token_refreshed","actor_id":"1d56fb23-62f4-462e-8c02-764c910075ab","actor_username":"48666978350","actor_via_sso":false,"log_type":"token"}', '2024-12-21 10:04:55.591778+00', ''),
	('00000000-0000-0000-0000-000000000000', 'b9e174d6-d9c2-491b-b05f-d6e8e26b9068', '{"action":"token_revoked","actor_id":"1d56fb23-62f4-462e-8c02-764c910075ab","actor_username":"48666978350","actor_via_sso":false,"log_type":"token"}', '2024-12-21 10:04:55.592302+00', ''),
	('00000000-0000-0000-0000-000000000000', 'caf5a319-4e0d-4952-96c6-f5169d431e94', '{"action":"user_modified","actor_id":"1d56fb23-62f4-462e-8c02-764c910075ab","actor_username":"48666978350","actor_via_sso":false,"log_type":"user"}', '2024-12-21 10:05:41.371324+00', ''),
	('00000000-0000-0000-0000-000000000000', 'e64f0abd-fa6c-4ecc-aa15-b070a583af19', '{"action":"token_refreshed","actor_id":"1d56fb23-62f4-462e-8c02-764c910075ab","actor_username":"48666978350","actor_via_sso":false,"log_type":"token"}', '2024-12-21 10:05:41.500508+00', ''),
	('00000000-0000-0000-0000-000000000000', 'abfc52c3-04bc-4a77-9e79-771a2c7f3187', '{"action":"token_revoked","actor_id":"1d56fb23-62f4-462e-8c02-764c910075ab","actor_username":"48666978350","actor_via_sso":false,"log_type":"token"}', '2024-12-21 10:05:41.501017+00', ''),
	('00000000-0000-0000-0000-000000000000', 'd74ce6c3-f1bc-411f-ba59-73fcb862741a', '{"action":"token_refreshed","actor_id":"1d56fb23-62f4-462e-8c02-764c910075ab","actor_username":"48666978350","actor_via_sso":false,"log_type":"token"}', '2024-12-21 10:12:40.223746+00', ''),
	('00000000-0000-0000-0000-000000000000', 'e04bb80c-0b84-46dc-86fa-0b704209e50f', '{"action":"token_revoked","actor_id":"1d56fb23-62f4-462e-8c02-764c910075ab","actor_username":"48666978350","actor_via_sso":false,"log_type":"token"}', '2024-12-21 10:12:40.224675+00', ''),
	('00000000-0000-0000-0000-000000000000', 'b3b60bcd-ac92-4191-88c6-53cb698a8c0e', '{"action":"user_modified","actor_id":"1d56fb23-62f4-462e-8c02-764c910075ab","actor_username":"48666978350","actor_via_sso":false,"log_type":"user"}', '2024-12-21 10:19:56.512307+00', ''),
	('00000000-0000-0000-0000-000000000000', 'b01bed2e-6448-4d3a-9795-7e57d49fa69e', '{"action":"token_refreshed","actor_id":"1d56fb23-62f4-462e-8c02-764c910075ab","actor_username":"48666978350","actor_via_sso":false,"log_type":"token"}', '2024-12-21 10:19:56.674822+00', ''),
	('00000000-0000-0000-0000-000000000000', '1623dc2a-4e5a-4026-9611-c3e4bd14dec6', '{"action":"token_revoked","actor_id":"1d56fb23-62f4-462e-8c02-764c910075ab","actor_username":"48666978350","actor_via_sso":false,"log_type":"token"}', '2024-12-21 10:19:56.675224+00', ''),
	('00000000-0000-0000-0000-000000000000', 'bb2fa708-b7db-423b-ba42-d279aedb3ef7', '{"action":"user_modified","actor_id":"1d56fb23-62f4-462e-8c02-764c910075ab","actor_username":"48666978350","actor_via_sso":false,"log_type":"user"}', '2024-12-21 10:29:20.414809+00', ''),
	('00000000-0000-0000-0000-000000000000', '6f01c94d-941a-4318-a6b7-43cfc51612e4', '{"action":"token_refreshed","actor_id":"1d56fb23-62f4-462e-8c02-764c910075ab","actor_username":"48666978350","actor_via_sso":false,"log_type":"token"}', '2024-12-21 10:29:20.601053+00', ''),
	('00000000-0000-0000-0000-000000000000', 'a0af3426-9861-4f55-a6fa-6652cb5975ab', '{"action":"token_revoked","actor_id":"1d56fb23-62f4-462e-8c02-764c910075ab","actor_username":"48666978350","actor_via_sso":false,"log_type":"token"}', '2024-12-21 10:29:20.601496+00', ''),
	('00000000-0000-0000-0000-000000000000', '7e0c66ae-92a3-4844-8aa7-6ef684eceb97', '{"action":"user_modified","actor_id":"1d56fb23-62f4-462e-8c02-764c910075ab","actor_username":"48666978350","actor_via_sso":false,"log_type":"user"}', '2024-12-21 10:34:29.345998+00', ''),
	('00000000-0000-0000-0000-000000000000', '13c7e2d1-f3a2-4029-b152-2c25fc029085', '{"action":"token_refreshed","actor_id":"1d56fb23-62f4-462e-8c02-764c910075ab","actor_username":"48666978350","actor_via_sso":false,"log_type":"token"}', '2024-12-21 10:34:29.524384+00', ''),
	('00000000-0000-0000-0000-000000000000', '3253e769-e4c6-45aa-b604-19ab392b3354', '{"action":"token_revoked","actor_id":"1d56fb23-62f4-462e-8c02-764c910075ab","actor_username":"48666978350","actor_via_sso":false,"log_type":"token"}', '2024-12-21 10:34:29.524835+00', ''),
	('00000000-0000-0000-0000-000000000000', '4d8d03f8-3b10-4217-99be-ce2bbe384588', '{"action":"user_modified","actor_id":"1d56fb23-62f4-462e-8c02-764c910075ab","actor_username":"48666978350","actor_via_sso":false,"log_type":"user"}', '2024-12-21 10:36:30.879266+00', ''),
	('00000000-0000-0000-0000-000000000000', '1bfd3980-de60-4ce2-bcf4-76b80e5f8d84', '{"action":"token_refreshed","actor_id":"1d56fb23-62f4-462e-8c02-764c910075ab","actor_username":"48666978350","actor_via_sso":false,"log_type":"token"}', '2024-12-21 10:36:31.04297+00', ''),
	('00000000-0000-0000-0000-000000000000', 'a7f5b53d-d982-48c7-92a8-01f2c8c6d503', '{"action":"token_revoked","actor_id":"1d56fb23-62f4-462e-8c02-764c910075ab","actor_username":"48666978350","actor_via_sso":false,"log_type":"token"}', '2024-12-21 10:36:31.043477+00', ''),
	('00000000-0000-0000-0000-000000000000', 'cd64474f-e3bb-4e6d-9ff0-a4bed89686d7', '{"action":"user_modified","actor_id":"1d56fb23-62f4-462e-8c02-764c910075ab","actor_username":"48666978350","actor_via_sso":false,"log_type":"user"}', '2024-12-21 10:41:01.027741+00', ''),
	('00000000-0000-0000-0000-000000000000', '722cf847-309d-4811-ab7a-472691ddacd3', '{"action":"token_refreshed","actor_id":"1d56fb23-62f4-462e-8c02-764c910075ab","actor_username":"48666978350","actor_via_sso":false,"log_type":"token"}', '2024-12-21 10:41:01.198116+00', ''),
	('00000000-0000-0000-0000-000000000000', '6bb3f96a-3f4b-4e75-98cf-ec40fcaf44fa', '{"action":"token_revoked","actor_id":"1d56fb23-62f4-462e-8c02-764c910075ab","actor_username":"48666978350","actor_via_sso":false,"log_type":"token"}', '2024-12-21 10:41:01.198829+00', ''),
	('00000000-0000-0000-0000-000000000000', 'ca897440-61ca-46fd-8c49-2645e0644267', '{"action":"user_modified","actor_id":"1d56fb23-62f4-462e-8c02-764c910075ab","actor_username":"48666978350","actor_via_sso":false,"log_type":"user"}', '2024-12-21 10:41:36.652751+00', ''),
	('00000000-0000-0000-0000-000000000000', '16454366-bfac-4d03-8c4e-60be81bf350c', '{"action":"token_refreshed","actor_id":"1d56fb23-62f4-462e-8c02-764c910075ab","actor_username":"48666978350","actor_via_sso":false,"log_type":"token"}', '2024-12-21 10:41:36.868138+00', ''),
	('00000000-0000-0000-0000-000000000000', '5d5b7561-78b5-40c1-80c5-494c52d14f51', '{"action":"token_revoked","actor_id":"1d56fb23-62f4-462e-8c02-764c910075ab","actor_username":"48666978350","actor_via_sso":false,"log_type":"token"}', '2024-12-21 10:41:36.868556+00', ''),
	('00000000-0000-0000-0000-000000000000', 'e674fcd3-8ff5-4e57-a4f4-e39dbc37c610', '{"action":"user_modified","actor_id":"1d56fb23-62f4-462e-8c02-764c910075ab","actor_username":"48666978350","actor_via_sso":false,"log_type":"user"}', '2024-12-21 10:42:02.69089+00', ''),
	('00000000-0000-0000-0000-000000000000', 'b88aad78-fc71-42d1-87d5-37e66892f27d', '{"action":"token_refreshed","actor_id":"1d56fb23-62f4-462e-8c02-764c910075ab","actor_username":"48666978350","actor_via_sso":false,"log_type":"token"}', '2024-12-21 10:42:02.898762+00', ''),
	('00000000-0000-0000-0000-000000000000', '597f89d4-e093-46c4-ae4c-ef3e0e45ed7d', '{"action":"token_revoked","actor_id":"1d56fb23-62f4-462e-8c02-764c910075ab","actor_username":"48666978350","actor_via_sso":false,"log_type":"token"}', '2024-12-21 10:42:02.899196+00', ''),
	('00000000-0000-0000-0000-000000000000', '3889d800-ff93-417f-9b8a-a7b3e8874210', '{"action":"user_modified","actor_id":"1d56fb23-62f4-462e-8c02-764c910075ab","actor_username":"48666978350","actor_via_sso":false,"log_type":"user"}', '2024-12-21 10:43:22.594428+00', ''),
	('00000000-0000-0000-0000-000000000000', '6a155c15-3bbb-4106-8d52-9b12faec44d5', '{"action":"token_refreshed","actor_id":"1d56fb23-62f4-462e-8c02-764c910075ab","actor_username":"48666978350","actor_via_sso":false,"log_type":"token"}', '2024-12-21 10:43:22.815208+00', ''),
	('00000000-0000-0000-0000-000000000000', '0a4ac010-b220-467f-aea1-c25a864cca27', '{"action":"token_revoked","actor_id":"1d56fb23-62f4-462e-8c02-764c910075ab","actor_username":"48666978350","actor_via_sso":false,"log_type":"token"}', '2024-12-21 10:43:22.815834+00', ''),
	('00000000-0000-0000-0000-000000000000', '05c7884e-3c92-4c28-8fb1-337954bf3b82', '{"action":"user_modified","actor_id":"1d56fb23-62f4-462e-8c02-764c910075ab","actor_username":"48666978350","actor_via_sso":false,"log_type":"user"}', '2024-12-21 10:43:46.520227+00', ''),
	('00000000-0000-0000-0000-000000000000', '6ee353ec-99de-4afe-a4b5-3aaf37d138fe', '{"action":"token_refreshed","actor_id":"1d56fb23-62f4-462e-8c02-764c910075ab","actor_username":"48666978350","actor_via_sso":false,"log_type":"token"}', '2024-12-21 10:43:46.697822+00', ''),
	('00000000-0000-0000-0000-000000000000', '94b67307-f5f7-4afb-9aa2-c381cdf74bad', '{"action":"token_revoked","actor_id":"1d56fb23-62f4-462e-8c02-764c910075ab","actor_username":"48666978350","actor_via_sso":false,"log_type":"token"}', '2024-12-21 10:43:46.698811+00', ''),
	('00000000-0000-0000-0000-000000000000', '76fe30e4-6628-40d5-932b-da5de4e26c75', '{"action":"user_modified","actor_id":"1d56fb23-62f4-462e-8c02-764c910075ab","actor_username":"48666978350","actor_via_sso":false,"log_type":"user"}', '2024-12-21 10:58:35.920538+00', ''),
	('00000000-0000-0000-0000-000000000000', '27aa21d7-8107-4134-8db3-4e0bfb795239', '{"action":"token_refreshed","actor_id":"1d56fb23-62f4-462e-8c02-764c910075ab","actor_username":"48666978350","actor_via_sso":false,"log_type":"token"}', '2024-12-21 10:58:36.083431+00', ''),
	('00000000-0000-0000-0000-000000000000', 'e5a66490-ab05-438f-8888-e7c2284e6bd5', '{"action":"token_revoked","actor_id":"1d56fb23-62f4-462e-8c02-764c910075ab","actor_username":"48666978350","actor_via_sso":false,"log_type":"token"}', '2024-12-21 10:58:36.084227+00', ''),
	('00000000-0000-0000-0000-000000000000', '68aa2b56-7a2a-4d10-8e5b-69088095b382', '{"action":"token_refreshed","actor_id":"1d56fb23-62f4-462e-8c02-764c910075ab","actor_username":"48666978350","actor_via_sso":false,"log_type":"token"}', '2024-12-21 11:58:05.425082+00', ''),
	('00000000-0000-0000-0000-000000000000', 'c921caaa-a1c4-4341-80d2-dfe0959543d5', '{"action":"token_revoked","actor_id":"1d56fb23-62f4-462e-8c02-764c910075ab","actor_username":"48666978350","actor_via_sso":false,"log_type":"token"}', '2024-12-21 11:58:05.426057+00', ''),
	('00000000-0000-0000-0000-000000000000', 'accf02d3-8fd5-490f-b57c-3865612201e3', '{"action":"user_modified","actor_id":"1d56fb23-62f4-462e-8c02-764c910075ab","actor_username":"48666978350","actor_via_sso":false,"log_type":"user"}', '2024-12-21 12:49:15.982535+00', ''),
	('00000000-0000-0000-0000-000000000000', '93bde1b6-f7f7-4fef-92ae-266faefb3092', '{"action":"token_refreshed","actor_id":"1d56fb23-62f4-462e-8c02-764c910075ab","actor_username":"48666978350","actor_via_sso":false,"log_type":"token"}', '2024-12-21 12:49:16.178404+00', ''),
	('00000000-0000-0000-0000-000000000000', '1c565115-a6c7-468e-9c23-9049a3b85668', '{"action":"token_revoked","actor_id":"1d56fb23-62f4-462e-8c02-764c910075ab","actor_username":"48666978350","actor_via_sso":false,"log_type":"token"}', '2024-12-21 12:49:16.178933+00', ''),
	('00000000-0000-0000-0000-000000000000', '57743531-be5d-4e1e-a4b9-5de4ee2bb73d', '{"action":"user_modified","actor_id":"1d56fb23-62f4-462e-8c02-764c910075ab","actor_username":"48666978350","actor_via_sso":false,"log_type":"user"}', '2024-12-21 12:50:07.409909+00', ''),
	('00000000-0000-0000-0000-000000000000', '320672d9-2c1a-4d3c-bdc1-15df30ee682a', '{"action":"token_refreshed","actor_id":"1d56fb23-62f4-462e-8c02-764c910075ab","actor_username":"48666978350","actor_via_sso":false,"log_type":"token"}', '2024-12-21 12:50:07.579606+00', ''),
	('00000000-0000-0000-0000-000000000000', 'aa7f3bdd-51fd-4c84-9169-f4d202794344', '{"action":"token_revoked","actor_id":"1d56fb23-62f4-462e-8c02-764c910075ab","actor_username":"48666978350","actor_via_sso":false,"log_type":"token"}', '2024-12-21 12:50:07.580123+00', ''),
	('00000000-0000-0000-0000-000000000000', 'ecd2a33f-6cb8-46be-8ec5-ab35b31f3faf', '{"action":"user_modified","actor_id":"1d56fb23-62f4-462e-8c02-764c910075ab","actor_username":"48666978350","actor_via_sso":false,"log_type":"user"}', '2024-12-21 12:51:58.456813+00', ''),
	('00000000-0000-0000-0000-000000000000', '0183a199-e586-4560-a1a6-0b92c94e2c7f', '{"action":"token_refreshed","actor_id":"1d56fb23-62f4-462e-8c02-764c910075ab","actor_username":"48666978350","actor_via_sso":false,"log_type":"token"}', '2024-12-21 12:51:58.717662+00', ''),
	('00000000-0000-0000-0000-000000000000', '5cae96da-ccdf-4d80-94b1-8afa8c836c95', '{"action":"token_revoked","actor_id":"1d56fb23-62f4-462e-8c02-764c910075ab","actor_username":"48666978350","actor_via_sso":false,"log_type":"token"}', '2024-12-21 12:51:58.71818+00', ''),
	('00000000-0000-0000-0000-000000000000', '1bcd0d04-bd0a-4a0b-b245-9062d19a2f3d', '{"action":"user_modified","actor_id":"1d56fb23-62f4-462e-8c02-764c910075ab","actor_username":"48666978350","actor_via_sso":false,"log_type":"user"}', '2024-12-21 12:52:56.798942+00', ''),
	('00000000-0000-0000-0000-000000000000', '65d1daa3-5554-45ff-9d3b-4d5a37c50571', '{"action":"token_refreshed","actor_id":"1d56fb23-62f4-462e-8c02-764c910075ab","actor_username":"48666978350","actor_via_sso":false,"log_type":"token"}', '2024-12-21 12:52:57.021176+00', ''),
	('00000000-0000-0000-0000-000000000000', 'c3808c1c-581d-4e8e-a46e-5fe1ae3a9194', '{"action":"token_revoked","actor_id":"1d56fb23-62f4-462e-8c02-764c910075ab","actor_username":"48666978350","actor_via_sso":false,"log_type":"token"}', '2024-12-21 12:52:57.021743+00', ''),
	('00000000-0000-0000-0000-000000000000', '04055a19-b57a-4740-b1a4-ac592a1954e3', '{"action":"user_modified","actor_id":"1d56fb23-62f4-462e-8c02-764c910075ab","actor_username":"48666978350","actor_via_sso":false,"log_type":"user"}', '2024-12-21 13:11:33.710876+00', ''),
	('00000000-0000-0000-0000-000000000000', 'd059ae8c-19e6-4941-98b7-ce02566198a2', '{"action":"token_refreshed","actor_id":"1d56fb23-62f4-462e-8c02-764c910075ab","actor_username":"48666978350","actor_via_sso":false,"log_type":"token"}', '2024-12-21 13:11:33.954412+00', ''),
	('00000000-0000-0000-0000-000000000000', '8db0f324-fe60-401f-a4db-d5bf864c4970', '{"action":"token_revoked","actor_id":"1d56fb23-62f4-462e-8c02-764c910075ab","actor_username":"48666978350","actor_via_sso":false,"log_type":"token"}', '2024-12-21 13:11:33.954916+00', ''),
	('00000000-0000-0000-0000-000000000000', '41d9c7c1-26f6-4685-aaa1-726215292327', '{"action":"user_modified","actor_id":"1d56fb23-62f4-462e-8c02-764c910075ab","actor_username":"48666978350","actor_via_sso":false,"log_type":"user"}', '2024-12-21 13:25:40.798676+00', ''),
	('00000000-0000-0000-0000-000000000000', '379a480e-7753-47d5-8af0-311fccf7b030', '{"action":"token_refreshed","actor_id":"1d56fb23-62f4-462e-8c02-764c910075ab","actor_username":"48666978350","actor_via_sso":false,"log_type":"token"}', '2024-12-21 13:25:41.032068+00', ''),
	('00000000-0000-0000-0000-000000000000', '64cc46b8-4cbb-48e6-88ad-7ab4477628d3', '{"action":"token_revoked","actor_id":"1d56fb23-62f4-462e-8c02-764c910075ab","actor_username":"48666978350","actor_via_sso":false,"log_type":"token"}', '2024-12-21 13:25:41.032553+00', ''),
	('00000000-0000-0000-0000-000000000000', 'a8bb79fa-c427-458d-a52e-30394f754a9b', '{"action":"user_modified","actor_id":"1d56fb23-62f4-462e-8c02-764c910075ab","actor_username":"48666978350","actor_via_sso":false,"log_type":"user"}', '2024-12-21 13:26:36.365048+00', ''),
	('00000000-0000-0000-0000-000000000000', '71373c9f-c311-4d83-9d6b-f8369a1991b5', '{"action":"token_refreshed","actor_id":"1d56fb23-62f4-462e-8c02-764c910075ab","actor_username":"48666978350","actor_via_sso":false,"log_type":"token"}', '2024-12-21 13:26:36.527523+00', ''),
	('00000000-0000-0000-0000-000000000000', '3b6ee0e6-2173-4489-97bd-a2b2e94c083e', '{"action":"token_revoked","actor_id":"1d56fb23-62f4-462e-8c02-764c910075ab","actor_username":"48666978350","actor_via_sso":false,"log_type":"token"}', '2024-12-21 13:26:36.528189+00', ''),
	('00000000-0000-0000-0000-000000000000', '6674d07a-0b9a-4044-850e-e9cceaac06a5', '{"action":"token_refreshed","actor_id":"1d56fb23-62f4-462e-8c02-764c910075ab","actor_username":"48666978350","actor_via_sso":false,"log_type":"token"}', '2024-12-21 14:26:05.963989+00', ''),
	('00000000-0000-0000-0000-000000000000', '07906597-4200-48b6-b812-def84a6043f8', '{"action":"token_revoked","actor_id":"1d56fb23-62f4-462e-8c02-764c910075ab","actor_username":"48666978350","actor_via_sso":false,"log_type":"token"}', '2024-12-21 14:26:05.964903+00', ''),
	('00000000-0000-0000-0000-000000000000', '67695a54-f5bf-4133-8568-91b8c6bcb3e5', '{"action":"token_refreshed","actor_id":"1d56fb23-62f4-462e-8c02-764c910075ab","actor_username":"48666978350","actor_via_sso":false,"log_type":"token"}', '2024-12-21 15:25:25.951612+00', ''),
	('00000000-0000-0000-0000-000000000000', '766d2f62-3055-45b8-a6bd-2d7f1bef08d6', '{"action":"token_revoked","actor_id":"1d56fb23-62f4-462e-8c02-764c910075ab","actor_username":"48666978350","actor_via_sso":false,"log_type":"token"}', '2024-12-21 15:25:25.952597+00', ''),
	('00000000-0000-0000-0000-000000000000', '54af1456-aa06-4033-a18a-f772d7386509', '{"action":"token_refreshed","actor_id":"1d56fb23-62f4-462e-8c02-764c910075ab","actor_username":"48666978350","actor_via_sso":false,"log_type":"token"}', '2024-12-21 16:24:45.97174+00', ''),
	('00000000-0000-0000-0000-000000000000', '16d37b6a-4ae1-41e5-a793-099326460f64', '{"action":"token_revoked","actor_id":"1d56fb23-62f4-462e-8c02-764c910075ab","actor_username":"48666978350","actor_via_sso":false,"log_type":"token"}', '2024-12-21 16:24:45.97357+00', ''),
	('00000000-0000-0000-0000-000000000000', '5cff2993-24de-42b9-9e11-53a1dceed08a', '{"action":"token_refreshed","actor_id":"1d56fb23-62f4-462e-8c02-764c910075ab","actor_username":"48666978350","actor_via_sso":false,"log_type":"token"}', '2024-12-22 06:41:50.500478+00', ''),
	('00000000-0000-0000-0000-000000000000', '2788d1ca-c88b-46d7-9cf7-d8022c891834', '{"action":"token_revoked","actor_id":"1d56fb23-62f4-462e-8c02-764c910075ab","actor_username":"48666978350","actor_via_sso":false,"log_type":"token"}', '2024-12-22 06:41:50.501258+00', ''),
	('00000000-0000-0000-0000-000000000000', '602882ad-8f27-4516-b8ff-9fd0a4196db3', '{"action":"user_modified","actor_id":"1d56fb23-62f4-462e-8c02-764c910075ab","actor_username":"48666978350","actor_via_sso":false,"log_type":"user"}', '2024-12-22 06:42:31.349139+00', ''),
	('00000000-0000-0000-0000-000000000000', '5deee63d-742c-4810-9002-c353e309e877', '{"action":"token_refreshed","actor_id":"1d56fb23-62f4-462e-8c02-764c910075ab","actor_username":"48666978350","actor_via_sso":false,"log_type":"token"}', '2024-12-22 06:42:31.530179+00', ''),
	('00000000-0000-0000-0000-000000000000', '2107bbed-49d7-44b7-a213-eb9e32861b64', '{"action":"token_revoked","actor_id":"1d56fb23-62f4-462e-8c02-764c910075ab","actor_username":"48666978350","actor_via_sso":false,"log_type":"token"}', '2024-12-22 06:42:31.530733+00', ''),
	('00000000-0000-0000-0000-000000000000', 'bd9c5eb5-d18a-4402-ad87-2066e1470fdf', '{"action":"token_refreshed","actor_id":"1d56fb23-62f4-462e-8c02-764c910075ab","actor_username":"48666978350","actor_via_sso":false,"log_type":"token"}', '2024-12-22 09:01:23.129067+00', ''),
	('00000000-0000-0000-0000-000000000000', '387a1ef9-e528-49fe-b5dc-459e42e6d68e', '{"action":"token_revoked","actor_id":"1d56fb23-62f4-462e-8c02-764c910075ab","actor_username":"48666978350","actor_via_sso":false,"log_type":"token"}', '2024-12-22 09:01:23.130164+00', ''),
	('00000000-0000-0000-0000-000000000000', '74fb65b0-2b64-493f-8b7f-7af4f85de082', '{"action":"user_modified","actor_id":"1d56fb23-62f4-462e-8c02-764c910075ab","actor_username":"48666978350","actor_via_sso":false,"log_type":"user"}', '2024-12-22 09:05:36.900942+00', ''),
	('00000000-0000-0000-0000-000000000000', '796de977-35b3-4db7-a520-854e9c1269c6', '{"action":"token_refreshed","actor_id":"1d56fb23-62f4-462e-8c02-764c910075ab","actor_username":"48666978350","actor_via_sso":false,"log_type":"token"}', '2024-12-22 09:05:37.098242+00', ''),
	('00000000-0000-0000-0000-000000000000', '12f67203-4428-4bfc-88f3-d2cd3b754989', '{"action":"token_revoked","actor_id":"1d56fb23-62f4-462e-8c02-764c910075ab","actor_username":"48666978350","actor_via_sso":false,"log_type":"token"}', '2024-12-22 09:05:37.098754+00', ''),
	('00000000-0000-0000-0000-000000000000', 'b0ab64db-188a-490b-bbae-fa5fe3670398', '{"action":"user_modified","actor_id":"1d56fb23-62f4-462e-8c02-764c910075ab","actor_username":"48666978350","actor_via_sso":false,"log_type":"user"}', '2024-12-22 09:08:10.329789+00', ''),
	('00000000-0000-0000-0000-000000000000', '6e9431fd-75cb-479e-9309-85e5aedbd4dc', '{"action":"token_refreshed","actor_id":"1d56fb23-62f4-462e-8c02-764c910075ab","actor_username":"48666978350","actor_via_sso":false,"log_type":"token"}', '2024-12-22 09:08:10.569039+00', ''),
	('00000000-0000-0000-0000-000000000000', '202ca67e-1707-4b6d-b164-b15d4ca2ea01', '{"action":"token_revoked","actor_id":"1d56fb23-62f4-462e-8c02-764c910075ab","actor_username":"48666978350","actor_via_sso":false,"log_type":"token"}', '2024-12-22 09:08:10.569527+00', ''),
	('00000000-0000-0000-0000-000000000000', '5f6ed370-df45-4460-8eed-036ee50389d5', '{"action":"user_modified","actor_id":"1d56fb23-62f4-462e-8c02-764c910075ab","actor_username":"48666978350","actor_via_sso":false,"log_type":"user"}', '2024-12-22 09:09:38.497659+00', ''),
	('00000000-0000-0000-0000-000000000000', 'f03f55f3-72b4-4ea6-a2ed-02457a9b93a2', '{"action":"token_refreshed","actor_id":"1d56fb23-62f4-462e-8c02-764c910075ab","actor_username":"48666978350","actor_via_sso":false,"log_type":"token"}', '2024-12-22 09:09:38.666725+00', ''),
	('00000000-0000-0000-0000-000000000000', '505b5bf3-fe0d-4757-8077-50fde684cf2f', '{"action":"token_revoked","actor_id":"1d56fb23-62f4-462e-8c02-764c910075ab","actor_username":"48666978350","actor_via_sso":false,"log_type":"token"}', '2024-12-22 09:09:38.667144+00', ''),
	('00000000-0000-0000-0000-000000000000', '3e7f1045-9c45-4026-9c21-4bc0680048cc', '{"action":"user_modified","actor_id":"1d56fb23-62f4-462e-8c02-764c910075ab","actor_username":"48666978350","actor_via_sso":false,"log_type":"user"}', '2024-12-22 09:10:42.885512+00', ''),
	('00000000-0000-0000-0000-000000000000', 'b9658e1f-6dff-4a18-b635-0eb63a90198e', '{"action":"token_refreshed","actor_id":"1d56fb23-62f4-462e-8c02-764c910075ab","actor_username":"48666978350","actor_via_sso":false,"log_type":"token"}', '2024-12-22 09:10:43.040974+00', ''),
	('00000000-0000-0000-0000-000000000000', 'c888d504-a710-474b-8bbb-de9f9568a5d4', '{"action":"token_revoked","actor_id":"1d56fb23-62f4-462e-8c02-764c910075ab","actor_username":"48666978350","actor_via_sso":false,"log_type":"token"}', '2024-12-22 09:10:43.041386+00', ''),
	('00000000-0000-0000-0000-000000000000', 'bbaa7f5b-7168-4ce9-a78c-b50aecf1948e', '{"action":"user_modified","actor_id":"1d56fb23-62f4-462e-8c02-764c910075ab","actor_username":"48666978350","actor_via_sso":false,"log_type":"user"}', '2024-12-22 09:11:20.100521+00', ''),
	('00000000-0000-0000-0000-000000000000', '879860eb-43e0-40cc-babb-615f5abbbedc', '{"action":"token_refreshed","actor_id":"1d56fb23-62f4-462e-8c02-764c910075ab","actor_username":"48666978350","actor_via_sso":false,"log_type":"token"}', '2024-12-22 09:11:20.272553+00', ''),
	('00000000-0000-0000-0000-000000000000', '8887d0e1-cc13-4c4f-ba6f-301caced90c1', '{"action":"token_revoked","actor_id":"1d56fb23-62f4-462e-8c02-764c910075ab","actor_username":"48666978350","actor_via_sso":false,"log_type":"token"}', '2024-12-22 09:11:20.273001+00', ''),
	('00000000-0000-0000-0000-000000000000', 'a660cfa6-0e6a-4e27-a913-870945f43a14', '{"action":"user_modified","actor_id":"1d56fb23-62f4-462e-8c02-764c910075ab","actor_username":"48666978350","actor_via_sso":false,"log_type":"user"}', '2024-12-22 09:21:25.46202+00', ''),
	('00000000-0000-0000-0000-000000000000', 'f386b728-d745-4197-b23b-68fec3c61a48', '{"action":"token_refreshed","actor_id":"1d56fb23-62f4-462e-8c02-764c910075ab","actor_username":"48666978350","actor_via_sso":false,"log_type":"token"}', '2024-12-22 09:21:25.689767+00', ''),
	('00000000-0000-0000-0000-000000000000', 'bdd51864-60f8-489d-9e30-3d7b8b7453b3', '{"action":"token_revoked","actor_id":"1d56fb23-62f4-462e-8c02-764c910075ab","actor_username":"48666978350","actor_via_sso":false,"log_type":"token"}', '2024-12-22 09:21:25.690255+00', ''),
	('00000000-0000-0000-0000-000000000000', 'dafd5795-fe4f-4337-881c-719e50fdd720', '{"action":"user_modified","actor_id":"1d56fb23-62f4-462e-8c02-764c910075ab","actor_username":"48666978350","actor_via_sso":false,"log_type":"user"}', '2024-12-22 09:21:55.021523+00', ''),
	('00000000-0000-0000-0000-000000000000', 'a42ca93e-d112-4e50-a1de-7e566db87140', '{"action":"token_refreshed","actor_id":"1d56fb23-62f4-462e-8c02-764c910075ab","actor_username":"48666978350","actor_via_sso":false,"log_type":"token"}', '2024-12-22 09:21:55.201348+00', ''),
	('00000000-0000-0000-0000-000000000000', 'db0a4068-3322-4ddf-bc5d-535416e2dfbe', '{"action":"token_revoked","actor_id":"1d56fb23-62f4-462e-8c02-764c910075ab","actor_username":"48666978350","actor_via_sso":false,"log_type":"token"}', '2024-12-22 09:21:55.201901+00', ''),
	('00000000-0000-0000-0000-000000000000', 'ac0bfddc-5f33-48fd-a473-a45d6546c849', '{"action":"user_modified","actor_id":"1d56fb23-62f4-462e-8c02-764c910075ab","actor_username":"48666978350","actor_via_sso":false,"log_type":"user"}', '2024-12-22 09:22:43.319026+00', ''),
	('00000000-0000-0000-0000-000000000000', '56aef9c7-ddbb-4781-8513-422f2e8dfa1d', '{"action":"token_refreshed","actor_id":"1d56fb23-62f4-462e-8c02-764c910075ab","actor_username":"48666978350","actor_via_sso":false,"log_type":"token"}', '2024-12-22 09:22:43.478363+00', ''),
	('00000000-0000-0000-0000-000000000000', '51456ab4-5ff4-460a-aa62-0089bd155230', '{"action":"token_revoked","actor_id":"1d56fb23-62f4-462e-8c02-764c910075ab","actor_username":"48666978350","actor_via_sso":false,"log_type":"token"}', '2024-12-22 09:22:43.479012+00', ''),
	('00000000-0000-0000-0000-000000000000', '35e75e8e-ed7b-47b0-a1e9-997a3b0bd736', '{"action":"user_modified","actor_id":"1d56fb23-62f4-462e-8c02-764c910075ab","actor_username":"48666978350","actor_via_sso":false,"log_type":"user"}', '2024-12-22 09:23:01.469537+00', ''),
	('00000000-0000-0000-0000-000000000000', '9796c424-0eb5-4a95-b51d-396444a841bd', '{"action":"token_refreshed","actor_id":"1d56fb23-62f4-462e-8c02-764c910075ab","actor_username":"48666978350","actor_via_sso":false,"log_type":"token"}', '2024-12-22 09:23:01.627835+00', ''),
	('00000000-0000-0000-0000-000000000000', '1baf7ece-8656-4cb4-b4ad-375c254e61e7', '{"action":"user_modified","actor_id":"1d56fb23-62f4-462e-8c02-764c910075ab","actor_username":"48666978350","actor_via_sso":false,"log_type":"user"}', '2024-12-22 09:23:27.228353+00', ''),
	('00000000-0000-0000-0000-000000000000', '97a6972f-f7a4-474a-a715-66dd7feb0760', '{"action":"token_refreshed","actor_id":"1d56fb23-62f4-462e-8c02-764c910075ab","actor_username":"48666978350","actor_via_sso":false,"log_type":"token"}', '2024-12-22 09:23:27.503581+00', ''),
	('00000000-0000-0000-0000-000000000000', '2f1b8e7c-18a0-46b9-adc1-29b6260abc6c', '{"action":"token_revoked","actor_id":"1d56fb23-62f4-462e-8c02-764c910075ab","actor_username":"48666978350","actor_via_sso":false,"log_type":"token"}', '2024-12-22 09:23:27.504057+00', ''),
	('00000000-0000-0000-0000-000000000000', '297926ab-92f9-4f1c-88c3-f3f1352f4c6b', '{"action":"user_modified","actor_id":"1d56fb23-62f4-462e-8c02-764c910075ab","actor_username":"48666978350","actor_via_sso":false,"log_type":"user"}', '2024-12-22 09:25:58.581982+00', ''),
	('00000000-0000-0000-0000-000000000000', '965e6b50-7820-4041-a4af-e45ec9d59080', '{"action":"token_refreshed","actor_id":"1d56fb23-62f4-462e-8c02-764c910075ab","actor_username":"48666978350","actor_via_sso":false,"log_type":"token"}', '2024-12-22 09:25:59.588264+00', ''),
	('00000000-0000-0000-0000-000000000000', 'a263aecb-ad6e-40e6-98df-c09c3e749c01', '{"action":"token_revoked","actor_id":"1d56fb23-62f4-462e-8c02-764c910075ab","actor_username":"48666978350","actor_via_sso":false,"log_type":"token"}', '2024-12-22 09:25:59.588821+00', ''),
	('00000000-0000-0000-0000-000000000000', 'c9a9d091-ca6b-4a22-9929-2b52602520dd', '{"action":"user_modified","actor_id":"1d56fb23-62f4-462e-8c02-764c910075ab","actor_username":"48666978350","actor_via_sso":false,"log_type":"user"}', '2024-12-22 09:32:32.396965+00', ''),
	('00000000-0000-0000-0000-000000000000', 'd9b49578-ff0d-4db1-8e3d-9d9994f8d934', '{"action":"token_refreshed","actor_id":"1d56fb23-62f4-462e-8c02-764c910075ab","actor_username":"48666978350","actor_via_sso":false,"log_type":"token"}', '2024-12-22 09:32:32.622133+00', ''),
	('00000000-0000-0000-0000-000000000000', 'c4269029-d183-46b3-a989-476e67359ca2', '{"action":"token_revoked","actor_id":"1d56fb23-62f4-462e-8c02-764c910075ab","actor_username":"48666978350","actor_via_sso":false,"log_type":"token"}', '2024-12-22 09:32:32.62263+00', ''),
	('00000000-0000-0000-0000-000000000000', '83ca4913-6756-4d18-a987-24a787f0c6a0', '{"action":"user_modified","actor_id":"1d56fb23-62f4-462e-8c02-764c910075ab","actor_username":"48666978350","actor_via_sso":false,"log_type":"user"}', '2024-12-22 09:33:22.309639+00', ''),
	('00000000-0000-0000-0000-000000000000', '5a3f35f6-a808-471e-a2b2-4a65fe226d6d', '{"action":"token_refreshed","actor_id":"1d56fb23-62f4-462e-8c02-764c910075ab","actor_username":"48666978350","actor_via_sso":false,"log_type":"token"}', '2024-12-22 09:33:22.457398+00', ''),
	('00000000-0000-0000-0000-000000000000', 'e1272dd7-3f16-4fb5-b113-ae6a87a06944', '{"action":"token_revoked","actor_id":"1d56fb23-62f4-462e-8c02-764c910075ab","actor_username":"48666978350","actor_via_sso":false,"log_type":"token"}', '2024-12-22 09:33:22.45788+00', ''),
	('00000000-0000-0000-0000-000000000000', '42c7447f-cbac-4165-942d-2c7043a41cbe', '{"action":"user_modified","actor_id":"1d56fb23-62f4-462e-8c02-764c910075ab","actor_username":"48666978350","actor_via_sso":false,"log_type":"user"}', '2024-12-22 09:33:53.651715+00', ''),
	('00000000-0000-0000-0000-000000000000', 'a5b4432b-53d9-4e24-bddf-2184dacde8eb', '{"action":"token_refreshed","actor_id":"1d56fb23-62f4-462e-8c02-764c910075ab","actor_username":"48666978350","actor_via_sso":false,"log_type":"token"}', '2024-12-22 09:33:53.943756+00', ''),
	('00000000-0000-0000-0000-000000000000', '9fdbc266-c6a8-47ea-b4db-1458eecca1de', '{"action":"token_revoked","actor_id":"1d56fb23-62f4-462e-8c02-764c910075ab","actor_username":"48666978350","actor_via_sso":false,"log_type":"token"}', '2024-12-22 09:33:53.944296+00', ''),
	('00000000-0000-0000-0000-000000000000', 'cdd194ea-4efd-40f2-9d4a-fa45908a7a17', '{"action":"user_modified","actor_id":"1d56fb23-62f4-462e-8c02-764c910075ab","actor_username":"48666978350","actor_via_sso":false,"log_type":"user"}', '2024-12-22 09:34:31.315696+00', ''),
	('00000000-0000-0000-0000-000000000000', 'ab9fdbf0-b11f-448d-b734-0a793d3c27b9', '{"action":"token_refreshed","actor_id":"1d56fb23-62f4-462e-8c02-764c910075ab","actor_username":"48666978350","actor_via_sso":false,"log_type":"token"}', '2024-12-22 09:34:31.477141+00', ''),
	('00000000-0000-0000-0000-000000000000', '22a06325-c506-4b01-8ea1-ba6e2bc96724', '{"action":"token_revoked","actor_id":"1d56fb23-62f4-462e-8c02-764c910075ab","actor_username":"48666978350","actor_via_sso":false,"log_type":"token"}', '2024-12-22 09:34:31.477607+00', ''),
	('00000000-0000-0000-0000-000000000000', 'a14b8021-3b0c-4103-8056-c8278acaebc9', '{"action":"user_modified","actor_id":"1d56fb23-62f4-462e-8c02-764c910075ab","actor_username":"48666978350","actor_via_sso":false,"log_type":"user"}', '2024-12-22 09:34:53.672193+00', ''),
	('00000000-0000-0000-0000-000000000000', '864e09d3-b960-4031-b4b7-04f1cb0e5a26', '{"action":"token_refreshed","actor_id":"1d56fb23-62f4-462e-8c02-764c910075ab","actor_username":"48666978350","actor_via_sso":false,"log_type":"token"}', '2024-12-22 09:34:53.866824+00', ''),
	('00000000-0000-0000-0000-000000000000', 'd42e2034-037e-499c-97df-e6f1f737379d', '{"action":"token_revoked","actor_id":"1d56fb23-62f4-462e-8c02-764c910075ab","actor_username":"48666978350","actor_via_sso":false,"log_type":"token"}', '2024-12-22 09:34:53.867471+00', ''),
	('00000000-0000-0000-0000-000000000000', '6689ff19-4638-45a9-86d0-09af4396e35f', '{"action":"user_modified","actor_id":"1d56fb23-62f4-462e-8c02-764c910075ab","actor_username":"48666978350","actor_via_sso":false,"log_type":"user"}', '2024-12-22 09:35:22.382525+00', ''),
	('00000000-0000-0000-0000-000000000000', 'aefc34d9-7b9e-4a83-af06-249b0238038b', '{"action":"token_refreshed","actor_id":"1d56fb23-62f4-462e-8c02-764c910075ab","actor_username":"48666978350","actor_via_sso":false,"log_type":"token"}', '2024-12-22 09:35:22.566923+00', ''),
	('00000000-0000-0000-0000-000000000000', '4627df45-beb8-4c50-9717-2b28293a1663', '{"action":"token_revoked","actor_id":"1d56fb23-62f4-462e-8c02-764c910075ab","actor_username":"48666978350","actor_via_sso":false,"log_type":"token"}', '2024-12-22 09:35:22.56737+00', ''),
	('00000000-0000-0000-0000-000000000000', 'dc1f73e1-7cd0-4a80-b8b7-c8d50ece4856', '{"action":"user_modified","actor_id":"1d56fb23-62f4-462e-8c02-764c910075ab","actor_username":"48666978350","actor_via_sso":false,"log_type":"user"}', '2024-12-22 09:35:43.170285+00', ''),
	('00000000-0000-0000-0000-000000000000', '1c1ebf21-f286-46e7-90ff-27125f347a1a', '{"action":"token_refreshed","actor_id":"1d56fb23-62f4-462e-8c02-764c910075ab","actor_username":"48666978350","actor_via_sso":false,"log_type":"token"}', '2024-12-22 09:35:43.477725+00', ''),
	('00000000-0000-0000-0000-000000000000', 'dbccfed4-f9b1-4e16-bd48-418265b25754', '{"action":"token_revoked","actor_id":"1d56fb23-62f4-462e-8c02-764c910075ab","actor_username":"48666978350","actor_via_sso":false,"log_type":"token"}', '2024-12-22 09:35:43.478249+00', ''),
	('00000000-0000-0000-0000-000000000000', '410dc279-594a-4382-b677-62407400adef', '{"action":"user_modified","actor_id":"1d56fb23-62f4-462e-8c02-764c910075ab","actor_username":"48666978350","actor_via_sso":false,"log_type":"user"}', '2024-12-22 09:48:47.328305+00', ''),
	('00000000-0000-0000-0000-000000000000', '89594675-f4b1-49b3-9da8-b3dda5f85f48', '{"action":"token_refreshed","actor_id":"1d56fb23-62f4-462e-8c02-764c910075ab","actor_username":"48666978350","actor_via_sso":false,"log_type":"token"}', '2024-12-22 09:48:47.530472+00', ''),
	('00000000-0000-0000-0000-000000000000', 'db2a6d89-7d76-43d2-b5c2-55c747765456', '{"action":"token_revoked","actor_id":"1d56fb23-62f4-462e-8c02-764c910075ab","actor_username":"48666978350","actor_via_sso":false,"log_type":"token"}', '2024-12-22 09:48:47.530893+00', ''),
	('00000000-0000-0000-0000-000000000000', 'd9f8ad44-3ac9-4421-a2c2-4c6630f3bbb7', '{"action":"user_modified","actor_id":"1d56fb23-62f4-462e-8c02-764c910075ab","actor_username":"48666978350","actor_via_sso":false,"log_type":"user"}', '2024-12-22 09:49:18.62312+00', ''),
	('00000000-0000-0000-0000-000000000000', 'd649644e-22e1-47af-9611-493ca9ad9870', '{"action":"token_refreshed","actor_id":"1d56fb23-62f4-462e-8c02-764c910075ab","actor_username":"48666978350","actor_via_sso":false,"log_type":"token"}', '2024-12-22 09:49:18.796893+00', ''),
	('00000000-0000-0000-0000-000000000000', '778f784b-0ba9-4a37-b6d0-65ff0b5f15de', '{"action":"token_revoked","actor_id":"1d56fb23-62f4-462e-8c02-764c910075ab","actor_username":"48666978350","actor_via_sso":false,"log_type":"token"}', '2024-12-22 09:49:18.798307+00', ''),
	('00000000-0000-0000-0000-000000000000', '0f48b8f9-34ee-412d-93e5-71d43985bfc6', '{"action":"user_modified","actor_id":"1d56fb23-62f4-462e-8c02-764c910075ab","actor_username":"48666978350","actor_via_sso":false,"log_type":"user"}', '2024-12-22 09:51:24.551108+00', ''),
	('00000000-0000-0000-0000-000000000000', '14f06722-8680-4787-8293-5e359cd57fca', '{"action":"token_refreshed","actor_id":"1d56fb23-62f4-462e-8c02-764c910075ab","actor_username":"48666978350","actor_via_sso":false,"log_type":"token"}', '2024-12-22 09:51:24.741547+00', ''),
	('00000000-0000-0000-0000-000000000000', 'd23d063c-12d7-486a-ad24-ee4078dabc66', '{"action":"token_revoked","actor_id":"1d56fb23-62f4-462e-8c02-764c910075ab","actor_username":"48666978350","actor_via_sso":false,"log_type":"token"}', '2024-12-22 09:51:24.742031+00', ''),
	('00000000-0000-0000-0000-000000000000', '000a5a2a-cb15-4949-bb5c-5f22ae5cff15', '{"action":"user_modified","actor_id":"1d56fb23-62f4-462e-8c02-764c910075ab","actor_username":"48666978350","actor_via_sso":false,"log_type":"user"}', '2024-12-22 09:52:18.430761+00', ''),
	('00000000-0000-0000-0000-000000000000', '7947aad7-ac75-4db0-a17a-227b58d953c2', '{"action":"token_refreshed","actor_id":"1d56fb23-62f4-462e-8c02-764c910075ab","actor_username":"48666978350","actor_via_sso":false,"log_type":"token"}', '2024-12-22 09:52:18.580298+00', ''),
	('00000000-0000-0000-0000-000000000000', '2252d763-672e-4afa-812b-f7e05f15ef85', '{"action":"token_revoked","actor_id":"1d56fb23-62f4-462e-8c02-764c910075ab","actor_username":"48666978350","actor_via_sso":false,"log_type":"token"}', '2024-12-22 09:52:18.580722+00', ''),
	('00000000-0000-0000-0000-000000000000', '82a1d1b2-3951-47ab-9518-47f3c2954064', '{"action":"user_modified","actor_id":"1d56fb23-62f4-462e-8c02-764c910075ab","actor_username":"48666978350","actor_via_sso":false,"log_type":"user"}', '2024-12-22 09:53:23.442344+00', ''),
	('00000000-0000-0000-0000-000000000000', 'c63f66b8-7060-441e-ac8d-ef50cce5cb59', '{"action":"token_refreshed","actor_id":"1d56fb23-62f4-462e-8c02-764c910075ab","actor_username":"48666978350","actor_via_sso":false,"log_type":"token"}', '2024-12-22 09:53:23.621636+00', ''),
	('00000000-0000-0000-0000-000000000000', 'af6d580e-1f82-466b-bbcb-e488a428096c', '{"action":"token_revoked","actor_id":"1d56fb23-62f4-462e-8c02-764c910075ab","actor_username":"48666978350","actor_via_sso":false,"log_type":"token"}', '2024-12-22 09:53:23.62208+00', ''),
	('00000000-0000-0000-0000-000000000000', '73a05cce-2e43-4486-b5a5-d618aaa4472f', '{"action":"user_modified","actor_id":"1d56fb23-62f4-462e-8c02-764c910075ab","actor_username":"48666978350","actor_via_sso":false,"log_type":"user"}', '2024-12-22 09:54:11.451116+00', ''),
	('00000000-0000-0000-0000-000000000000', '11fd18be-15dd-45d0-8be5-c8f4c6b0097f', '{"action":"token_refreshed","actor_id":"1d56fb23-62f4-462e-8c02-764c910075ab","actor_username":"48666978350","actor_via_sso":false,"log_type":"token"}', '2024-12-22 09:54:11.620103+00', ''),
	('00000000-0000-0000-0000-000000000000', 'c8cb64ca-335b-416e-82dc-6bbb5fcfd16c', '{"action":"token_revoked","actor_id":"1d56fb23-62f4-462e-8c02-764c910075ab","actor_username":"48666978350","actor_via_sso":false,"log_type":"token"}', '2024-12-22 09:54:11.620513+00', ''),
	('00000000-0000-0000-0000-000000000000', '166cede3-c508-4f58-b8f0-fde93981d1fe', '{"action":"user_modified","actor_id":"1d56fb23-62f4-462e-8c02-764c910075ab","actor_username":"48666978350","actor_via_sso":false,"log_type":"user"}', '2024-12-22 09:55:50.197474+00', ''),
	('00000000-0000-0000-0000-000000000000', '579fc385-4ac1-4930-89ec-1388c46251af', '{"action":"token_refreshed","actor_id":"1d56fb23-62f4-462e-8c02-764c910075ab","actor_username":"48666978350","actor_via_sso":false,"log_type":"token"}', '2024-12-22 09:55:50.44811+00', ''),
	('00000000-0000-0000-0000-000000000000', '338461d8-ede3-4672-be22-7704d852dc8a', '{"action":"token_revoked","actor_id":"1d56fb23-62f4-462e-8c02-764c910075ab","actor_username":"48666978350","actor_via_sso":false,"log_type":"token"}', '2024-12-22 09:55:50.448604+00', ''),
	('00000000-0000-0000-0000-000000000000', 'c5f22c38-7f61-4063-aaf2-8f086dfd83b6', '{"action":"user_modified","actor_id":"1d56fb23-62f4-462e-8c02-764c910075ab","actor_username":"48666978350","actor_via_sso":false,"log_type":"user"}', '2024-12-22 09:57:27.183683+00', ''),
	('00000000-0000-0000-0000-000000000000', '2100e3da-1fb7-4a87-9cbf-b6cc844c9eff', '{"action":"token_refreshed","actor_id":"1d56fb23-62f4-462e-8c02-764c910075ab","actor_username":"48666978350","actor_via_sso":false,"log_type":"token"}', '2024-12-22 09:57:27.375739+00', ''),
	('00000000-0000-0000-0000-000000000000', '43c30ed6-fdc4-4a67-a04a-f86bf9755a5e', '{"action":"token_revoked","actor_id":"1d56fb23-62f4-462e-8c02-764c910075ab","actor_username":"48666978350","actor_via_sso":false,"log_type":"token"}', '2024-12-22 09:57:27.376227+00', ''),
	('00000000-0000-0000-0000-000000000000', 'd59af298-e5b3-4270-9fe5-b16b33d2b60c', '{"action":"user_modified","actor_id":"1d56fb23-62f4-462e-8c02-764c910075ab","actor_username":"48666978350","actor_via_sso":false,"log_type":"user"}', '2024-12-22 09:58:25.783514+00', ''),
	('00000000-0000-0000-0000-000000000000', '6f27f83a-7ae9-4792-83ca-eece8c925147', '{"action":"token_refreshed","actor_id":"1d56fb23-62f4-462e-8c02-764c910075ab","actor_username":"48666978350","actor_via_sso":false,"log_type":"token"}', '2024-12-22 09:58:25.964034+00', ''),
	('00000000-0000-0000-0000-000000000000', '924e8955-05f0-484c-8bb7-7093d2098e97', '{"action":"token_revoked","actor_id":"1d56fb23-62f4-462e-8c02-764c910075ab","actor_username":"48666978350","actor_via_sso":false,"log_type":"token"}', '2024-12-22 09:58:25.96454+00', ''),
	('00000000-0000-0000-0000-000000000000', '324bfb65-e570-4368-8613-ed3869503233', '{"action":"user_modified","actor_id":"1d56fb23-62f4-462e-8c02-764c910075ab","actor_username":"48666978350","actor_via_sso":false,"log_type":"user"}', '2024-12-22 10:05:13.066404+00', ''),
	('00000000-0000-0000-0000-000000000000', '6de3dd68-9567-48a7-ad8d-ca7065afac7a', '{"action":"token_refreshed","actor_id":"1d56fb23-62f4-462e-8c02-764c910075ab","actor_username":"48666978350","actor_via_sso":false,"log_type":"token"}', '2024-12-22 10:05:13.266769+00', ''),
	('00000000-0000-0000-0000-000000000000', '2cf14bf3-d5d8-4981-b4b3-3d2a78ba5036', '{"action":"token_revoked","actor_id":"1d56fb23-62f4-462e-8c02-764c910075ab","actor_username":"48666978350","actor_via_sso":false,"log_type":"token"}', '2024-12-22 10:05:13.267276+00', ''),
	('00000000-0000-0000-0000-000000000000', '57506add-a5be-4862-9f1a-f083fb7f7065', '{"action":"user_modified","actor_id":"1d56fb23-62f4-462e-8c02-764c910075ab","actor_username":"48666978350","actor_via_sso":false,"log_type":"user"}', '2024-12-22 10:05:36.314181+00', ''),
	('00000000-0000-0000-0000-000000000000', 'fb4fe44e-6e94-4fdc-91eb-ef68d39a2ad1', '{"action":"token_refreshed","actor_id":"1d56fb23-62f4-462e-8c02-764c910075ab","actor_username":"48666978350","actor_via_sso":false,"log_type":"token"}', '2024-12-22 10:05:36.480228+00', ''),
	('00000000-0000-0000-0000-000000000000', 'd7e5b874-18ce-4622-a2dc-20215a395178', '{"action":"token_revoked","actor_id":"1d56fb23-62f4-462e-8c02-764c910075ab","actor_username":"48666978350","actor_via_sso":false,"log_type":"token"}', '2024-12-22 10:05:36.480874+00', ''),
	('00000000-0000-0000-0000-000000000000', 'cbc3f48b-094a-4261-9111-6264acefaf2c', '{"action":"user_modified","actor_id":"1d56fb23-62f4-462e-8c02-764c910075ab","actor_username":"48666978350","actor_via_sso":false,"log_type":"user"}', '2024-12-22 10:06:14.424993+00', ''),
	('00000000-0000-0000-0000-000000000000', 'f5982050-be2b-4d71-b8cc-5d051fcfca18', '{"action":"token_refreshed","actor_id":"1d56fb23-62f4-462e-8c02-764c910075ab","actor_username":"48666978350","actor_via_sso":false,"log_type":"token"}', '2024-12-22 10:06:14.601381+00', ''),
	('00000000-0000-0000-0000-000000000000', 'a8a6fc0a-375d-4a99-9e38-e4bd4507e559', '{"action":"token_revoked","actor_id":"1d56fb23-62f4-462e-8c02-764c910075ab","actor_username":"48666978350","actor_via_sso":false,"log_type":"token"}', '2024-12-22 10:06:14.601877+00', ''),
	('00000000-0000-0000-0000-000000000000', '9b152509-b1a2-42bb-987c-d2795ebdbdd5', '{"action":"user_modified","actor_id":"1d56fb23-62f4-462e-8c02-764c910075ab","actor_username":"48666978350","actor_via_sso":false,"log_type":"user"}', '2024-12-22 10:07:19.172567+00', ''),
	('00000000-0000-0000-0000-000000000000', 'f90482be-5590-45eb-bf40-2cfb7ac6f5bf', '{"action":"token_refreshed","actor_id":"1d56fb23-62f4-462e-8c02-764c910075ab","actor_username":"48666978350","actor_via_sso":false,"log_type":"token"}', '2024-12-22 10:07:19.426013+00', ''),
	('00000000-0000-0000-0000-000000000000', 'e539c1fe-1dba-40bc-a0b6-956f9ebb7138', '{"action":"token_revoked","actor_id":"1d56fb23-62f4-462e-8c02-764c910075ab","actor_username":"48666978350","actor_via_sso":false,"log_type":"token"}', '2024-12-22 10:07:19.42665+00', ''),
	('00000000-0000-0000-0000-000000000000', 'ef7eff9e-c2ac-497d-ab09-96ef505f84bd', '{"action":"user_modified","actor_id":"1d56fb23-62f4-462e-8c02-764c910075ab","actor_username":"48666978350","actor_via_sso":false,"log_type":"user"}', '2024-12-22 10:09:17.34191+00', ''),
	('00000000-0000-0000-0000-000000000000', 'd04c3956-0f34-4d45-8aa4-28144cd9fe39', '{"action":"token_refreshed","actor_id":"1d56fb23-62f4-462e-8c02-764c910075ab","actor_username":"48666978350","actor_via_sso":false,"log_type":"token"}', '2024-12-22 10:09:17.52231+00', ''),
	('00000000-0000-0000-0000-000000000000', '9b87dead-6aa6-4a76-a5f7-600dded1c1a2', '{"action":"token_revoked","actor_id":"1d56fb23-62f4-462e-8c02-764c910075ab","actor_username":"48666978350","actor_via_sso":false,"log_type":"token"}', '2024-12-22 10:09:17.522796+00', ''),
	('00000000-0000-0000-0000-000000000000', '2acc07d5-d344-4b57-b6c4-43e6a3ee08dd', '{"action":"user_modified","actor_id":"1d56fb23-62f4-462e-8c02-764c910075ab","actor_username":"48666978350","actor_via_sso":false,"log_type":"user"}', '2024-12-22 10:11:46.856189+00', ''),
	('00000000-0000-0000-0000-000000000000', '854c2b70-6f47-4829-9184-19c7782b64c9', '{"action":"token_refreshed","actor_id":"1d56fb23-62f4-462e-8c02-764c910075ab","actor_username":"48666978350","actor_via_sso":false,"log_type":"token"}', '2024-12-22 10:11:47.042138+00', ''),
	('00000000-0000-0000-0000-000000000000', 'b8206205-4ca4-4fae-b833-2535f8ddedae', '{"action":"token_revoked","actor_id":"1d56fb23-62f4-462e-8c02-764c910075ab","actor_username":"48666978350","actor_via_sso":false,"log_type":"token"}', '2024-12-22 10:11:47.043242+00', ''),
	('00000000-0000-0000-0000-000000000000', '0c929725-c72b-4ddb-a7c7-895410a2c5e7', '{"action":"user_modified","actor_id":"1d56fb23-62f4-462e-8c02-764c910075ab","actor_username":"48666978350","actor_via_sso":false,"log_type":"user"}', '2024-12-22 10:20:39.329611+00', ''),
	('00000000-0000-0000-0000-000000000000', 'c5a51606-dc9b-40af-bce3-ba3adbf3a535', '{"action":"token_refreshed","actor_id":"1d56fb23-62f4-462e-8c02-764c910075ab","actor_username":"48666978350","actor_via_sso":false,"log_type":"token"}', '2024-12-22 10:20:39.528972+00', ''),
	('00000000-0000-0000-0000-000000000000', 'f679a8b2-8a5a-4eab-9f14-b14eee185610', '{"action":"token_revoked","actor_id":"1d56fb23-62f4-462e-8c02-764c910075ab","actor_username":"48666978350","actor_via_sso":false,"log_type":"token"}', '2024-12-22 10:20:39.529466+00', ''),
	('00000000-0000-0000-0000-000000000000', '8e2162b1-5da6-4160-9d65-6f272cde0753', '{"action":"user_modified","actor_id":"1d56fb23-62f4-462e-8c02-764c910075ab","actor_username":"48666978350","actor_via_sso":false,"log_type":"user"}', '2024-12-22 10:21:53.204891+00', ''),
	('00000000-0000-0000-0000-000000000000', '7aa4fa3b-9de3-48f2-86df-ebc152879a4a', '{"action":"token_refreshed","actor_id":"1d56fb23-62f4-462e-8c02-764c910075ab","actor_username":"48666978350","actor_via_sso":false,"log_type":"token"}', '2024-12-22 10:21:53.410071+00', ''),
	('00000000-0000-0000-0000-000000000000', 'd2909520-6ed6-465f-8ef5-6b1066abd7fa', '{"action":"token_revoked","actor_id":"1d56fb23-62f4-462e-8c02-764c910075ab","actor_username":"48666978350","actor_via_sso":false,"log_type":"token"}', '2024-12-22 10:21:53.410657+00', ''),
	('00000000-0000-0000-0000-000000000000', '0262b169-88a7-4ad0-9832-bf41692d2ec9', '{"action":"user_modified","actor_id":"1d56fb23-62f4-462e-8c02-764c910075ab","actor_username":"48666978350","actor_via_sso":false,"log_type":"user"}', '2024-12-22 10:25:56.619496+00', ''),
	('00000000-0000-0000-0000-000000000000', '60f6270e-bd60-471a-86ae-000c47f99c4f', '{"action":"token_refreshed","actor_id":"1d56fb23-62f4-462e-8c02-764c910075ab","actor_username":"48666978350","actor_via_sso":false,"log_type":"token"}', '2024-12-22 10:25:57.297595+00', ''),
	('00000000-0000-0000-0000-000000000000', '98fc2999-1e63-449a-a3b1-00e746d3e59a', '{"action":"token_revoked","actor_id":"1d56fb23-62f4-462e-8c02-764c910075ab","actor_username":"48666978350","actor_via_sso":false,"log_type":"token"}', '2024-12-22 10:25:57.298029+00', ''),
	('00000000-0000-0000-0000-000000000000', '93502741-3635-4aad-b3ce-e2a005b10440', '{"action":"user_modified","actor_id":"1d56fb23-62f4-462e-8c02-764c910075ab","actor_username":"48666978350","actor_via_sso":false,"log_type":"user"}', '2024-12-22 10:26:59.6062+00', ''),
	('00000000-0000-0000-0000-000000000000', 'c855cf88-617e-45a1-880f-dda300f5881d', '{"action":"token_refreshed","actor_id":"1d56fb23-62f4-462e-8c02-764c910075ab","actor_username":"48666978350","actor_via_sso":false,"log_type":"token"}', '2024-12-22 10:26:59.804068+00', ''),
	('00000000-0000-0000-0000-000000000000', '6a2b2f28-e434-471b-9d55-521d2bcbd2d5', '{"action":"token_revoked","actor_id":"1d56fb23-62f4-462e-8c02-764c910075ab","actor_username":"48666978350","actor_via_sso":false,"log_type":"token"}', '2024-12-22 10:26:59.80462+00', ''),
	('00000000-0000-0000-0000-000000000000', '9626d701-a794-4d9e-8d79-f9361254bfc5', '{"action":"user_modified","actor_id":"1d56fb23-62f4-462e-8c02-764c910075ab","actor_username":"48666978350","actor_via_sso":false,"log_type":"user"}', '2024-12-22 10:27:32.721589+00', ''),
	('00000000-0000-0000-0000-000000000000', '1b0bdc2b-5061-470f-80a6-ce0d0f5581ff', '{"action":"token_refreshed","actor_id":"1d56fb23-62f4-462e-8c02-764c910075ab","actor_username":"48666978350","actor_via_sso":false,"log_type":"token"}', '2024-12-22 10:27:33.004602+00', ''),
	('00000000-0000-0000-0000-000000000000', '7c8340d8-aedf-4c38-bacc-64a7471691a5', '{"action":"token_revoked","actor_id":"1d56fb23-62f4-462e-8c02-764c910075ab","actor_username":"48666978350","actor_via_sso":false,"log_type":"token"}', '2024-12-22 10:27:33.005305+00', ''),
	('00000000-0000-0000-0000-000000000000', '413c18db-b3f4-4860-8754-3ee5fc37ef39', '{"action":"user_modified","actor_id":"1d56fb23-62f4-462e-8c02-764c910075ab","actor_username":"48666978350","actor_via_sso":false,"log_type":"user"}', '2024-12-22 10:28:29.000903+00', ''),
	('00000000-0000-0000-0000-000000000000', '213ee5c0-1c8b-4e17-a5fa-dd47837a7c20', '{"action":"token_refreshed","actor_id":"1d56fb23-62f4-462e-8c02-764c910075ab","actor_username":"48666978350","actor_via_sso":false,"log_type":"token"}', '2024-12-22 10:28:29.199646+00', ''),
	('00000000-0000-0000-0000-000000000000', 'e1fd2b9c-bf1b-4b80-9820-739908150a7e', '{"action":"token_revoked","actor_id":"1d56fb23-62f4-462e-8c02-764c910075ab","actor_username":"48666978350","actor_via_sso":false,"log_type":"token"}', '2024-12-22 10:28:29.200256+00', ''),
	('00000000-0000-0000-0000-000000000000', 'e343ddcc-1ed3-451f-a85d-15a744d51075', '{"action":"user_modified","actor_id":"1d56fb23-62f4-462e-8c02-764c910075ab","actor_username":"48666978350","actor_via_sso":false,"log_type":"user"}', '2024-12-22 10:29:37.001751+00', ''),
	('00000000-0000-0000-0000-000000000000', 'eeb7ec42-d52f-4a09-b9ec-ebe75871c303', '{"action":"token_refreshed","actor_id":"1d56fb23-62f4-462e-8c02-764c910075ab","actor_username":"48666978350","actor_via_sso":false,"log_type":"token"}', '2024-12-22 10:29:37.176716+00', ''),
	('00000000-0000-0000-0000-000000000000', '5cd07fc5-bd8b-4a6f-bf5f-4086616259de', '{"action":"token_revoked","actor_id":"1d56fb23-62f4-462e-8c02-764c910075ab","actor_username":"48666978350","actor_via_sso":false,"log_type":"token"}', '2024-12-22 10:29:37.177216+00', ''),
	('00000000-0000-0000-0000-000000000000', '7f9223e7-05cf-4635-996d-dab388b56521', '{"action":"user_modified","actor_id":"1d56fb23-62f4-462e-8c02-764c910075ab","actor_username":"48666978350","actor_via_sso":false,"log_type":"user"}', '2024-12-22 10:30:24.407148+00', ''),
	('00000000-0000-0000-0000-000000000000', '05d1ba6c-8b77-410f-89b9-22415d52221b', '{"action":"token_refreshed","actor_id":"1d56fb23-62f4-462e-8c02-764c910075ab","actor_username":"48666978350","actor_via_sso":false,"log_type":"token"}', '2024-12-22 10:30:24.570007+00', ''),
	('00000000-0000-0000-0000-000000000000', '8edd1ab5-6dc6-4854-b142-84ccc0bc192c', '{"action":"token_revoked","actor_id":"1d56fb23-62f4-462e-8c02-764c910075ab","actor_username":"48666978350","actor_via_sso":false,"log_type":"token"}', '2024-12-22 10:30:24.570495+00', ''),
	('00000000-0000-0000-0000-000000000000', 'c4a9f5d7-3e85-49a8-9d91-b8f8f9037381', '{"action":"user_modified","actor_id":"1d56fb23-62f4-462e-8c02-764c910075ab","actor_username":"48666978350","actor_via_sso":false,"log_type":"user"}', '2024-12-22 10:32:31.287818+00', ''),
	('00000000-0000-0000-0000-000000000000', '875acca6-6f38-4072-b7b6-6c48debca80d', '{"action":"token_refreshed","actor_id":"1d56fb23-62f4-462e-8c02-764c910075ab","actor_username":"48666978350","actor_via_sso":false,"log_type":"token"}', '2024-12-22 10:32:31.46768+00', ''),
	('00000000-0000-0000-0000-000000000000', 'ffdcb31a-7f23-471a-b982-14c3a83f4118', '{"action":"token_revoked","actor_id":"1d56fb23-62f4-462e-8c02-764c910075ab","actor_username":"48666978350","actor_via_sso":false,"log_type":"token"}', '2024-12-22 10:32:31.468243+00', ''),
	('00000000-0000-0000-0000-000000000000', '8e9f3a68-2472-40b5-a9ed-3736e57b9bb1', '{"action":"user_modified","actor_id":"1d56fb23-62f4-462e-8c02-764c910075ab","actor_username":"48666978350","actor_via_sso":false,"log_type":"user"}', '2024-12-22 10:33:52.274857+00', ''),
	('00000000-0000-0000-0000-000000000000', '67e91144-b9ef-4993-9f70-637974cf14ee', '{"action":"token_refreshed","actor_id":"1d56fb23-62f4-462e-8c02-764c910075ab","actor_username":"48666978350","actor_via_sso":false,"log_type":"token"}', '2024-12-22 10:33:52.451922+00', ''),
	('00000000-0000-0000-0000-000000000000', '89f6f566-ab75-4b75-a005-4bdec83d7888', '{"action":"token_revoked","actor_id":"1d56fb23-62f4-462e-8c02-764c910075ab","actor_username":"48666978350","actor_via_sso":false,"log_type":"token"}', '2024-12-22 10:33:52.452371+00', ''),
	('00000000-0000-0000-0000-000000000000', 'b8cf7ff7-0ec0-4dff-bce2-732553d360bb', '{"action":"user_modified","actor_id":"1d56fb23-62f4-462e-8c02-764c910075ab","actor_username":"48666978350","actor_via_sso":false,"log_type":"user"}', '2024-12-22 10:34:37.992454+00', ''),
	('00000000-0000-0000-0000-000000000000', '12c07468-76ad-4614-8ad1-054af9fe02fd', '{"action":"token_refreshed","actor_id":"1d56fb23-62f4-462e-8c02-764c910075ab","actor_username":"48666978350","actor_via_sso":false,"log_type":"token"}', '2024-12-22 10:34:38.164476+00', ''),
	('00000000-0000-0000-0000-000000000000', '155093a2-1103-4ea0-a8fd-cc962238b6a8', '{"action":"token_revoked","actor_id":"1d56fb23-62f4-462e-8c02-764c910075ab","actor_username":"48666978350","actor_via_sso":false,"log_type":"token"}', '2024-12-22 10:34:38.165052+00', ''),
	('00000000-0000-0000-0000-000000000000', 'c4f93671-ccd7-4df5-93ee-288905946b63', '{"action":"user_modified","actor_id":"1d56fb23-62f4-462e-8c02-764c910075ab","actor_username":"48666978350","actor_via_sso":false,"log_type":"user"}', '2024-12-22 10:35:15.703851+00', ''),
	('00000000-0000-0000-0000-000000000000', 'ae29c4cf-ea9b-4496-8630-55c44fa953e7', '{"action":"token_refreshed","actor_id":"1d56fb23-62f4-462e-8c02-764c910075ab","actor_username":"48666978350","actor_via_sso":false,"log_type":"token"}', '2024-12-22 10:35:15.898795+00', ''),
	('00000000-0000-0000-0000-000000000000', '56037bff-c8c8-4637-bfaf-11b9fa397238', '{"action":"token_revoked","actor_id":"1d56fb23-62f4-462e-8c02-764c910075ab","actor_username":"48666978350","actor_via_sso":false,"log_type":"token"}', '2024-12-22 10:35:15.899197+00', ''),
	('00000000-0000-0000-0000-000000000000', '0fa42493-e4c7-4396-8e40-d3fe8253714c', '{"action":"token_refreshed","actor_id":"1d56fb23-62f4-462e-8c02-764c910075ab","actor_username":"48666978350","actor_via_sso":false,"log_type":"token"}', '2024-12-22 12:48:01.759701+00', ''),
	('00000000-0000-0000-0000-000000000000', 'fc569d6e-24f1-429a-912d-097a055fda8d', '{"action":"token_revoked","actor_id":"1d56fb23-62f4-462e-8c02-764c910075ab","actor_username":"48666978350","actor_via_sso":false,"log_type":"token"}', '2024-12-22 12:48:01.760566+00', ''),
	('00000000-0000-0000-0000-000000000000', '929b4db0-589a-4dd4-b5fe-1c5bb484aaa5', '{"action":"token_refreshed","actor_id":"1d56fb23-62f4-462e-8c02-764c910075ab","actor_username":"48666978350","actor_via_sso":false,"log_type":"token"}', '2024-12-23 12:56:49.094428+00', ''),
	('00000000-0000-0000-0000-000000000000', '724f9782-ca48-4d1e-a320-fa1d66931144', '{"action":"token_revoked","actor_id":"1d56fb23-62f4-462e-8c02-764c910075ab","actor_username":"48666978350","actor_via_sso":false,"log_type":"token"}', '2024-12-23 12:56:49.095398+00', ''),
	('00000000-0000-0000-0000-000000000000', '2cb4e2e5-8087-4224-b598-9b75fc153a93', '{"action":"user_modified","actor_id":"1d56fb23-62f4-462e-8c02-764c910075ab","actor_username":"48666978350","actor_via_sso":false,"log_type":"user"}', '2024-12-23 13:16:29.420277+00', ''),
	('00000000-0000-0000-0000-000000000000', '84492b4f-14ea-420d-8ecb-00560b6665be', '{"action":"token_refreshed","actor_id":"1d56fb23-62f4-462e-8c02-764c910075ab","actor_username":"48666978350","actor_via_sso":false,"log_type":"token"}', '2024-12-23 13:16:29.581436+00', ''),
	('00000000-0000-0000-0000-000000000000', 'a084ac69-d2fe-40a2-a2ea-6a1afe430753', '{"action":"token_revoked","actor_id":"1d56fb23-62f4-462e-8c02-764c910075ab","actor_username":"48666978350","actor_via_sso":false,"log_type":"token"}', '2024-12-23 13:16:29.581915+00', ''),
	('00000000-0000-0000-0000-000000000000', 'b23ccca6-0122-4086-af43-9f6649e670de', '{"action":"user_modified","actor_id":"1d56fb23-62f4-462e-8c02-764c910075ab","actor_username":"48666978350","actor_via_sso":false,"log_type":"user"}', '2024-12-23 13:39:40.748014+00', ''),
	('00000000-0000-0000-0000-000000000000', 'cf6014d1-9266-4fbc-bf45-c2623fa5bb00', '{"action":"token_refreshed","actor_id":"1d56fb23-62f4-462e-8c02-764c910075ab","actor_username":"48666978350","actor_via_sso":false,"log_type":"token"}', '2024-12-23 13:39:40.953301+00', ''),
	('00000000-0000-0000-0000-000000000000', '40717e42-b7a9-4166-ab5c-700611311cee', '{"action":"token_revoked","actor_id":"1d56fb23-62f4-462e-8c02-764c910075ab","actor_username":"48666978350","actor_via_sso":false,"log_type":"token"}', '2024-12-23 13:39:40.953904+00', ''),
	('00000000-0000-0000-0000-000000000000', 'f7bafe73-2ebe-4119-9fa5-2536608aeb5c', '{"action":"user_modified","actor_id":"1d56fb23-62f4-462e-8c02-764c910075ab","actor_username":"48666978350","actor_via_sso":false,"log_type":"user"}', '2024-12-23 13:40:17.553714+00', ''),
	('00000000-0000-0000-0000-000000000000', 'b51431d2-34aa-451d-8cb6-90c2e1b8648d', '{"action":"token_refreshed","actor_id":"1d56fb23-62f4-462e-8c02-764c910075ab","actor_username":"48666978350","actor_via_sso":false,"log_type":"token"}', '2024-12-23 13:40:17.71332+00', ''),
	('00000000-0000-0000-0000-000000000000', 'eca2fb81-0095-441f-bd9e-33ac29a295a9', '{"action":"token_revoked","actor_id":"1d56fb23-62f4-462e-8c02-764c910075ab","actor_username":"48666978350","actor_via_sso":false,"log_type":"token"}', '2024-12-23 13:40:17.713756+00', ''),
	('00000000-0000-0000-0000-000000000000', '6f6aa925-3f44-4979-b670-3f22b278af75', '{"action":"token_refreshed","actor_id":"1d56fb23-62f4-462e-8c02-764c910075ab","actor_username":"48666978350","actor_via_sso":false,"log_type":"token"}', '2024-12-23 14:39:47.168052+00', ''),
	('00000000-0000-0000-0000-000000000000', '54284eaa-fd01-48a4-ba20-d8e0d3376079', '{"action":"token_revoked","actor_id":"1d56fb23-62f4-462e-8c02-764c910075ab","actor_username":"48666978350","actor_via_sso":false,"log_type":"token"}', '2024-12-23 14:39:47.168866+00', ''),
	('00000000-0000-0000-0000-000000000000', 'c8e2df68-5c4a-4def-a495-96aafb2aee64', '{"action":"user_modified","actor_id":"1d56fb23-62f4-462e-8c02-764c910075ab","actor_username":"48666978350","actor_via_sso":false,"log_type":"user"}', '2024-12-23 15:15:12.079012+00', ''),
	('00000000-0000-0000-0000-000000000000', '0f9a4300-7759-43f3-9df7-3868ba8d450e', '{"action":"token_refreshed","actor_id":"1d56fb23-62f4-462e-8c02-764c910075ab","actor_username":"48666978350","actor_via_sso":false,"log_type":"token"}', '2024-12-23 15:15:12.245981+00', ''),
	('00000000-0000-0000-0000-000000000000', '9499293d-f6db-463d-96a0-6f44c1733d24', '{"action":"token_revoked","actor_id":"1d56fb23-62f4-462e-8c02-764c910075ab","actor_username":"48666978350","actor_via_sso":false,"log_type":"token"}', '2024-12-23 15:15:12.246562+00', ''),
	('00000000-0000-0000-0000-000000000000', 'e18ddb65-a6d9-4276-97cf-593bc8d2546e', '{"action":"user_modified","actor_id":"1d56fb23-62f4-462e-8c02-764c910075ab","actor_username":"48666978350","actor_via_sso":false,"log_type":"user"}', '2024-12-23 15:16:52.519023+00', ''),
	('00000000-0000-0000-0000-000000000000', '8ca621e6-d892-4863-8cb6-da03511e634b', '{"action":"token_refreshed","actor_id":"1d56fb23-62f4-462e-8c02-764c910075ab","actor_username":"48666978350","actor_via_sso":false,"log_type":"token"}', '2024-12-23 15:16:52.777454+00', ''),
	('00000000-0000-0000-0000-000000000000', 'a58ebdda-22c0-4f2a-bcfc-0e79373acf1a', '{"action":"token_revoked","actor_id":"1d56fb23-62f4-462e-8c02-764c910075ab","actor_username":"48666978350","actor_via_sso":false,"log_type":"token"}', '2024-12-23 15:16:52.777893+00', ''),
	('00000000-0000-0000-0000-000000000000', '0cc8b691-c983-40af-8cb0-dcd687cd920a', '{"action":"user_modified","actor_id":"1d56fb23-62f4-462e-8c02-764c910075ab","actor_username":"48666978350","actor_via_sso":false,"log_type":"user"}', '2024-12-23 15:17:02.660652+00', ''),
	('00000000-0000-0000-0000-000000000000', '96b9448b-60b2-42df-a839-2d4e391a5047', '{"action":"token_refreshed","actor_id":"1d56fb23-62f4-462e-8c02-764c910075ab","actor_username":"48666978350","actor_via_sso":false,"log_type":"token"}', '2024-12-23 15:17:02.828335+00', ''),
	('00000000-0000-0000-0000-000000000000', '6e60d926-6d0a-4ccd-b8a2-821be5261c10', '{"action":"token_revoked","actor_id":"1d56fb23-62f4-462e-8c02-764c910075ab","actor_username":"48666978350","actor_via_sso":false,"log_type":"token"}', '2024-12-23 15:17:02.82896+00', ''),
	('00000000-0000-0000-0000-000000000000', '3200e4eb-e18b-4f6a-94d3-6fce5c546139', '{"action":"user_modified","actor_id":"1d56fb23-62f4-462e-8c02-764c910075ab","actor_username":"48666978350","actor_via_sso":false,"log_type":"user"}', '2024-12-23 15:17:32.693895+00', ''),
	('00000000-0000-0000-0000-000000000000', '33f509e1-acf4-44b8-ab05-63d69f857d56', '{"action":"token_refreshed","actor_id":"1d56fb23-62f4-462e-8c02-764c910075ab","actor_username":"48666978350","actor_via_sso":false,"log_type":"token"}', '2024-12-23 15:17:32.879252+00', ''),
	('00000000-0000-0000-0000-000000000000', 'c19e5d89-1027-4965-b299-f739542d0840', '{"action":"token_revoked","actor_id":"1d56fb23-62f4-462e-8c02-764c910075ab","actor_username":"48666978350","actor_via_sso":false,"log_type":"token"}', '2024-12-23 15:17:32.879939+00', ''),
	('00000000-0000-0000-0000-000000000000', 'b95d7a73-b784-436f-b9fc-772c75b55716', '{"action":"user_modified","actor_id":"1d56fb23-62f4-462e-8c02-764c910075ab","actor_username":"48666978350","actor_via_sso":false,"log_type":"user"}', '2024-12-23 15:18:18.252157+00', ''),
	('00000000-0000-0000-0000-000000000000', 'bcf4c1e9-9e31-41ed-a816-19de79fcd2d6', '{"action":"token_refreshed","actor_id":"1d56fb23-62f4-462e-8c02-764c910075ab","actor_username":"48666978350","actor_via_sso":false,"log_type":"token"}', '2024-12-23 15:18:18.412476+00', ''),
	('00000000-0000-0000-0000-000000000000', '2afd32ce-f21f-4acc-9211-3ae3151e54ef', '{"action":"token_revoked","actor_id":"1d56fb23-62f4-462e-8c02-764c910075ab","actor_username":"48666978350","actor_via_sso":false,"log_type":"token"}', '2024-12-23 15:18:18.414842+00', ''),
	('00000000-0000-0000-0000-000000000000', 'd8aec505-3de1-4fc7-accd-3e67bab5e0e7', '{"action":"user_modified","actor_id":"1d56fb23-62f4-462e-8c02-764c910075ab","actor_username":"48666978350","actor_via_sso":false,"log_type":"user"}', '2024-12-23 15:21:22.65926+00', ''),
	('00000000-0000-0000-0000-000000000000', 'd39a6963-18f4-49b9-a131-4c2737be36ee', '{"action":"token_refreshed","actor_id":"1d56fb23-62f4-462e-8c02-764c910075ab","actor_username":"48666978350","actor_via_sso":false,"log_type":"token"}', '2024-12-23 15:21:22.81254+00', ''),
	('00000000-0000-0000-0000-000000000000', '11bdcd33-b495-493a-81e8-a99545e8e5a6', '{"action":"token_revoked","actor_id":"1d56fb23-62f4-462e-8c02-764c910075ab","actor_username":"48666978350","actor_via_sso":false,"log_type":"token"}', '2024-12-23 15:21:22.813522+00', ''),
	('00000000-0000-0000-0000-000000000000', 'df287522-5432-4077-9753-602aa083f8f9', '{"action":"user_modified","actor_id":"1d56fb23-62f4-462e-8c02-764c910075ab","actor_username":"48666978350","actor_via_sso":false,"log_type":"user"}', '2024-12-23 15:23:51.795469+00', ''),
	('00000000-0000-0000-0000-000000000000', '3aaa269e-d5dd-4ba5-89c0-f45475eda2fe', '{"action":"token_refreshed","actor_id":"1d56fb23-62f4-462e-8c02-764c910075ab","actor_username":"48666978350","actor_via_sso":false,"log_type":"token"}', '2024-12-23 15:23:52.002616+00', ''),
	('00000000-0000-0000-0000-000000000000', '799b13fb-0b28-4d9b-8a81-444b2020dd61', '{"action":"token_revoked","actor_id":"1d56fb23-62f4-462e-8c02-764c910075ab","actor_username":"48666978350","actor_via_sso":false,"log_type":"token"}', '2024-12-23 15:23:52.003158+00', ''),
	('00000000-0000-0000-0000-000000000000', '85457a85-a1a6-4c27-a736-8f5afe74d19d', '{"action":"user_modified","actor_id":"1d56fb23-62f4-462e-8c02-764c910075ab","actor_username":"48666978350","actor_via_sso":false,"log_type":"user"}', '2024-12-23 15:24:10.593337+00', ''),
	('00000000-0000-0000-0000-000000000000', '4c301737-b03e-4f31-9d26-93b848bc58d5', '{"action":"token_refreshed","actor_id":"1d56fb23-62f4-462e-8c02-764c910075ab","actor_username":"48666978350","actor_via_sso":false,"log_type":"token"}', '2024-12-23 15:24:11.079676+00', ''),
	('00000000-0000-0000-0000-000000000000', '5c725877-e1af-4333-aa83-6269b7acf0d5', '{"action":"token_revoked","actor_id":"1d56fb23-62f4-462e-8c02-764c910075ab","actor_username":"48666978350","actor_via_sso":false,"log_type":"token"}', '2024-12-23 15:24:11.080093+00', ''),
	('00000000-0000-0000-0000-000000000000', '0733cce3-a439-497f-a942-55f02cf35b76', '{"action":"user_modified","actor_id":"1d56fb23-62f4-462e-8c02-764c910075ab","actor_username":"48666978350","actor_via_sso":false,"log_type":"user"}', '2024-12-23 15:24:36.609749+00', ''),
	('00000000-0000-0000-0000-000000000000', '2ca5cf50-dfdb-4769-85a7-3e7f048eaa81', '{"action":"token_refreshed","actor_id":"1d56fb23-62f4-462e-8c02-764c910075ab","actor_username":"48666978350","actor_via_sso":false,"log_type":"token"}', '2024-12-23 15:24:36.787847+00', ''),
	('00000000-0000-0000-0000-000000000000', 'e1d7303a-3cb4-497c-bc5e-62542a1ff3fb', '{"action":"token_revoked","actor_id":"1d56fb23-62f4-462e-8c02-764c910075ab","actor_username":"48666978350","actor_via_sso":false,"log_type":"token"}', '2024-12-23 15:24:36.788854+00', ''),
	('00000000-0000-0000-0000-000000000000', '825ceef4-0e05-414e-b4eb-766ee06bd269', '{"action":"user_modified","actor_id":"1d56fb23-62f4-462e-8c02-764c910075ab","actor_username":"48666978350","actor_via_sso":false,"log_type":"user"}', '2024-12-23 15:25:15.498615+00', ''),
	('00000000-0000-0000-0000-000000000000', 'f569dc2c-d823-4918-b021-5a8baec9bd71', '{"action":"token_refreshed","actor_id":"1d56fb23-62f4-462e-8c02-764c910075ab","actor_username":"48666978350","actor_via_sso":false,"log_type":"token"}', '2024-12-23 15:25:15.66056+00', ''),
	('00000000-0000-0000-0000-000000000000', '8604dd21-379f-4f1c-9ea8-04e864a7ea26', '{"action":"token_revoked","actor_id":"1d56fb23-62f4-462e-8c02-764c910075ab","actor_username":"48666978350","actor_via_sso":false,"log_type":"token"}', '2024-12-23 15:25:15.66193+00', ''),
	('00000000-0000-0000-0000-000000000000', '98afcdee-226b-4695-a901-b6853af9abc4', '{"action":"user_modified","actor_id":"1d56fb23-62f4-462e-8c02-764c910075ab","actor_username":"48666978350","actor_via_sso":false,"log_type":"user"}', '2024-12-23 15:27:11.339164+00', ''),
	('00000000-0000-0000-0000-000000000000', '5afd7712-85bc-4698-b9d8-eed3052a3324', '{"action":"token_refreshed","actor_id":"1d56fb23-62f4-462e-8c02-764c910075ab","actor_username":"48666978350","actor_via_sso":false,"log_type":"token"}', '2024-12-23 15:27:11.52465+00', ''),
	('00000000-0000-0000-0000-000000000000', '80efaf49-f614-41b3-b162-61b34728a10d', '{"action":"token_revoked","actor_id":"1d56fb23-62f4-462e-8c02-764c910075ab","actor_username":"48666978350","actor_via_sso":false,"log_type":"token"}', '2024-12-23 15:27:11.525228+00', ''),
	('00000000-0000-0000-0000-000000000000', '24cb542b-ff47-4cd6-9009-2abc7878aca8', '{"action":"user_modified","actor_id":"1d56fb23-62f4-462e-8c02-764c910075ab","actor_username":"48666978350","actor_via_sso":false,"log_type":"user"}', '2024-12-23 15:27:46.311017+00', ''),
	('00000000-0000-0000-0000-000000000000', 'cd2976d4-e83d-4853-8cd1-b49a5cc21969', '{"action":"token_refreshed","actor_id":"1d56fb23-62f4-462e-8c02-764c910075ab","actor_username":"48666978350","actor_via_sso":false,"log_type":"token"}', '2024-12-23 15:27:46.522326+00', ''),
	('00000000-0000-0000-0000-000000000000', 'a0d6a090-e172-4b06-8ba5-c6f4437f0e52', '{"action":"token_revoked","actor_id":"1d56fb23-62f4-462e-8c02-764c910075ab","actor_username":"48666978350","actor_via_sso":false,"log_type":"token"}', '2024-12-23 15:27:46.523127+00', ''),
	('00000000-0000-0000-0000-000000000000', '8d07de52-b455-484e-b2b5-68c636790e9f', '{"action":"user_modified","actor_id":"1d56fb23-62f4-462e-8c02-764c910075ab","actor_username":"48666978350","actor_via_sso":false,"log_type":"user"}', '2024-12-23 15:49:44.180826+00', ''),
	('00000000-0000-0000-0000-000000000000', 'd78d834f-e714-457a-a046-bdc17460cd4d', '{"action":"token_refreshed","actor_id":"1d56fb23-62f4-462e-8c02-764c910075ab","actor_username":"48666978350","actor_via_sso":false,"log_type":"token"}', '2024-12-23 15:49:44.359274+00', ''),
	('00000000-0000-0000-0000-000000000000', 'e7fd8394-17f2-4739-8842-80e8b37c77b1', '{"action":"token_revoked","actor_id":"1d56fb23-62f4-462e-8c02-764c910075ab","actor_username":"48666978350","actor_via_sso":false,"log_type":"token"}', '2024-12-23 15:49:44.359769+00', ''),
	('00000000-0000-0000-0000-000000000000', '55b02188-896d-4482-8ee9-539fbd5de100', '{"action":"user_modified","actor_id":"1d56fb23-62f4-462e-8c02-764c910075ab","actor_username":"48666978350","actor_via_sso":false,"log_type":"user"}', '2024-12-23 15:50:49.172087+00', ''),
	('00000000-0000-0000-0000-000000000000', 'e147a905-69a8-42f8-9464-71f1683f507a', '{"action":"token_refreshed","actor_id":"1d56fb23-62f4-462e-8c02-764c910075ab","actor_username":"48666978350","actor_via_sso":false,"log_type":"token"}', '2024-12-23 15:50:49.380606+00', ''),
	('00000000-0000-0000-0000-000000000000', '4045efad-ac98-4594-8f42-a7700cfd30ed', '{"action":"token_revoked","actor_id":"1d56fb23-62f4-462e-8c02-764c910075ab","actor_username":"48666978350","actor_via_sso":false,"log_type":"token"}', '2024-12-23 15:50:49.38123+00', ''),
	('00000000-0000-0000-0000-000000000000', '98939ad8-3027-43ff-b890-a2db15b4067c', '{"action":"user_modified","actor_id":"1d56fb23-62f4-462e-8c02-764c910075ab","actor_username":"48666978350","actor_via_sso":false,"log_type":"user"}', '2024-12-23 15:51:22.552253+00', ''),
	('00000000-0000-0000-0000-000000000000', '41429c8a-074a-41cd-b6e8-2e9a37502d42', '{"action":"token_refreshed","actor_id":"1d56fb23-62f4-462e-8c02-764c910075ab","actor_username":"48666978350","actor_via_sso":false,"log_type":"token"}', '2024-12-23 15:51:22.732794+00', ''),
	('00000000-0000-0000-0000-000000000000', 'bc438e63-69b4-4a60-ae76-2963ba58fb97', '{"action":"token_revoked","actor_id":"1d56fb23-62f4-462e-8c02-764c910075ab","actor_username":"48666978350","actor_via_sso":false,"log_type":"token"}', '2024-12-23 15:51:22.733212+00', ''),
	('00000000-0000-0000-0000-000000000000', 'c57decf2-8502-44ee-93fa-9b8333401648', '{"action":"user_modified","actor_id":"1d56fb23-62f4-462e-8c02-764c910075ab","actor_username":"48666978350","actor_via_sso":false,"log_type":"user"}', '2024-12-23 15:52:20.084779+00', ''),
	('00000000-0000-0000-0000-000000000000', '5e6ada48-1758-441b-a609-683e4e9f8c03', '{"action":"token_refreshed","actor_id":"1d56fb23-62f4-462e-8c02-764c910075ab","actor_username":"48666978350","actor_via_sso":false,"log_type":"token"}', '2024-12-23 15:52:20.24611+00', ''),
	('00000000-0000-0000-0000-000000000000', '0b9d9390-403b-4f10-9048-729a5b7528ae', '{"action":"token_revoked","actor_id":"1d56fb23-62f4-462e-8c02-764c910075ab","actor_username":"48666978350","actor_via_sso":false,"log_type":"token"}', '2024-12-23 15:52:20.246593+00', ''),
	('00000000-0000-0000-0000-000000000000', '0ccf3c3f-84ba-4d2d-8698-e5355821031d', '{"action":"user_modified","actor_id":"1d56fb23-62f4-462e-8c02-764c910075ab","actor_username":"48666978350","actor_via_sso":false,"log_type":"user"}', '2024-12-23 15:52:49.14763+00', ''),
	('00000000-0000-0000-0000-000000000000', 'df04bbec-5d6d-41d1-a447-078e96793558', '{"action":"token_refreshed","actor_id":"1d56fb23-62f4-462e-8c02-764c910075ab","actor_username":"48666978350","actor_via_sso":false,"log_type":"token"}', '2024-12-23 15:52:49.324694+00', ''),
	('00000000-0000-0000-0000-000000000000', '4aae48be-5203-4747-a983-090e6c8ccb6a', '{"action":"token_revoked","actor_id":"1d56fb23-62f4-462e-8c02-764c910075ab","actor_username":"48666978350","actor_via_sso":false,"log_type":"token"}', '2024-12-23 15:52:49.325163+00', ''),
	('00000000-0000-0000-0000-000000000000', '0a733ed6-7707-4d47-8f45-da900088641b', '{"action":"user_modified","actor_id":"1d56fb23-62f4-462e-8c02-764c910075ab","actor_username":"48666978350","actor_via_sso":false,"log_type":"user"}', '2024-12-23 15:53:22.698286+00', ''),
	('00000000-0000-0000-0000-000000000000', '4ae24b4a-a329-441a-8c7e-12fe19bc6760', '{"action":"token_refreshed","actor_id":"1d56fb23-62f4-462e-8c02-764c910075ab","actor_username":"48666978350","actor_via_sso":false,"log_type":"token"}', '2024-12-23 15:53:22.870882+00', ''),
	('00000000-0000-0000-0000-000000000000', 'dc57d475-0247-4bb0-93d6-393ffce34d1e', '{"action":"token_revoked","actor_id":"1d56fb23-62f4-462e-8c02-764c910075ab","actor_username":"48666978350","actor_via_sso":false,"log_type":"token"}', '2024-12-23 15:53:22.871535+00', ''),
	('00000000-0000-0000-0000-000000000000', '5f4d9759-5210-4772-bacd-f654dc02f4f5', '{"action":"user_modified","actor_id":"1d56fb23-62f4-462e-8c02-764c910075ab","actor_username":"48666978350","actor_via_sso":false,"log_type":"user"}', '2024-12-23 15:58:04.622216+00', ''),
	('00000000-0000-0000-0000-000000000000', 'a5e7978e-c3a2-434e-9965-a404587cfd3d', '{"action":"token_refreshed","actor_id":"1d56fb23-62f4-462e-8c02-764c910075ab","actor_username":"48666978350","actor_via_sso":false,"log_type":"token"}', '2024-12-23 15:58:04.819037+00', ''),
	('00000000-0000-0000-0000-000000000000', '57672049-29db-49d5-98e2-e1d5253c4395', '{"action":"token_revoked","actor_id":"1d56fb23-62f4-462e-8c02-764c910075ab","actor_username":"48666978350","actor_via_sso":false,"log_type":"token"}', '2024-12-23 15:58:04.81958+00', ''),
	('00000000-0000-0000-0000-000000000000', 'd3204b91-a1ea-47c6-b775-e5ae99b72ef4', '{"action":"user_modified","actor_id":"1d56fb23-62f4-462e-8c02-764c910075ab","actor_username":"48666978350","actor_via_sso":false,"log_type":"user"}', '2024-12-23 15:59:01.469128+00', ''),
	('00000000-0000-0000-0000-000000000000', '59aa958b-26ce-49a0-a17d-748540cbce7b', '{"action":"token_refreshed","actor_id":"1d56fb23-62f4-462e-8c02-764c910075ab","actor_username":"48666978350","actor_via_sso":false,"log_type":"token"}', '2024-12-23 15:59:01.677151+00', ''),
	('00000000-0000-0000-0000-000000000000', '23aed80a-6319-4931-bae6-e0fad3a429c0', '{"action":"token_revoked","actor_id":"1d56fb23-62f4-462e-8c02-764c910075ab","actor_username":"48666978350","actor_via_sso":false,"log_type":"token"}', '2024-12-23 15:59:01.677787+00', ''),
	('00000000-0000-0000-0000-000000000000', 'b0d71606-aac5-4094-8af0-398bf8f81096', '{"action":"user_modified","actor_id":"1d56fb23-62f4-462e-8c02-764c910075ab","actor_username":"48666978350","actor_via_sso":false,"log_type":"user"}', '2024-12-23 16:02:40.637173+00', ''),
	('00000000-0000-0000-0000-000000000000', '390d553a-d8e4-4bc6-bf7a-20c7b167be7c', '{"action":"token_refreshed","actor_id":"1d56fb23-62f4-462e-8c02-764c910075ab","actor_username":"48666978350","actor_via_sso":false,"log_type":"token"}', '2024-12-23 16:02:40.801856+00', ''),
	('00000000-0000-0000-0000-000000000000', 'f171cc16-8081-42dc-87d1-00bb65c19e39', '{"action":"token_revoked","actor_id":"1d56fb23-62f4-462e-8c02-764c910075ab","actor_username":"48666978350","actor_via_sso":false,"log_type":"token"}', '2024-12-23 16:02:40.80229+00', ''),
	('00000000-0000-0000-0000-000000000000', '22743a92-edeb-4b0c-8a2d-bda9c43cafec', '{"action":"token_refreshed","actor_id":"1d56fb23-62f4-462e-8c02-764c910075ab","actor_username":"48666978350","actor_via_sso":false,"log_type":"token"}', '2024-12-23 17:02:10.17932+00', ''),
	('00000000-0000-0000-0000-000000000000', '1f069856-f807-4a81-a147-6ece7443cd46', '{"action":"token_revoked","actor_id":"1d56fb23-62f4-462e-8c02-764c910075ab","actor_username":"48666978350","actor_via_sso":false,"log_type":"token"}', '2024-12-23 17:02:10.180235+00', ''),
	('00000000-0000-0000-0000-000000000000', '86d7551b-b582-4cda-a858-d3e43f40078c', '{"action":"token_refreshed","actor_id":"1d56fb23-62f4-462e-8c02-764c910075ab","actor_username":"48666978350","actor_via_sso":false,"log_type":"token"}', '2024-12-23 18:01:40.145314+00', ''),
	('00000000-0000-0000-0000-000000000000', 'b374eb71-0613-4f9b-b241-ef39a4721cd9', '{"action":"token_revoked","actor_id":"1d56fb23-62f4-462e-8c02-764c910075ab","actor_username":"48666978350","actor_via_sso":false,"log_type":"token"}', '2024-12-23 18:01:40.146262+00', ''),
	('00000000-0000-0000-0000-000000000000', '66f349b6-5c9b-47fb-9ffb-12981756b228', '{"action":"token_refreshed","actor_id":"1d56fb23-62f4-462e-8c02-764c910075ab","actor_username":"48666978350","actor_via_sso":false,"log_type":"token"}', '2024-12-23 19:01:10.134909+00', ''),
	('00000000-0000-0000-0000-000000000000', 'a23c9750-090c-493b-aac4-d402777cde04', '{"action":"token_revoked","actor_id":"1d56fb23-62f4-462e-8c02-764c910075ab","actor_username":"48666978350","actor_via_sso":false,"log_type":"token"}', '2024-12-23 19:01:10.136365+00', ''),
	('00000000-0000-0000-0000-000000000000', 'bec238b8-6c62-4402-bd2e-93c882493b54', '{"action":"token_refreshed","actor_id":"1d56fb23-62f4-462e-8c02-764c910075ab","actor_username":"48666978350","actor_via_sso":false,"log_type":"token"}', '2024-12-24 05:38:16.107275+00', ''),
	('00000000-0000-0000-0000-000000000000', '19746c61-9ef8-4004-a87e-ac4444f38eb5', '{"action":"token_revoked","actor_id":"1d56fb23-62f4-462e-8c02-764c910075ab","actor_username":"48666978350","actor_via_sso":false,"log_type":"token"}', '2024-12-24 05:38:16.108057+00', ''),
	('00000000-0000-0000-0000-000000000000', 'af97f704-a2fa-4437-adf8-f7c2d8eecc0f', '{"action":"token_refreshed","actor_id":"1d56fb23-62f4-462e-8c02-764c910075ab","actor_username":"48666978350","actor_via_sso":false,"log_type":"token"}', '2024-12-24 06:37:46.091572+00', ''),
	('00000000-0000-0000-0000-000000000000', '7166314d-0337-4e85-b9e5-b1d252f0370f', '{"action":"token_revoked","actor_id":"1d56fb23-62f4-462e-8c02-764c910075ab","actor_username":"48666978350","actor_via_sso":false,"log_type":"token"}', '2024-12-24 06:37:46.092959+00', ''),
	('00000000-0000-0000-0000-000000000000', '0a891790-d352-437a-b00c-760b1245d3e5', '{"action":"token_refreshed","actor_id":"1d56fb23-62f4-462e-8c02-764c910075ab","actor_username":"48666978350","actor_via_sso":false,"log_type":"token"}', '2024-12-24 07:37:16.026844+00', ''),
	('00000000-0000-0000-0000-000000000000', '0ab72d5d-6952-485b-bb4f-57f73647c4d2', '{"action":"token_revoked","actor_id":"1d56fb23-62f4-462e-8c02-764c910075ab","actor_username":"48666978350","actor_via_sso":false,"log_type":"token"}', '2024-12-24 07:37:16.027974+00', ''),
	('00000000-0000-0000-0000-000000000000', 'ee34139e-7280-4d28-8fa6-ecefa1242f7d', '{"action":"user_modified","actor_id":"1d56fb23-62f4-462e-8c02-764c910075ab","actor_username":"48666978350","actor_via_sso":false,"log_type":"user"}', '2024-12-24 07:38:45.764102+00', ''),
	('00000000-0000-0000-0000-000000000000', '7a0fe40e-e758-4962-9281-3e0a812baca0', '{"action":"token_refreshed","actor_id":"1d56fb23-62f4-462e-8c02-764c910075ab","actor_username":"48666978350","actor_via_sso":false,"log_type":"token"}', '2024-12-24 07:38:46.021556+00', ''),
	('00000000-0000-0000-0000-000000000000', '2db74658-ed33-4271-b707-0676c27d762a', '{"action":"token_revoked","actor_id":"1d56fb23-62f4-462e-8c02-764c910075ab","actor_username":"48666978350","actor_via_sso":false,"log_type":"token"}', '2024-12-24 07:38:46.022048+00', ''),
	('00000000-0000-0000-0000-000000000000', 'f94bd05e-534b-430d-98c0-ad0a61d59829', '{"action":"user_modified","actor_id":"1d56fb23-62f4-462e-8c02-764c910075ab","actor_username":"48666978350","actor_via_sso":false,"log_type":"user"}', '2024-12-24 07:45:02.534574+00', ''),
	('00000000-0000-0000-0000-000000000000', '50dc96f4-69f2-4f05-a6dc-48503d6e9dfe', '{"action":"token_refreshed","actor_id":"1d56fb23-62f4-462e-8c02-764c910075ab","actor_username":"48666978350","actor_via_sso":false,"log_type":"token"}', '2024-12-24 07:45:02.743675+00', ''),
	('00000000-0000-0000-0000-000000000000', '298c7795-b80c-4e55-9de2-08284972c397', '{"action":"token_revoked","actor_id":"1d56fb23-62f4-462e-8c02-764c910075ab","actor_username":"48666978350","actor_via_sso":false,"log_type":"token"}', '2024-12-24 07:45:02.744082+00', ''),
	('00000000-0000-0000-0000-000000000000', 'c0d14433-a6f2-4a63-9b6a-140039038786', '{"action":"user_modified","actor_id":"1d56fb23-62f4-462e-8c02-764c910075ab","actor_username":"48666978350","actor_via_sso":false,"log_type":"user"}', '2024-12-24 07:50:11.564524+00', ''),
	('00000000-0000-0000-0000-000000000000', '54d52799-f3f5-4a68-a433-bd3cbf6dc3a2', '{"action":"token_refreshed","actor_id":"1d56fb23-62f4-462e-8c02-764c910075ab","actor_username":"48666978350","actor_via_sso":false,"log_type":"token"}', '2024-12-24 07:50:11.752193+00', ''),
	('00000000-0000-0000-0000-000000000000', '3a143673-a2f7-4493-a6c9-936e8b44e53a', '{"action":"token_revoked","actor_id":"1d56fb23-62f4-462e-8c02-764c910075ab","actor_username":"48666978350","actor_via_sso":false,"log_type":"token"}', '2024-12-24 07:50:11.754371+00', ''),
	('00000000-0000-0000-0000-000000000000', '0511409c-406e-442c-b9c9-eb81d313ec8d', '{"action":"user_modified","actor_id":"1d56fb23-62f4-462e-8c02-764c910075ab","actor_username":"48666978350","actor_via_sso":false,"log_type":"user"}', '2024-12-24 07:54:49.933316+00', ''),
	('00000000-0000-0000-0000-000000000000', '17060c06-a239-4d56-9864-c58bf919a605', '{"action":"token_refreshed","actor_id":"1d56fb23-62f4-462e-8c02-764c910075ab","actor_username":"48666978350","actor_via_sso":false,"log_type":"token"}', '2024-12-24 07:54:50.145373+00', ''),
	('00000000-0000-0000-0000-000000000000', 'd6bcb43f-33d4-46d7-9425-1c0452da08a0', '{"action":"token_revoked","actor_id":"1d56fb23-62f4-462e-8c02-764c910075ab","actor_username":"48666978350","actor_via_sso":false,"log_type":"token"}', '2024-12-24 07:54:50.145845+00', ''),
	('00000000-0000-0000-0000-000000000000', 'f98ae3de-2283-4d33-b489-310103f1780d', '{"action":"token_refreshed","actor_id":"1d56fb23-62f4-462e-8c02-764c910075ab","actor_username":"48666978350","actor_via_sso":false,"log_type":"token"}', '2024-12-24 09:09:34.134876+00', ''),
	('00000000-0000-0000-0000-000000000000', 'b3f7520a-3a82-4466-a3b1-84439e3732c2', '{"action":"token_revoked","actor_id":"1d56fb23-62f4-462e-8c02-764c910075ab","actor_username":"48666978350","actor_via_sso":false,"log_type":"token"}', '2024-12-24 09:09:34.136223+00', ''),
	('00000000-0000-0000-0000-000000000000', '0931593d-e163-46de-8421-618369e0ab88', '{"action":"user_modified","actor_id":"1d56fb23-62f4-462e-8c02-764c910075ab","actor_username":"48666978350","actor_via_sso":false,"log_type":"user"}', '2024-12-24 09:24:48.454059+00', ''),
	('00000000-0000-0000-0000-000000000000', 'fce06a93-12f3-426c-a63e-2efee1b88640', '{"action":"token_refreshed","actor_id":"1d56fb23-62f4-462e-8c02-764c910075ab","actor_username":"48666978350","actor_via_sso":false,"log_type":"token"}', '2024-12-24 09:24:48.621592+00', ''),
	('00000000-0000-0000-0000-000000000000', '752a2ced-fd53-4f0b-b4cd-6e21b24bf615', '{"action":"token_revoked","actor_id":"1d56fb23-62f4-462e-8c02-764c910075ab","actor_username":"48666978350","actor_via_sso":false,"log_type":"token"}', '2024-12-24 09:24:48.622027+00', ''),
	('00000000-0000-0000-0000-000000000000', 'ef39f654-1c45-4238-b397-854d38b6f332', '{"action":"user_modified","actor_id":"1d56fb23-62f4-462e-8c02-764c910075ab","actor_username":"48666978350","actor_via_sso":false,"log_type":"user"}', '2024-12-24 09:33:28.924574+00', ''),
	('00000000-0000-0000-0000-000000000000', '5c18bb65-bddf-4983-8f6e-6735ded5404e', '{"action":"token_refreshed","actor_id":"1d56fb23-62f4-462e-8c02-764c910075ab","actor_username":"48666978350","actor_via_sso":false,"log_type":"token"}', '2024-12-24 09:33:29.09447+00', ''),
	('00000000-0000-0000-0000-000000000000', 'f52778ee-69d3-4993-8816-e5aa8631d210', '{"action":"token_revoked","actor_id":"1d56fb23-62f4-462e-8c02-764c910075ab","actor_username":"48666978350","actor_via_sso":false,"log_type":"token"}', '2024-12-24 09:33:29.094907+00', ''),
	('00000000-0000-0000-0000-000000000000', '10470c24-0863-41b8-83b9-bcd510d42002', '{"action":"user_modified","actor_id":"1d56fb23-62f4-462e-8c02-764c910075ab","actor_username":"48666978350","actor_via_sso":false,"log_type":"user"}', '2024-12-24 09:37:38.871291+00', ''),
	('00000000-0000-0000-0000-000000000000', '05ada0f4-ae98-4d53-b222-76645e25461c', '{"action":"token_refreshed","actor_id":"1d56fb23-62f4-462e-8c02-764c910075ab","actor_username":"48666978350","actor_via_sso":false,"log_type":"token"}', '2024-12-24 09:37:39.034241+00', ''),
	('00000000-0000-0000-0000-000000000000', '15ef077b-9617-4ff5-aa27-8e6513cdeaf1', '{"action":"token_revoked","actor_id":"1d56fb23-62f4-462e-8c02-764c910075ab","actor_username":"48666978350","actor_via_sso":false,"log_type":"token"}', '2024-12-24 09:37:39.034801+00', ''),
	('00000000-0000-0000-0000-000000000000', 'e302c99f-3786-41ff-931c-9be67c93bb87', '{"action":"user_modified","actor_id":"1d56fb23-62f4-462e-8c02-764c910075ab","actor_username":"48666978350","actor_via_sso":false,"log_type":"user"}', '2024-12-24 09:49:22.286595+00', ''),
	('00000000-0000-0000-0000-000000000000', '5ffec1a7-a758-4b6d-8677-b89d2e93e581', '{"action":"token_refreshed","actor_id":"1d56fb23-62f4-462e-8c02-764c910075ab","actor_username":"48666978350","actor_via_sso":false,"log_type":"token"}', '2024-12-24 09:49:22.453756+00', ''),
	('00000000-0000-0000-0000-000000000000', '8906e771-941f-42fa-8278-f852f4b649b1', '{"action":"token_revoked","actor_id":"1d56fb23-62f4-462e-8c02-764c910075ab","actor_username":"48666978350","actor_via_sso":false,"log_type":"token"}', '2024-12-24 09:49:22.454401+00', ''),
	('00000000-0000-0000-0000-000000000000', 'c0eca799-903d-40b0-893d-b91ca461aa8f', '{"action":"user_modified","actor_id":"1d56fb23-62f4-462e-8c02-764c910075ab","actor_username":"48666978350","actor_via_sso":false,"log_type":"user"}', '2024-12-24 10:06:27.901488+00', ''),
	('00000000-0000-0000-0000-000000000000', '3dff0c62-e4d8-4101-9abc-c30d3efbfe67', '{"action":"token_refreshed","actor_id":"1d56fb23-62f4-462e-8c02-764c910075ab","actor_username":"48666978350","actor_via_sso":false,"log_type":"token"}', '2024-12-24 10:06:28.049591+00', ''),
	('00000000-0000-0000-0000-000000000000', '54f5e7e8-5c02-4d88-b78b-c8cfca303edb', '{"action":"token_revoked","actor_id":"1d56fb23-62f4-462e-8c02-764c910075ab","actor_username":"48666978350","actor_via_sso":false,"log_type":"token"}', '2024-12-24 10:06:28.05012+00', ''),
	('00000000-0000-0000-0000-000000000000', '37e0189b-35f7-4aa0-8b96-7394b75fe094', '{"action":"user_modified","actor_id":"1d56fb23-62f4-462e-8c02-764c910075ab","actor_username":"48666978350","actor_via_sso":false,"log_type":"user"}', '2024-12-24 10:07:38.491838+00', ''),
	('00000000-0000-0000-0000-000000000000', '2a14c6ec-0fdd-4704-b9b7-d65831ff54a8', '{"action":"token_refreshed","actor_id":"1d56fb23-62f4-462e-8c02-764c910075ab","actor_username":"48666978350","actor_via_sso":false,"log_type":"token"}', '2024-12-24 10:07:38.665663+00', ''),
	('00000000-0000-0000-0000-000000000000', 'e3cd9d25-9f6d-44a1-83ce-d33ce5f718d4', '{"action":"token_revoked","actor_id":"1d56fb23-62f4-462e-8c02-764c910075ab","actor_username":"48666978350","actor_via_sso":false,"log_type":"token"}', '2024-12-24 10:07:38.666128+00', ''),
	('00000000-0000-0000-0000-000000000000', '2f94f7c7-d717-4305-9895-c3db09c12efb', '{"action":"user_modified","actor_id":"1d56fb23-62f4-462e-8c02-764c910075ab","actor_username":"48666978350","actor_via_sso":false,"log_type":"user"}', '2024-12-24 10:07:51.3838+00', ''),
	('00000000-0000-0000-0000-000000000000', '9b481e71-6363-409e-a550-46d9f1507eb2', '{"action":"token_refreshed","actor_id":"1d56fb23-62f4-462e-8c02-764c910075ab","actor_username":"48666978350","actor_via_sso":false,"log_type":"token"}', '2024-12-24 10:07:51.566564+00', ''),
	('00000000-0000-0000-0000-000000000000', 'e9bec291-e56a-49fa-8ca8-534d70bb01e8', '{"action":"token_revoked","actor_id":"1d56fb23-62f4-462e-8c02-764c910075ab","actor_username":"48666978350","actor_via_sso":false,"log_type":"token"}', '2024-12-24 10:07:51.567174+00', ''),
	('00000000-0000-0000-0000-000000000000', 'b4abb5c2-06d5-4af2-a920-e0ef95459998', '{"action":"user_modified","actor_id":"1d56fb23-62f4-462e-8c02-764c910075ab","actor_username":"48666978350","actor_via_sso":false,"log_type":"user"}', '2024-12-24 10:14:54.332885+00', ''),
	('00000000-0000-0000-0000-000000000000', '927e7416-c4b4-4ed8-9a30-61ae2688df78', '{"action":"token_refreshed","actor_id":"1d56fb23-62f4-462e-8c02-764c910075ab","actor_username":"48666978350","actor_via_sso":false,"log_type":"token"}', '2024-12-24 10:14:54.485182+00', ''),
	('00000000-0000-0000-0000-000000000000', '2b1b3a7e-14cb-45d5-9089-c5f90fd92671', '{"action":"token_revoked","actor_id":"1d56fb23-62f4-462e-8c02-764c910075ab","actor_username":"48666978350","actor_via_sso":false,"log_type":"token"}', '2024-12-24 10:14:54.48597+00', ''),
	('00000000-0000-0000-0000-000000000000', 'f48a1b4b-6f69-46e6-a3df-ed74a2fa9d4f', '{"action":"user_modified","actor_id":"1d56fb23-62f4-462e-8c02-764c910075ab","actor_username":"48666978350","actor_via_sso":false,"log_type":"user"}', '2024-12-24 10:16:15.856269+00', ''),
	('00000000-0000-0000-0000-000000000000', 'e79b0237-a52e-4584-a394-f2416b534b68', '{"action":"token_refreshed","actor_id":"1d56fb23-62f4-462e-8c02-764c910075ab","actor_username":"48666978350","actor_via_sso":false,"log_type":"token"}', '2024-12-24 10:16:16.030932+00', ''),
	('00000000-0000-0000-0000-000000000000', 'c0890974-f56f-483f-80fe-dc02dfae1497', '{"action":"token_revoked","actor_id":"1d56fb23-62f4-462e-8c02-764c910075ab","actor_username":"48666978350","actor_via_sso":false,"log_type":"token"}', '2024-12-24 10:16:16.031318+00', ''),
	('00000000-0000-0000-0000-000000000000', '60b8d9e4-6cf5-4da6-b52b-8366d59d0098', '{"action":"user_modified","actor_id":"1d56fb23-62f4-462e-8c02-764c910075ab","actor_username":"48666978350","actor_via_sso":false,"log_type":"user"}', '2024-12-24 10:25:22.119883+00', ''),
	('00000000-0000-0000-0000-000000000000', '22b659b9-9731-4fb8-8bd7-fb4b472529ff', '{"action":"token_refreshed","actor_id":"1d56fb23-62f4-462e-8c02-764c910075ab","actor_username":"48666978350","actor_via_sso":false,"log_type":"token"}', '2024-12-24 10:25:22.265976+00', ''),
	('00000000-0000-0000-0000-000000000000', '1c2c3e2b-0b4a-45c6-a7eb-72a8c5d75a04', '{"action":"token_revoked","actor_id":"1d56fb23-62f4-462e-8c02-764c910075ab","actor_username":"48666978350","actor_via_sso":false,"log_type":"token"}', '2024-12-24 10:25:22.266616+00', ''),
	('00000000-0000-0000-0000-000000000000', '3ebbbc84-cf83-49e1-b9eb-19c7d7200a9b', '{"action":"user_modified","actor_id":"1d56fb23-62f4-462e-8c02-764c910075ab","actor_username":"48666978350","actor_via_sso":false,"log_type":"user"}', '2024-12-24 10:40:37.411389+00', ''),
	('00000000-0000-0000-0000-000000000000', '58dd2c1e-8d50-4e69-a4d5-7eaa0f46ecc5', '{"action":"token_refreshed","actor_id":"1d56fb23-62f4-462e-8c02-764c910075ab","actor_username":"48666978350","actor_via_sso":false,"log_type":"token"}', '2024-12-24 10:40:37.582936+00', ''),
	('00000000-0000-0000-0000-000000000000', 'a0c4c773-e00a-4434-ab73-e06a4c9f6876', '{"action":"token_revoked","actor_id":"1d56fb23-62f4-462e-8c02-764c910075ab","actor_username":"48666978350","actor_via_sso":false,"log_type":"token"}', '2024-12-24 10:40:37.583458+00', ''),
	('00000000-0000-0000-0000-000000000000', '1914519d-c38b-4f8e-a385-296f2c7c1077', '{"action":"user_modified","actor_id":"1d56fb23-62f4-462e-8c02-764c910075ab","actor_username":"48666978350","actor_via_sso":false,"log_type":"user"}', '2024-12-24 10:42:56.392092+00', ''),
	('00000000-0000-0000-0000-000000000000', 'baaeef7b-9870-4df2-aeb8-99756bd89df3', '{"action":"token_refreshed","actor_id":"1d56fb23-62f4-462e-8c02-764c910075ab","actor_username":"48666978350","actor_via_sso":false,"log_type":"token"}', '2024-12-24 10:42:56.560973+00', ''),
	('00000000-0000-0000-0000-000000000000', '97fbec0f-7ee3-4f43-b594-47a8814ad241', '{"action":"token_revoked","actor_id":"1d56fb23-62f4-462e-8c02-764c910075ab","actor_username":"48666978350","actor_via_sso":false,"log_type":"token"}', '2024-12-24 10:42:56.561485+00', ''),
	('00000000-0000-0000-0000-000000000000', '89f3ca42-e856-44f2-bccc-e82ea420f283', '{"action":"user_modified","actor_id":"1d56fb23-62f4-462e-8c02-764c910075ab","actor_username":"48666978350","actor_via_sso":false,"log_type":"user"}', '2024-12-24 10:48:08.951365+00', ''),
	('00000000-0000-0000-0000-000000000000', '5d9f908e-ea2a-4653-a856-344ca0546386', '{"action":"token_refreshed","actor_id":"1d56fb23-62f4-462e-8c02-764c910075ab","actor_username":"48666978350","actor_via_sso":false,"log_type":"token"}', '2024-12-24 10:48:09.506478+00', ''),
	('00000000-0000-0000-0000-000000000000', '777fa36f-78b6-4faf-a401-fa639b9d3358', '{"action":"token_revoked","actor_id":"1d56fb23-62f4-462e-8c02-764c910075ab","actor_username":"48666978350","actor_via_sso":false,"log_type":"token"}', '2024-12-24 10:48:09.507017+00', ''),
	('00000000-0000-0000-0000-000000000000', 'dde8b008-35cc-4eee-a455-e8b84039e98f', '{"action":"user_modified","actor_id":"1d56fb23-62f4-462e-8c02-764c910075ab","actor_username":"48666978350","actor_via_sso":false,"log_type":"user"}', '2024-12-24 10:53:19.835578+00', ''),
	('00000000-0000-0000-0000-000000000000', '91d28fec-ed39-4eda-aeb0-1c0a73706b8a', '{"action":"token_refreshed","actor_id":"1d56fb23-62f4-462e-8c02-764c910075ab","actor_username":"48666978350","actor_via_sso":false,"log_type":"token"}', '2024-12-24 10:53:20.280525+00', ''),
	('00000000-0000-0000-0000-000000000000', '7ee273c4-e3e7-4f72-aaa9-0ba92fc6e69a', '{"action":"token_revoked","actor_id":"1d56fb23-62f4-462e-8c02-764c910075ab","actor_username":"48666978350","actor_via_sso":false,"log_type":"token"}', '2024-12-24 10:53:20.28098+00', ''),
	('00000000-0000-0000-0000-000000000000', 'ef2c285a-7020-4663-a11d-a5f1945122df', '{"action":"user_modified","actor_id":"1d56fb23-62f4-462e-8c02-764c910075ab","actor_username":"48666978350","actor_via_sso":false,"log_type":"user"}', '2024-12-24 10:55:25.641721+00', ''),
	('00000000-0000-0000-0000-000000000000', '8fc4d89e-f42c-47c0-8bd6-0551d74a5179', '{"action":"token_refreshed","actor_id":"1d56fb23-62f4-462e-8c02-764c910075ab","actor_username":"48666978350","actor_via_sso":false,"log_type":"token"}', '2024-12-24 10:55:25.809613+00', ''),
	('00000000-0000-0000-0000-000000000000', '56e30df2-6e35-473b-aed1-caa7112a65cc', '{"action":"token_revoked","actor_id":"1d56fb23-62f4-462e-8c02-764c910075ab","actor_username":"48666978350","actor_via_sso":false,"log_type":"token"}', '2024-12-24 10:55:25.810341+00', ''),
	('00000000-0000-0000-0000-000000000000', '508e6fc8-8639-4321-bd0d-a517a66b366c', '{"action":"token_refreshed","actor_id":"1d56fb23-62f4-462e-8c02-764c910075ab","actor_username":"48666978350","actor_via_sso":false,"log_type":"token"}', '2024-12-24 13:28:31.438683+00', ''),
	('00000000-0000-0000-0000-000000000000', 'e07fc3c5-359f-496d-ac78-f5b9c2f02ccf', '{"action":"token_revoked","actor_id":"1d56fb23-62f4-462e-8c02-764c910075ab","actor_username":"48666978350","actor_via_sso":false,"log_type":"token"}', '2024-12-24 13:28:31.439586+00', ''),
	('00000000-0000-0000-0000-000000000000', 'e60e9d61-c58a-4575-8ac3-74cdbad90df9', '{"action":"token_refreshed","actor_id":"dc91436a-cdf2-4bd2-8208-8b3443972808","actor_username":"lukasjanek99@gmail.com","actor_via_sso":false,"log_type":"token"}', '2024-12-24 13:31:28.439751+00', ''),
	('00000000-0000-0000-0000-000000000000', 'bcd482af-4d07-4cea-a612-0a94856fcd6b', '{"action":"token_revoked","actor_id":"dc91436a-cdf2-4bd2-8208-8b3443972808","actor_username":"lukasjanek99@gmail.com","actor_via_sso":false,"log_type":"token"}', '2024-12-24 13:31:28.440586+00', ''),
	('00000000-0000-0000-0000-000000000000', '798f24c1-4060-412e-b91e-0328c7d609c1', '{"action":"token_refreshed","actor_id":"1d56fb23-62f4-462e-8c02-764c910075ab","actor_username":"48666978350","actor_via_sso":false,"log_type":"token"}', '2024-12-25 07:15:44.18139+00', ''),
	('00000000-0000-0000-0000-000000000000', '07a1dcaa-97fb-4b80-9b5a-326e8acabd07', '{"action":"token_revoked","actor_id":"1d56fb23-62f4-462e-8c02-764c910075ab","actor_username":"48666978350","actor_via_sso":false,"log_type":"token"}', '2024-12-25 07:15:44.182302+00', ''),
	('00000000-0000-0000-0000-000000000000', '85f2a6df-a3e1-4f02-a036-7143ab7e8ca6', '{"action":"user_modified","actor_id":"1d56fb23-62f4-462e-8c02-764c910075ab","actor_username":"48666978350","actor_via_sso":false,"log_type":"user"}', '2024-12-25 07:16:55.909711+00', ''),
	('00000000-0000-0000-0000-000000000000', '820f4d24-14b9-4955-9f5e-67a55ba0b9a8', '{"action":"token_refreshed","actor_id":"1d56fb23-62f4-462e-8c02-764c910075ab","actor_username":"48666978350","actor_via_sso":false,"log_type":"token"}', '2024-12-25 07:16:56.107261+00', ''),
	('00000000-0000-0000-0000-000000000000', '7b006967-538d-474b-9d85-a3273e342ffb', '{"action":"token_revoked","actor_id":"1d56fb23-62f4-462e-8c02-764c910075ab","actor_username":"48666978350","actor_via_sso":false,"log_type":"token"}', '2024-12-25 07:16:56.107825+00', ''),
	('00000000-0000-0000-0000-000000000000', '4a48c242-74d0-421a-a37f-1cedd61fd146', '{"action":"user_modified","actor_id":"1d56fb23-62f4-462e-8c02-764c910075ab","actor_username":"48666978350","actor_via_sso":false,"log_type":"user"}', '2024-12-25 08:13:06.561715+00', ''),
	('00000000-0000-0000-0000-000000000000', '3f351001-4e47-42d3-a23b-6d395622e900', '{"action":"token_refreshed","actor_id":"1d56fb23-62f4-462e-8c02-764c910075ab","actor_username":"48666978350","actor_via_sso":false,"log_type":"token"}', '2024-12-25 08:13:06.776303+00', ''),
	('00000000-0000-0000-0000-000000000000', 'a1f7a22a-1e35-4465-aa79-365a6d4d3299', '{"action":"token_revoked","actor_id":"1d56fb23-62f4-462e-8c02-764c910075ab","actor_username":"48666978350","actor_via_sso":false,"log_type":"token"}', '2024-12-25 08:13:06.776802+00', ''),
	('00000000-0000-0000-0000-000000000000', '3aa3794f-b877-4208-9d34-558bb1b1aeb1', '{"action":"token_refreshed","actor_id":"1d56fb23-62f4-462e-8c02-764c910075ab","actor_username":"48666978350","actor_via_sso":false,"log_type":"token"}', '2024-12-25 11:00:29.167033+00', ''),
	('00000000-0000-0000-0000-000000000000', '849728af-8bbf-4735-8aa4-ec54bfd078f6', '{"action":"token_revoked","actor_id":"1d56fb23-62f4-462e-8c02-764c910075ab","actor_username":"48666978350","actor_via_sso":false,"log_type":"token"}', '2024-12-25 11:00:29.168163+00', ''),
	('00000000-0000-0000-0000-000000000000', 'd1d9ec9b-8017-4cef-9cb4-7c1059a42836', '{"action":"user_modified","actor_id":"1d56fb23-62f4-462e-8c02-764c910075ab","actor_username":"48666978350","actor_via_sso":false,"log_type":"user"}', '2024-12-25 11:04:21.007591+00', ''),
	('00000000-0000-0000-0000-000000000000', 'e76468a3-0210-490d-b1cf-702ff0793797', '{"action":"token_refreshed","actor_id":"1d56fb23-62f4-462e-8c02-764c910075ab","actor_username":"48666978350","actor_via_sso":false,"log_type":"token"}', '2024-12-25 11:04:21.181418+00', ''),
	('00000000-0000-0000-0000-000000000000', '24dbf278-5d12-4ae0-bb5d-01c673164bd4', '{"action":"token_revoked","actor_id":"1d56fb23-62f4-462e-8c02-764c910075ab","actor_username":"48666978350","actor_via_sso":false,"log_type":"token"}', '2024-12-25 11:04:21.181812+00', ''),
	('00000000-0000-0000-0000-000000000000', '0b5b5ec6-d6c0-4a0b-88ed-a8421b6153a0', '{"action":"user_modified","actor_id":"1d56fb23-62f4-462e-8c02-764c910075ab","actor_username":"48666978350","actor_via_sso":false,"log_type":"user"}', '2024-12-25 11:50:30.394327+00', ''),
	('00000000-0000-0000-0000-000000000000', '758aa634-b6e3-4b25-828f-6709d112ee31', '{"action":"token_refreshed","actor_id":"1d56fb23-62f4-462e-8c02-764c910075ab","actor_username":"48666978350","actor_via_sso":false,"log_type":"token"}', '2024-12-25 11:50:30.530554+00', ''),
	('00000000-0000-0000-0000-000000000000', '9c6aa5af-173e-44ba-87f3-3a1b10220a76', '{"action":"token_revoked","actor_id":"1d56fb23-62f4-462e-8c02-764c910075ab","actor_username":"48666978350","actor_via_sso":false,"log_type":"token"}', '2024-12-25 11:50:30.531068+00', ''),
	('00000000-0000-0000-0000-000000000000', '8821406c-f834-4871-b0a4-83dd81610e54', '{"action":"user_modified","actor_id":"1d56fb23-62f4-462e-8c02-764c910075ab","actor_username":"48666978350","actor_via_sso":false,"log_type":"user"}', '2024-12-25 12:10:22.395824+00', ''),
	('00000000-0000-0000-0000-000000000000', '9b0884cc-56df-4dde-82cc-40eb33337213', '{"action":"token_refreshed","actor_id":"1d56fb23-62f4-462e-8c02-764c910075ab","actor_username":"48666978350","actor_via_sso":false,"log_type":"token"}', '2024-12-25 12:10:23.223277+00', ''),
	('00000000-0000-0000-0000-000000000000', '4f26bda2-cea7-4081-be5f-530e1595f8e5', '{"action":"token_revoked","actor_id":"1d56fb23-62f4-462e-8c02-764c910075ab","actor_username":"48666978350","actor_via_sso":false,"log_type":"token"}', '2024-12-25 12:10:23.22628+00', ''),
	('00000000-0000-0000-0000-000000000000', 'e11563a7-26d1-47ac-8ca4-36b0ebfe6078', '{"action":"user_modified","actor_id":"1d56fb23-62f4-462e-8c02-764c910075ab","actor_username":"48666978350","actor_via_sso":false,"log_type":"user"}', '2024-12-25 12:13:47.361269+00', ''),
	('00000000-0000-0000-0000-000000000000', '2e5a1067-fa5d-4019-a6f6-4342b5ea1632', '{"action":"token_refreshed","actor_id":"1d56fb23-62f4-462e-8c02-764c910075ab","actor_username":"48666978350","actor_via_sso":false,"log_type":"token"}', '2024-12-25 12:13:47.538058+00', ''),
	('00000000-0000-0000-0000-000000000000', 'ef797696-37a8-4b18-92a0-7034c8d05060', '{"action":"token_revoked","actor_id":"1d56fb23-62f4-462e-8c02-764c910075ab","actor_username":"48666978350","actor_via_sso":false,"log_type":"token"}', '2024-12-25 12:13:47.538523+00', ''),
	('00000000-0000-0000-0000-000000000000', 'e1575a25-0a6a-4027-a496-46c5a3f956e3', '{"action":"user_modified","actor_id":"1d56fb23-62f4-462e-8c02-764c910075ab","actor_username":"48666978350","actor_via_sso":false,"log_type":"user"}', '2024-12-25 12:14:23.007732+00', ''),
	('00000000-0000-0000-0000-000000000000', '6935d53d-f08d-4705-948e-85c249a123ba', '{"action":"token_refreshed","actor_id":"1d56fb23-62f4-462e-8c02-764c910075ab","actor_username":"48666978350","actor_via_sso":false,"log_type":"token"}', '2024-12-25 12:14:23.176128+00', ''),
	('00000000-0000-0000-0000-000000000000', '28c70ccd-ca42-4863-a5d8-dc15dc20a816', '{"action":"token_revoked","actor_id":"1d56fb23-62f4-462e-8c02-764c910075ab","actor_username":"48666978350","actor_via_sso":false,"log_type":"token"}', '2024-12-25 12:14:23.178211+00', ''),
	('00000000-0000-0000-0000-000000000000', 'ea2b9fc6-36b0-4e07-82d4-aa0b7459c020', '{"action":"user_modified","actor_id":"1d56fb23-62f4-462e-8c02-764c910075ab","actor_username":"48666978350","actor_via_sso":false,"log_type":"user"}', '2024-12-25 12:14:44.642744+00', ''),
	('00000000-0000-0000-0000-000000000000', 'f015392e-79a1-4bd4-851d-c4ff08afe7b4', '{"action":"token_refreshed","actor_id":"1d56fb23-62f4-462e-8c02-764c910075ab","actor_username":"48666978350","actor_via_sso":false,"log_type":"token"}', '2024-12-25 12:14:44.822305+00', ''),
	('00000000-0000-0000-0000-000000000000', '6d305b13-0ee8-4449-902d-b9fbaca9d919', '{"action":"token_revoked","actor_id":"1d56fb23-62f4-462e-8c02-764c910075ab","actor_username":"48666978350","actor_via_sso":false,"log_type":"token"}', '2024-12-25 12:14:44.823151+00', ''),
	('00000000-0000-0000-0000-000000000000', '548515b3-d335-438c-bc41-ae51d0b23736', '{"action":"user_modified","actor_id":"1d56fb23-62f4-462e-8c02-764c910075ab","actor_username":"48666978350","actor_via_sso":false,"log_type":"user"}', '2024-12-25 12:16:35.973651+00', ''),
	('00000000-0000-0000-0000-000000000000', 'd7f51bb7-ac3a-4c3f-84da-6f04c2d82dca', '{"action":"token_refreshed","actor_id":"1d56fb23-62f4-462e-8c02-764c910075ab","actor_username":"48666978350","actor_via_sso":false,"log_type":"token"}', '2024-12-25 12:16:36.158525+00', ''),
	('00000000-0000-0000-0000-000000000000', 'c73bb5fd-a4fd-42d7-bc49-b3d07a3b2e3f', '{"action":"token_revoked","actor_id":"1d56fb23-62f4-462e-8c02-764c910075ab","actor_username":"48666978350","actor_via_sso":false,"log_type":"token"}', '2024-12-25 12:16:36.158954+00', ''),
	('00000000-0000-0000-0000-000000000000', '9527c1d5-13c3-4949-9a50-6eabe69b56c3', '{"action":"user_modified","actor_id":"1d56fb23-62f4-462e-8c02-764c910075ab","actor_username":"48666978350","actor_via_sso":false,"log_type":"user"}', '2024-12-25 12:23:11.257129+00', ''),
	('00000000-0000-0000-0000-000000000000', '01064f32-a3e6-48f1-a172-0fe5c4af7cde', '{"action":"token_refreshed","actor_id":"1d56fb23-62f4-462e-8c02-764c910075ab","actor_username":"48666978350","actor_via_sso":false,"log_type":"token"}', '2024-12-25 12:23:11.436643+00', ''),
	('00000000-0000-0000-0000-000000000000', 'aab3ae9a-b1e9-4d07-8b80-829b7e32d3a0', '{"action":"token_revoked","actor_id":"1d56fb23-62f4-462e-8c02-764c910075ab","actor_username":"48666978350","actor_via_sso":false,"log_type":"token"}', '2024-12-25 12:23:11.437047+00', ''),
	('00000000-0000-0000-0000-000000000000', 'bca70b11-df81-4d75-a1af-9a8f50520440', '{"action":"user_modified","actor_id":"1d56fb23-62f4-462e-8c02-764c910075ab","actor_username":"48666978350","actor_via_sso":false,"log_type":"user"}', '2024-12-25 12:23:43.29045+00', ''),
	('00000000-0000-0000-0000-000000000000', '8f235769-c4d7-41b0-b410-bbdc0b4df96e', '{"action":"token_refreshed","actor_id":"1d56fb23-62f4-462e-8c02-764c910075ab","actor_username":"48666978350","actor_via_sso":false,"log_type":"token"}', '2024-12-25 12:23:43.430236+00', ''),
	('00000000-0000-0000-0000-000000000000', '85cebe93-d85b-486b-b9d6-646c7d699f7e', '{"action":"token_revoked","actor_id":"1d56fb23-62f4-462e-8c02-764c910075ab","actor_username":"48666978350","actor_via_sso":false,"log_type":"token"}', '2024-12-25 12:23:43.430712+00', ''),
	('00000000-0000-0000-0000-000000000000', '6103eb6b-36b4-4cb4-96e9-e6260973689b', '{"action":"user_modified","actor_id":"1d56fb23-62f4-462e-8c02-764c910075ab","actor_username":"48666978350","actor_via_sso":false,"log_type":"user"}', '2024-12-25 12:25:22.843474+00', ''),
	('00000000-0000-0000-0000-000000000000', 'ed8f089f-8075-4497-9153-6464148e410f', '{"action":"token_refreshed","actor_id":"1d56fb23-62f4-462e-8c02-764c910075ab","actor_username":"48666978350","actor_via_sso":false,"log_type":"token"}', '2024-12-25 12:25:23.023444+00', ''),
	('00000000-0000-0000-0000-000000000000', 'a9bfefe3-9bf7-445e-9716-2c33e1aee2cf', '{"action":"token_revoked","actor_id":"1d56fb23-62f4-462e-8c02-764c910075ab","actor_username":"48666978350","actor_via_sso":false,"log_type":"token"}', '2024-12-25 12:25:23.023975+00', ''),
	('00000000-0000-0000-0000-000000000000', '1a8cb49b-bd5b-44e5-8721-8ff5016583dd', '{"action":"user_modified","actor_id":"1d56fb23-62f4-462e-8c02-764c910075ab","actor_username":"48666978350","actor_via_sso":false,"log_type":"user"}', '2024-12-25 12:26:12.483062+00', ''),
	('00000000-0000-0000-0000-000000000000', 'c0e9a66f-bc88-4f58-8a05-e5294bbb54ab', '{"action":"token_refreshed","actor_id":"1d56fb23-62f4-462e-8c02-764c910075ab","actor_username":"48666978350","actor_via_sso":false,"log_type":"token"}', '2024-12-25 12:26:12.641147+00', ''),
	('00000000-0000-0000-0000-000000000000', '9b4f733c-d733-4f50-a827-80dc9ec850fe', '{"action":"token_revoked","actor_id":"1d56fb23-62f4-462e-8c02-764c910075ab","actor_username":"48666978350","actor_via_sso":false,"log_type":"token"}', '2024-12-25 12:26:12.641553+00', ''),
	('00000000-0000-0000-0000-000000000000', 'f6a74901-ff82-4c81-ae15-072d70a717a4', '{"action":"user_modified","actor_id":"1d56fb23-62f4-462e-8c02-764c910075ab","actor_username":"48666978350","actor_via_sso":false,"log_type":"user"}', '2024-12-25 12:26:57.138402+00', ''),
	('00000000-0000-0000-0000-000000000000', 'ea939280-25ba-434a-aaa3-1ef98cdac72c', '{"action":"token_refreshed","actor_id":"1d56fb23-62f4-462e-8c02-764c910075ab","actor_username":"48666978350","actor_via_sso":false,"log_type":"token"}', '2024-12-25 12:26:57.310698+00', ''),
	('00000000-0000-0000-0000-000000000000', 'ff0c4758-fdca-44ea-9fc0-cfd2352a23c2', '{"action":"token_revoked","actor_id":"1d56fb23-62f4-462e-8c02-764c910075ab","actor_username":"48666978350","actor_via_sso":false,"log_type":"token"}', '2024-12-25 12:26:57.311224+00', ''),
	('00000000-0000-0000-0000-000000000000', '3abce47b-86e3-4814-9be7-977178373bbf', '{"action":"user_modified","actor_id":"1d56fb23-62f4-462e-8c02-764c910075ab","actor_username":"48666978350","actor_via_sso":false,"log_type":"user"}', '2024-12-25 12:28:58.521958+00', ''),
	('00000000-0000-0000-0000-000000000000', '2a1d09ec-0eee-4d79-b4e0-99aebda4659e', '{"action":"token_refreshed","actor_id":"1d56fb23-62f4-462e-8c02-764c910075ab","actor_username":"48666978350","actor_via_sso":false,"log_type":"token"}', '2024-12-25 12:28:58.715772+00', ''),
	('00000000-0000-0000-0000-000000000000', '43a45639-2270-46fa-a130-41ee5b42f8c1', '{"action":"token_revoked","actor_id":"1d56fb23-62f4-462e-8c02-764c910075ab","actor_username":"48666978350","actor_via_sso":false,"log_type":"token"}', '2024-12-25 12:28:58.716219+00', ''),
	('00000000-0000-0000-0000-000000000000', '610882ac-fad8-4a90-b6aa-31e70c98ba54', '{"action":"user_modified","actor_id":"1d56fb23-62f4-462e-8c02-764c910075ab","actor_username":"48666978350","actor_via_sso":false,"log_type":"user"}', '2024-12-25 12:29:27.020963+00', ''),
	('00000000-0000-0000-0000-000000000000', '4f286dc9-fbf4-4780-8d7c-fbd0a18770d8', '{"action":"token_refreshed","actor_id":"1d56fb23-62f4-462e-8c02-764c910075ab","actor_username":"48666978350","actor_via_sso":false,"log_type":"token"}', '2024-12-25 12:29:27.181243+00', ''),
	('00000000-0000-0000-0000-000000000000', '09990a79-4dff-430f-86ff-ee8bcb359573', '{"action":"token_revoked","actor_id":"1d56fb23-62f4-462e-8c02-764c910075ab","actor_username":"48666978350","actor_via_sso":false,"log_type":"token"}', '2024-12-25 12:29:27.181763+00', ''),
	('00000000-0000-0000-0000-000000000000', '7262d8c4-8cd7-4bd8-89cf-6e10e49c4a33', '{"action":"user_modified","actor_id":"1d56fb23-62f4-462e-8c02-764c910075ab","actor_username":"48666978350","actor_via_sso":false,"log_type":"user"}', '2024-12-25 12:29:48.68213+00', ''),
	('00000000-0000-0000-0000-000000000000', 'eb20ffb2-fc58-400e-aecc-2ef1fd53ee5c', '{"action":"token_refreshed","actor_id":"1d56fb23-62f4-462e-8c02-764c910075ab","actor_username":"48666978350","actor_via_sso":false,"log_type":"token"}', '2024-12-25 12:29:48.837907+00', ''),
	('00000000-0000-0000-0000-000000000000', '403a7547-69ab-4b6b-a31a-32b2fe365d6a', '{"action":"token_revoked","actor_id":"1d56fb23-62f4-462e-8c02-764c910075ab","actor_username":"48666978350","actor_via_sso":false,"log_type":"token"}', '2024-12-25 12:29:48.838461+00', ''),
	('00000000-0000-0000-0000-000000000000', 'cfe84382-6d64-4119-bbaa-6ff5bc7ebb8c', '{"action":"user_modified","actor_id":"1d56fb23-62f4-462e-8c02-764c910075ab","actor_username":"48666978350","actor_via_sso":false,"log_type":"user"}', '2024-12-25 12:30:10.918559+00', ''),
	('00000000-0000-0000-0000-000000000000', '19fa29ce-e046-4dfc-9952-153c39d7ffe7', '{"action":"token_refreshed","actor_id":"1d56fb23-62f4-462e-8c02-764c910075ab","actor_username":"48666978350","actor_via_sso":false,"log_type":"token"}', '2024-12-25 12:30:11.081662+00', ''),
	('00000000-0000-0000-0000-000000000000', 'a051d5d0-ec7d-499d-b676-211557856d38', '{"action":"token_revoked","actor_id":"1d56fb23-62f4-462e-8c02-764c910075ab","actor_username":"48666978350","actor_via_sso":false,"log_type":"token"}', '2024-12-25 12:30:11.082121+00', ''),
	('00000000-0000-0000-0000-000000000000', 'f68a825b-a744-4bd2-9049-809e36b8bfa4', '{"action":"user_modified","actor_id":"1d56fb23-62f4-462e-8c02-764c910075ab","actor_username":"48666978350","actor_via_sso":false,"log_type":"user"}', '2024-12-25 12:30:35.868845+00', ''),
	('00000000-0000-0000-0000-000000000000', '449437dc-98ea-464e-a33c-5221f9fb77ca', '{"action":"token_refreshed","actor_id":"1d56fb23-62f4-462e-8c02-764c910075ab","actor_username":"48666978350","actor_via_sso":false,"log_type":"token"}', '2024-12-25 12:30:36.188994+00', ''),
	('00000000-0000-0000-0000-000000000000', '5e8f775e-08d0-4b47-90e3-5ddfa8577927', '{"action":"token_revoked","actor_id":"1d56fb23-62f4-462e-8c02-764c910075ab","actor_username":"48666978350","actor_via_sso":false,"log_type":"token"}', '2024-12-25 12:30:36.189489+00', ''),
	('00000000-0000-0000-0000-000000000000', 'b7e53969-033c-433d-8061-e24325b66f4b', '{"action":"user_modified","actor_id":"1d56fb23-62f4-462e-8c02-764c910075ab","actor_username":"48666978350","actor_via_sso":false,"log_type":"user"}', '2024-12-25 12:31:16.245069+00', ''),
	('00000000-0000-0000-0000-000000000000', 'dd212861-c481-48aa-b1a8-016d0325a079', '{"action":"token_refreshed","actor_id":"1d56fb23-62f4-462e-8c02-764c910075ab","actor_username":"48666978350","actor_via_sso":false,"log_type":"token"}', '2024-12-25 12:31:16.416386+00', ''),
	('00000000-0000-0000-0000-000000000000', '0642d4f7-946c-4a3c-a74b-2b0618398a2b', '{"action":"token_revoked","actor_id":"1d56fb23-62f4-462e-8c02-764c910075ab","actor_username":"48666978350","actor_via_sso":false,"log_type":"token"}', '2024-12-25 12:31:16.4172+00', ''),
	('00000000-0000-0000-0000-000000000000', '79f523ac-cb04-4baa-ba90-e48f81a15dd1', '{"action":"user_modified","actor_id":"1d56fb23-62f4-462e-8c02-764c910075ab","actor_username":"48666978350","actor_via_sso":false,"log_type":"user"}', '2024-12-25 12:31:47.558985+00', ''),
	('00000000-0000-0000-0000-000000000000', 'd0561523-cddb-4e2c-865c-e0be958b3e30', '{"action":"token_refreshed","actor_id":"1d56fb23-62f4-462e-8c02-764c910075ab","actor_username":"48666978350","actor_via_sso":false,"log_type":"token"}', '2024-12-25 12:31:47.729865+00', ''),
	('00000000-0000-0000-0000-000000000000', '56927f2b-1938-4672-a9d3-c17cf36d958c', '{"action":"token_revoked","actor_id":"1d56fb23-62f4-462e-8c02-764c910075ab","actor_username":"48666978350","actor_via_sso":false,"log_type":"token"}', '2024-12-25 12:31:47.730719+00', ''),
	('00000000-0000-0000-0000-000000000000', 'ebf627fb-3847-4500-af35-0443a032292a', '{"action":"user_modified","actor_id":"1d56fb23-62f4-462e-8c02-764c910075ab","actor_username":"48666978350","actor_via_sso":false,"log_type":"user"}', '2024-12-25 12:34:36.9697+00', ''),
	('00000000-0000-0000-0000-000000000000', 'c88eee14-3fc3-49fc-a50f-53b82b67f2d8', '{"action":"token_refreshed","actor_id":"1d56fb23-62f4-462e-8c02-764c910075ab","actor_username":"48666978350","actor_via_sso":false,"log_type":"token"}', '2024-12-25 12:34:37.225223+00', ''),
	('00000000-0000-0000-0000-000000000000', '96bc5325-cddd-467f-9328-d4945edf9435', '{"action":"token_revoked","actor_id":"1d56fb23-62f4-462e-8c02-764c910075ab","actor_username":"48666978350","actor_via_sso":false,"log_type":"token"}', '2024-12-25 12:34:37.225641+00', ''),
	('00000000-0000-0000-0000-000000000000', '03e2c9f9-16db-4c88-83cb-324dbd2f5029', '{"action":"user_modified","actor_id":"1d56fb23-62f4-462e-8c02-764c910075ab","actor_username":"48666978350","actor_via_sso":false,"log_type":"user"}', '2024-12-25 12:38:16.275517+00', ''),
	('00000000-0000-0000-0000-000000000000', 'fd8e46ca-5d74-48b1-85d1-dbbe5de13cb4', '{"action":"token_refreshed","actor_id":"1d56fb23-62f4-462e-8c02-764c910075ab","actor_username":"48666978350","actor_via_sso":false,"log_type":"token"}', '2024-12-25 12:38:16.459657+00', ''),
	('00000000-0000-0000-0000-000000000000', 'f6ee5d35-072a-42bf-8ded-3fc59f0e2fcc', '{"action":"token_revoked","actor_id":"1d56fb23-62f4-462e-8c02-764c910075ab","actor_username":"48666978350","actor_via_sso":false,"log_type":"token"}', '2024-12-25 12:38:16.460237+00', ''),
	('00000000-0000-0000-0000-000000000000', 'eb133698-9026-44a4-b0b6-85c61334fd61', '{"action":"user_modified","actor_id":"1d56fb23-62f4-462e-8c02-764c910075ab","actor_username":"48666978350","actor_via_sso":false,"log_type":"user"}', '2024-12-25 12:39:07.473635+00', ''),
	('00000000-0000-0000-0000-000000000000', '6c0cfb5f-8a01-4018-b795-467fa9951cc1', '{"action":"token_refreshed","actor_id":"1d56fb23-62f4-462e-8c02-764c910075ab","actor_username":"48666978350","actor_via_sso":false,"log_type":"token"}', '2024-12-25 12:39:07.665723+00', ''),
	('00000000-0000-0000-0000-000000000000', 'd7f40e80-9109-460e-ba3c-3bbad3e6b801', '{"action":"token_revoked","actor_id":"1d56fb23-62f4-462e-8c02-764c910075ab","actor_username":"48666978350","actor_via_sso":false,"log_type":"token"}', '2024-12-25 12:39:07.666414+00', ''),
	('00000000-0000-0000-0000-000000000000', 'a6441cfc-aadb-4ec8-8c3c-983468634a3e', '{"action":"user_modified","actor_id":"1d56fb23-62f4-462e-8c02-764c910075ab","actor_username":"48666978350","actor_via_sso":false,"log_type":"user"}', '2024-12-25 12:39:21.538037+00', ''),
	('00000000-0000-0000-0000-000000000000', 'd2eeddaf-99fd-4632-98e3-288277314859', '{"action":"token_refreshed","actor_id":"1d56fb23-62f4-462e-8c02-764c910075ab","actor_username":"48666978350","actor_via_sso":false,"log_type":"token"}', '2024-12-25 12:39:21.709435+00', ''),
	('00000000-0000-0000-0000-000000000000', 'b84784b6-523e-4066-b22e-c21d0f69ca84', '{"action":"token_revoked","actor_id":"1d56fb23-62f4-462e-8c02-764c910075ab","actor_username":"48666978350","actor_via_sso":false,"log_type":"token"}', '2024-12-25 12:39:21.709918+00', ''),
	('00000000-0000-0000-0000-000000000000', 'ccee6f94-3c07-451d-b3e2-10c2a290e731', '{"action":"user_modified","actor_id":"1d56fb23-62f4-462e-8c02-764c910075ab","actor_username":"48666978350","actor_via_sso":false,"log_type":"user"}', '2024-12-25 12:40:54.953482+00', ''),
	('00000000-0000-0000-0000-000000000000', '7eda9a10-9114-41c9-b9d1-37d02abf1cc6', '{"action":"token_refreshed","actor_id":"1d56fb23-62f4-462e-8c02-764c910075ab","actor_username":"48666978350","actor_via_sso":false,"log_type":"token"}', '2024-12-25 12:40:55.125842+00', ''),
	('00000000-0000-0000-0000-000000000000', '9f5f6bbb-9774-4cab-889e-ed8d667609a5', '{"action":"token_revoked","actor_id":"1d56fb23-62f4-462e-8c02-764c910075ab","actor_username":"48666978350","actor_via_sso":false,"log_type":"token"}', '2024-12-25 12:40:55.126301+00', ''),
	('00000000-0000-0000-0000-000000000000', 'f65c9abc-59b4-451d-bf52-647bc844d000', '{"action":"user_modified","actor_id":"1d56fb23-62f4-462e-8c02-764c910075ab","actor_username":"48666978350","actor_via_sso":false,"log_type":"user"}', '2024-12-25 12:41:34.076875+00', ''),
	('00000000-0000-0000-0000-000000000000', 'bfb4dac3-37e3-46a0-9947-aa30cea010d9', '{"action":"token_refreshed","actor_id":"1d56fb23-62f4-462e-8c02-764c910075ab","actor_username":"48666978350","actor_via_sso":false,"log_type":"token"}', '2024-12-25 12:41:34.239708+00', ''),
	('00000000-0000-0000-0000-000000000000', '952f3c42-52fc-4cf4-831c-50c52bad0cab', '{"action":"token_revoked","actor_id":"1d56fb23-62f4-462e-8c02-764c910075ab","actor_username":"48666978350","actor_via_sso":false,"log_type":"token"}', '2024-12-25 12:41:34.24015+00', ''),
	('00000000-0000-0000-0000-000000000000', 'a5dbc38f-5fa3-493f-9358-aeed5ec5cdae', '{"action":"user_modified","actor_id":"1d56fb23-62f4-462e-8c02-764c910075ab","actor_username":"48666978350","actor_via_sso":false,"log_type":"user"}', '2024-12-25 12:41:58.087191+00', ''),
	('00000000-0000-0000-0000-000000000000', '54a1844b-6514-45a3-8b00-aed82a73e710', '{"action":"token_refreshed","actor_id":"1d56fb23-62f4-462e-8c02-764c910075ab","actor_username":"48666978350","actor_via_sso":false,"log_type":"token"}', '2024-12-25 12:41:58.244363+00', ''),
	('00000000-0000-0000-0000-000000000000', '0bd03395-332d-4cd0-9f7c-244cd2463102', '{"action":"token_revoked","actor_id":"1d56fb23-62f4-462e-8c02-764c910075ab","actor_username":"48666978350","actor_via_sso":false,"log_type":"token"}', '2024-12-25 12:41:58.245241+00', ''),
	('00000000-0000-0000-0000-000000000000', 'e3fd4632-86bc-4627-ad4f-b44cd1d85860', '{"action":"user_modified","actor_id":"1d56fb23-62f4-462e-8c02-764c910075ab","actor_username":"48666978350","actor_via_sso":false,"log_type":"user"}', '2024-12-25 12:44:28.17824+00', ''),
	('00000000-0000-0000-0000-000000000000', '071b4a3a-f304-432c-a762-68dc094d163d', '{"action":"token_refreshed","actor_id":"1d56fb23-62f4-462e-8c02-764c910075ab","actor_username":"48666978350","actor_via_sso":false,"log_type":"token"}', '2024-12-25 12:44:28.41153+00', ''),
	('00000000-0000-0000-0000-000000000000', '15ab0b72-9942-498f-8297-365ec791d863', '{"action":"token_revoked","actor_id":"1d56fb23-62f4-462e-8c02-764c910075ab","actor_username":"48666978350","actor_via_sso":false,"log_type":"token"}', '2024-12-25 12:44:28.412213+00', ''),
	('00000000-0000-0000-0000-000000000000', 'c95f338a-a275-4513-b2ff-259c12d1771d', '{"action":"user_modified","actor_id":"1d56fb23-62f4-462e-8c02-764c910075ab","actor_username":"48666978350","actor_via_sso":false,"log_type":"user"}', '2024-12-25 12:45:55.993905+00', ''),
	('00000000-0000-0000-0000-000000000000', 'c8505212-c74b-492b-a2b8-6c8989747961', '{"action":"token_refreshed","actor_id":"1d56fb23-62f4-462e-8c02-764c910075ab","actor_username":"48666978350","actor_via_sso":false,"log_type":"token"}', '2024-12-25 12:45:56.164316+00', ''),
	('00000000-0000-0000-0000-000000000000', '57795188-32f0-4272-8b6e-f0ad11a4fd43', '{"action":"token_revoked","actor_id":"1d56fb23-62f4-462e-8c02-764c910075ab","actor_username":"48666978350","actor_via_sso":false,"log_type":"token"}', '2024-12-25 12:45:56.164837+00', ''),
	('00000000-0000-0000-0000-000000000000', 'e53dd8b5-b21c-4631-8fa5-20d23a42dbd3', '{"action":"user_modified","actor_id":"1d56fb23-62f4-462e-8c02-764c910075ab","actor_username":"48666978350","actor_via_sso":false,"log_type":"user"}', '2024-12-25 12:46:28.559241+00', ''),
	('00000000-0000-0000-0000-000000000000', '5949e4d2-96db-4103-ab0d-913540bc0a1c', '{"action":"token_refreshed","actor_id":"1d56fb23-62f4-462e-8c02-764c910075ab","actor_username":"48666978350","actor_via_sso":false,"log_type":"token"}', '2024-12-25 12:46:28.733331+00', ''),
	('00000000-0000-0000-0000-000000000000', '117af774-a7ac-4ff2-be93-0843a316350d', '{"action":"token_revoked","actor_id":"1d56fb23-62f4-462e-8c02-764c910075ab","actor_username":"48666978350","actor_via_sso":false,"log_type":"token"}', '2024-12-25 12:46:28.733756+00', ''),
	('00000000-0000-0000-0000-000000000000', '5932f8f0-9aa2-4c54-90c6-e7f7ac5457f0', '{"action":"user_modified","actor_id":"1d56fb23-62f4-462e-8c02-764c910075ab","actor_username":"48666978350","actor_via_sso":false,"log_type":"user"}', '2024-12-25 12:46:42.391602+00', ''),
	('00000000-0000-0000-0000-000000000000', '3f6733fe-c69d-43c6-993e-ad81e0c8137a', '{"action":"token_refreshed","actor_id":"1d56fb23-62f4-462e-8c02-764c910075ab","actor_username":"48666978350","actor_via_sso":false,"log_type":"token"}', '2024-12-25 12:46:42.564571+00', ''),
	('00000000-0000-0000-0000-000000000000', '3f7df2c9-e5e0-43e6-b478-03be4f6fd7fd', '{"action":"token_revoked","actor_id":"1d56fb23-62f4-462e-8c02-764c910075ab","actor_username":"48666978350","actor_via_sso":false,"log_type":"token"}', '2024-12-25 12:46:42.565055+00', ''),
	('00000000-0000-0000-0000-000000000000', 'a76465ad-4fc6-4c3c-87db-08a12cd25404', '{"action":"user_modified","actor_id":"1d56fb23-62f4-462e-8c02-764c910075ab","actor_username":"48666978350","actor_via_sso":false,"log_type":"user"}', '2024-12-25 12:47:06.910401+00', ''),
	('00000000-0000-0000-0000-000000000000', '631d6467-cb3c-465c-8b0b-e17543e0c6f7', '{"action":"token_refreshed","actor_id":"1d56fb23-62f4-462e-8c02-764c910075ab","actor_username":"48666978350","actor_via_sso":false,"log_type":"token"}', '2024-12-25 12:47:07.070117+00', ''),
	('00000000-0000-0000-0000-000000000000', '92c94d42-1d38-4604-b10f-5811f005ed8e', '{"action":"token_revoked","actor_id":"1d56fb23-62f4-462e-8c02-764c910075ab","actor_username":"48666978350","actor_via_sso":false,"log_type":"token"}', '2024-12-25 12:47:07.070649+00', ''),
	('00000000-0000-0000-0000-000000000000', 'acae3243-05b4-4e34-91c0-a54e7db22fed', '{"action":"user_modified","actor_id":"1d56fb23-62f4-462e-8c02-764c910075ab","actor_username":"48666978350","actor_via_sso":false,"log_type":"user"}', '2024-12-25 12:47:27.813998+00', ''),
	('00000000-0000-0000-0000-000000000000', 'ee7fae92-edbc-4891-90c8-6d44416067fc', '{"action":"token_refreshed","actor_id":"1d56fb23-62f4-462e-8c02-764c910075ab","actor_username":"48666978350","actor_via_sso":false,"log_type":"token"}', '2024-12-25 12:47:27.981117+00', ''),
	('00000000-0000-0000-0000-000000000000', 'b6370e18-f390-4b64-9457-015630f9a868', '{"action":"token_revoked","actor_id":"1d56fb23-62f4-462e-8c02-764c910075ab","actor_username":"48666978350","actor_via_sso":false,"log_type":"token"}', '2024-12-25 12:47:27.981871+00', ''),
	('00000000-0000-0000-0000-000000000000', '667520e2-cd3a-4f9d-8641-664dd3060303', '{"action":"user_modified","actor_id":"1d56fb23-62f4-462e-8c02-764c910075ab","actor_username":"48666978350","actor_via_sso":false,"log_type":"user"}', '2024-12-25 12:48:35.17592+00', ''),
	('00000000-0000-0000-0000-000000000000', 'fdffda53-2bb4-48c0-b177-c357e89a2d99', '{"action":"token_refreshed","actor_id":"1d56fb23-62f4-462e-8c02-764c910075ab","actor_username":"48666978350","actor_via_sso":false,"log_type":"token"}', '2024-12-25 12:48:35.391493+00', ''),
	('00000000-0000-0000-0000-000000000000', '48fa85c0-b1ec-4830-934f-36c1470059c7', '{"action":"token_revoked","actor_id":"1d56fb23-62f4-462e-8c02-764c910075ab","actor_username":"48666978350","actor_via_sso":false,"log_type":"token"}', '2024-12-25 12:48:35.392055+00', ''),
	('00000000-0000-0000-0000-000000000000', 'f8ab4d2c-12c9-4974-93a4-830e65681c1c', '{"action":"user_modified","actor_id":"1d56fb23-62f4-462e-8c02-764c910075ab","actor_username":"48666978350","actor_via_sso":false,"log_type":"user"}', '2024-12-25 12:49:21.812427+00', ''),
	('00000000-0000-0000-0000-000000000000', '7a298598-248c-422f-b69a-e96290288222', '{"action":"token_refreshed","actor_id":"1d56fb23-62f4-462e-8c02-764c910075ab","actor_username":"48666978350","actor_via_sso":false,"log_type":"token"}', '2024-12-25 12:49:21.98946+00', ''),
	('00000000-0000-0000-0000-000000000000', 'ab641ec6-1203-4701-a227-ffa3fe2ce247', '{"action":"token_revoked","actor_id":"1d56fb23-62f4-462e-8c02-764c910075ab","actor_username":"48666978350","actor_via_sso":false,"log_type":"token"}', '2024-12-25 12:49:21.989975+00', ''),
	('00000000-0000-0000-0000-000000000000', '35daeb0b-134e-49db-96fb-722a610de3ea', '{"action":"user_modified","actor_id":"1d56fb23-62f4-462e-8c02-764c910075ab","actor_username":"48666978350","actor_via_sso":false,"log_type":"user"}', '2024-12-25 12:53:30.851512+00', ''),
	('00000000-0000-0000-0000-000000000000', 'a048e5dd-3a3c-4721-8ef9-02789acf0f8c', '{"action":"token_refreshed","actor_id":"1d56fb23-62f4-462e-8c02-764c910075ab","actor_username":"48666978350","actor_via_sso":false,"log_type":"token"}', '2024-12-25 12:53:31.002755+00', ''),
	('00000000-0000-0000-0000-000000000000', '6f919331-789e-4afe-b7b3-11014aaabc91', '{"action":"token_revoked","actor_id":"1d56fb23-62f4-462e-8c02-764c910075ab","actor_username":"48666978350","actor_via_sso":false,"log_type":"token"}', '2024-12-25 12:53:31.003566+00', ''),
	('00000000-0000-0000-0000-000000000000', '82624820-af17-4453-9a66-d8c28774f2ad', '{"action":"token_refreshed","actor_id":"1d56fb23-62f4-462e-8c02-764c910075ab","actor_username":"48666978350","actor_via_sso":false,"log_type":"token"}', '2024-12-25 17:53:50.930047+00', ''),
	('00000000-0000-0000-0000-000000000000', '45d32182-4c82-461c-91ea-20644d56263c', '{"action":"token_revoked","actor_id":"1d56fb23-62f4-462e-8c02-764c910075ab","actor_username":"48666978350","actor_via_sso":false,"log_type":"token"}', '2024-12-25 17:53:50.931003+00', ''),
	('00000000-0000-0000-0000-000000000000', '921c2832-87fd-4ede-b577-f65edc63cb33', '{"action":"user_modified","actor_id":"1d56fb23-62f4-462e-8c02-764c910075ab","actor_username":"48666978350","actor_via_sso":false,"log_type":"user"}', '2024-12-25 18:01:27.437114+00', ''),
	('00000000-0000-0000-0000-000000000000', '773d551b-2c26-4a5d-953e-70627c8ec32c', '{"action":"token_refreshed","actor_id":"1d56fb23-62f4-462e-8c02-764c910075ab","actor_username":"48666978350","actor_via_sso":false,"log_type":"token"}', '2024-12-25 18:01:27.584915+00', ''),
	('00000000-0000-0000-0000-000000000000', '20eba722-bbb3-471e-8418-62cbc8a21cb7', '{"action":"token_revoked","actor_id":"1d56fb23-62f4-462e-8c02-764c910075ab","actor_username":"48666978350","actor_via_sso":false,"log_type":"token"}', '2024-12-25 18:01:27.585371+00', ''),
	('00000000-0000-0000-0000-000000000000', '4c4234c0-c482-4de5-a3ba-e0244829a76d', '{"action":"user_modified","actor_id":"1d56fb23-62f4-462e-8c02-764c910075ab","actor_username":"48666978350","actor_via_sso":false,"log_type":"user"}', '2024-12-25 18:02:07.789701+00', ''),
	('00000000-0000-0000-0000-000000000000', 'e457ec0a-f371-4f72-8473-bd744b124c28', '{"action":"token_refreshed","actor_id":"1d56fb23-62f4-462e-8c02-764c910075ab","actor_username":"48666978350","actor_via_sso":false,"log_type":"token"}', '2024-12-25 18:02:07.982614+00', ''),
	('00000000-0000-0000-0000-000000000000', 'b417c977-76b2-4e6c-8b96-1ea6ac3b791c', '{"action":"token_revoked","actor_id":"1d56fb23-62f4-462e-8c02-764c910075ab","actor_username":"48666978350","actor_via_sso":false,"log_type":"token"}', '2024-12-25 18:02:07.983345+00', ''),
	('00000000-0000-0000-0000-000000000000', '1dbc48bd-4a5e-432a-bfe2-afabbcecf0a1', '{"action":"user_modified","actor_id":"1d56fb23-62f4-462e-8c02-764c910075ab","actor_username":"48666978350","actor_via_sso":false,"log_type":"user"}', '2024-12-25 18:02:52.618982+00', ''),
	('00000000-0000-0000-0000-000000000000', 'bc098225-87c4-4ca4-a0b6-9ba1607eb09f', '{"action":"token_refreshed","actor_id":"1d56fb23-62f4-462e-8c02-764c910075ab","actor_username":"48666978350","actor_via_sso":false,"log_type":"token"}', '2024-12-25 18:02:52.77773+00', ''),
	('00000000-0000-0000-0000-000000000000', '9d0c4198-7187-4083-8825-f16ab7e26a72', '{"action":"token_revoked","actor_id":"1d56fb23-62f4-462e-8c02-764c910075ab","actor_username":"48666978350","actor_via_sso":false,"log_type":"token"}', '2024-12-25 18:02:52.778329+00', ''),
	('00000000-0000-0000-0000-000000000000', '78217ad9-29c6-4c63-adc6-0016d2dbf339', '{"action":"user_modified","actor_id":"1d56fb23-62f4-462e-8c02-764c910075ab","actor_username":"48666978350","actor_via_sso":false,"log_type":"user"}', '2024-12-25 18:05:28.155252+00', ''),
	('00000000-0000-0000-0000-000000000000', '5a514113-e47c-4b59-9b38-3783d90d1904', '{"action":"token_refreshed","actor_id":"1d56fb23-62f4-462e-8c02-764c910075ab","actor_username":"48666978350","actor_via_sso":false,"log_type":"token"}', '2024-12-25 18:05:28.296605+00', ''),
	('00000000-0000-0000-0000-000000000000', 'f2b7c489-dcd6-4265-8003-58c14c3cd94e', '{"action":"token_revoked","actor_id":"1d56fb23-62f4-462e-8c02-764c910075ab","actor_username":"48666978350","actor_via_sso":false,"log_type":"token"}', '2024-12-25 18:05:28.297127+00', ''),
	('00000000-0000-0000-0000-000000000000', '82ac2e00-72cd-4b90-bc0f-937fc5d2310e', '{"action":"user_modified","actor_id":"1d56fb23-62f4-462e-8c02-764c910075ab","actor_username":"48666978350","actor_via_sso":false,"log_type":"user"}', '2024-12-25 18:06:44.78897+00', ''),
	('00000000-0000-0000-0000-000000000000', 'd6948604-ecac-45e7-94b6-3b0f9361ebfb', '{"action":"token_refreshed","actor_id":"1d56fb23-62f4-462e-8c02-764c910075ab","actor_username":"48666978350","actor_via_sso":false,"log_type":"token"}', '2024-12-25 18:06:44.982152+00', ''),
	('00000000-0000-0000-0000-000000000000', '2e9a54c7-9c53-48d0-992d-616745e8cc37', '{"action":"token_revoked","actor_id":"1d56fb23-62f4-462e-8c02-764c910075ab","actor_username":"48666978350","actor_via_sso":false,"log_type":"token"}', '2024-12-25 18:06:44.982661+00', ''),
	('00000000-0000-0000-0000-000000000000', '4edf6e00-dbd1-4ae4-b16d-f229decb8328', '{"action":"user_modified","actor_id":"1d56fb23-62f4-462e-8c02-764c910075ab","actor_username":"48666978350","actor_via_sso":false,"log_type":"user"}', '2024-12-25 18:07:11.421438+00', ''),
	('00000000-0000-0000-0000-000000000000', 'ab646854-1e66-49a9-9ede-c979d484cba8', '{"action":"token_refreshed","actor_id":"1d56fb23-62f4-462e-8c02-764c910075ab","actor_username":"48666978350","actor_via_sso":false,"log_type":"token"}', '2024-12-25 18:07:11.583902+00', ''),
	('00000000-0000-0000-0000-000000000000', 'e96d5bcb-ad97-4c5b-a1cf-6251110c337a', '{"action":"token_revoked","actor_id":"1d56fb23-62f4-462e-8c02-764c910075ab","actor_username":"48666978350","actor_via_sso":false,"log_type":"token"}', '2024-12-25 18:07:11.584456+00', ''),
	('00000000-0000-0000-0000-000000000000', 'd365bf7f-18bc-46c6-8b7d-426cdc13f0aa', '{"action":"user_modified","actor_id":"1d56fb23-62f4-462e-8c02-764c910075ab","actor_username":"48666978350","actor_via_sso":false,"log_type":"user"}', '2024-12-25 18:07:37.707008+00', ''),
	('00000000-0000-0000-0000-000000000000', '1b02ccde-b343-4dfc-ad9f-f0209656a69b', '{"action":"token_refreshed","actor_id":"1d56fb23-62f4-462e-8c02-764c910075ab","actor_username":"48666978350","actor_via_sso":false,"log_type":"token"}', '2024-12-25 18:07:37.874083+00', ''),
	('00000000-0000-0000-0000-000000000000', '233adbaf-269a-479a-a96a-aa75d5988477', '{"action":"token_revoked","actor_id":"1d56fb23-62f4-462e-8c02-764c910075ab","actor_username":"48666978350","actor_via_sso":false,"log_type":"token"}', '2024-12-25 18:07:37.874682+00', ''),
	('00000000-0000-0000-0000-000000000000', '519d61ab-bc42-4994-96ff-b10c195b4b9a', '{"action":"user_modified","actor_id":"1d56fb23-62f4-462e-8c02-764c910075ab","actor_username":"48666978350","actor_via_sso":false,"log_type":"user"}', '2024-12-25 18:40:42.342314+00', ''),
	('00000000-0000-0000-0000-000000000000', 'df6a3c3e-2912-45a4-a46d-3ee508779871', '{"action":"token_refreshed","actor_id":"1d56fb23-62f4-462e-8c02-764c910075ab","actor_username":"48666978350","actor_via_sso":false,"log_type":"token"}', '2024-12-25 18:40:42.495065+00', ''),
	('00000000-0000-0000-0000-000000000000', 'f3fdfe27-8505-4a81-af4d-21d15c8c8210', '{"action":"token_revoked","actor_id":"1d56fb23-62f4-462e-8c02-764c910075ab","actor_username":"48666978350","actor_via_sso":false,"log_type":"token"}', '2024-12-25 18:40:42.49552+00', ''),
	('00000000-0000-0000-0000-000000000000', 'f1d005e8-3d1b-46a0-8360-93a8f5aa9647', '{"action":"user_modified","actor_id":"1d56fb23-62f4-462e-8c02-764c910075ab","actor_username":"48666978350","actor_via_sso":false,"log_type":"user"}', '2024-12-25 18:41:13.186595+00', ''),
	('00000000-0000-0000-0000-000000000000', '70e92df9-c93e-45f0-acd8-4aa155b1763e', '{"action":"token_refreshed","actor_id":"1d56fb23-62f4-462e-8c02-764c910075ab","actor_username":"48666978350","actor_via_sso":false,"log_type":"token"}', '2024-12-25 18:41:22.949805+00', ''),
	('00000000-0000-0000-0000-000000000000', '38690914-4b59-4d7a-bcbd-787453e63110', '{"action":"token_revoked","actor_id":"1d56fb23-62f4-462e-8c02-764c910075ab","actor_username":"48666978350","actor_via_sso":false,"log_type":"token"}', '2024-12-25 18:41:22.950542+00', ''),
	('00000000-0000-0000-0000-000000000000', '6a1da10a-f5b8-4a51-a8ee-b3137a2790f4', '{"action":"user_modified","actor_id":"1d56fb23-62f4-462e-8c02-764c910075ab","actor_username":"48666978350","actor_via_sso":false,"log_type":"user"}', '2024-12-25 18:41:55.250261+00', ''),
	('00000000-0000-0000-0000-000000000000', '1ba308dd-c69e-44ac-a94c-59528af156ed', '{"action":"token_refreshed","actor_id":"1d56fb23-62f4-462e-8c02-764c910075ab","actor_username":"48666978350","actor_via_sso":false,"log_type":"token"}', '2024-12-25 18:41:55.406585+00', ''),
	('00000000-0000-0000-0000-000000000000', '0301a0b5-3e27-41a7-a78c-c86c5869c570', '{"action":"token_revoked","actor_id":"1d56fb23-62f4-462e-8c02-764c910075ab","actor_username":"48666978350","actor_via_sso":false,"log_type":"token"}', '2024-12-25 18:41:55.407027+00', ''),
	('00000000-0000-0000-0000-000000000000', '964d017e-0030-44d0-98e6-172c4cb7bb62', '{"action":"logout","actor_id":"1d56fb23-62f4-462e-8c02-764c910075ab","actor_username":"48666978350","actor_via_sso":false,"log_type":"account"}', '2024-12-25 18:42:12.721161+00', ''),
	('00000000-0000-0000-0000-000000000000', '0cb1d534-6149-425c-aa13-dd3259ab2ddb', '{"action":"user_recovery_requested","actor_id":"1d56fb23-62f4-462e-8c02-764c910075ab","actor_username":"48666978350","actor_via_sso":false,"log_type":"user","traits":{"channel":"sms"}}', '2024-12-25 19:28:21.296348+00', ''),
	('00000000-0000-0000-0000-000000000000', 'a5419e1a-3427-4a5d-8a60-670f033f5993', '{"action":"user_signedup","actor_id":"1d56fb23-62f4-462e-8c02-764c910075ab","actor_username":"48666978350","actor_via_sso":false,"log_type":"team"}', '2024-12-25 19:28:25.327847+00', ''),
	('00000000-0000-0000-0000-000000000000', 'b1ff71b7-13c0-4d83-8983-9e2a0b2909fa', '{"action":"user_modified","actor_id":"1d56fb23-62f4-462e-8c02-764c910075ab","actor_username":"48666978350","actor_via_sso":false,"log_type":"user"}', '2024-12-25 19:28:25.564174+00', ''),
	('00000000-0000-0000-0000-000000000000', 'e171d190-255c-4d00-8517-407c3b5909f7', '{"action":"token_refreshed","actor_id":"1d56fb23-62f4-462e-8c02-764c910075ab","actor_username":"48666978350","actor_via_sso":false,"log_type":"token"}', '2024-12-25 19:28:25.769653+00', ''),
	('00000000-0000-0000-0000-000000000000', 'd0e66101-365b-4cb8-9ed1-502601f18c1c', '{"action":"token_revoked","actor_id":"1d56fb23-62f4-462e-8c02-764c910075ab","actor_username":"48666978350","actor_via_sso":false,"log_type":"token"}', '2024-12-25 19:28:25.770062+00', ''),
	('00000000-0000-0000-0000-000000000000', '94f1027a-6d13-46ff-bac7-8e12f584802b', '{"action":"user_signedup","actor_id":"00000000-0000-0000-0000-000000000000","actor_username":"service_role","actor_via_sso":false,"log_type":"team","traits":{"user_email":"dawid.wojcik@beeloyal.app","user_id":"d51170b3-31b3-4cb1-827e-8863bd3b5666","user_phone":""}}', '2024-12-26 08:52:03.415323+00', ''),
	('00000000-0000-0000-0000-000000000000', '4993823d-797c-49c8-a399-e9e020feb100', '{"action":"token_revoked","actor_id":"1d56fb23-62f4-462e-8c02-764c910075ab","actor_username":"48666978350","actor_via_sso":false,"log_type":"token"}', '2024-12-26 10:21:35.323499+00', ''),
	('00000000-0000-0000-0000-000000000000', '1b55c4bb-85d7-4266-ba25-799a0b28ac2a', '{"action":"token_refreshed","actor_id":"1d56fb23-62f4-462e-8c02-764c910075ab","actor_username":"48666978350","actor_via_sso":false,"log_type":"token"}', '2024-12-26 11:20:56.04541+00', ''),
	('00000000-0000-0000-0000-000000000000', 'd14db111-4cc1-4343-bbb3-bb103cbebe07', '{"action":"token_revoked","actor_id":"1d56fb23-62f4-462e-8c02-764c910075ab","actor_username":"48666978350","actor_via_sso":false,"log_type":"token"}', '2024-12-26 11:20:56.046259+00', ''),
	('00000000-0000-0000-0000-000000000000', '657de273-f57f-43ee-a4ce-fc1fcd18c9b1', '{"action":"token_refreshed","actor_id":"1d56fb23-62f4-462e-8c02-764c910075ab","actor_username":"48666978350","actor_via_sso":false,"log_type":"token"}', '2024-12-26 14:13:13.196534+00', ''),
	('00000000-0000-0000-0000-000000000000', '02f3be47-80ca-4e52-bf6f-a99bfbbb3eb9', '{"action":"token_revoked","actor_id":"1d56fb23-62f4-462e-8c02-764c910075ab","actor_username":"48666978350","actor_via_sso":false,"log_type":"token"}', '2024-12-26 14:13:13.196997+00', ''),
	('00000000-0000-0000-0000-000000000000', '75b2e60f-9081-4f6b-a100-0a0564ca3383', '{"action":"token_revoked","actor_id":"1d56fb23-62f4-462e-8c02-764c910075ab","actor_username":"48666978350","actor_via_sso":false,"log_type":"token"}', '2024-12-26 16:05:04.368786+00', ''),
	('00000000-0000-0000-0000-000000000000', '6ce7887e-70c2-4150-ac90-4473f0589dc1', '{"action":"token_refreshed","actor_id":"dc91436a-cdf2-4bd2-8208-8b3443972808","actor_username":"lukasjanek99@gmail.com","actor_via_sso":false,"log_type":"token"}', '2024-12-26 14:38:15.72454+00', ''),
	('00000000-0000-0000-0000-000000000000', '59feb0ef-cbb8-40e8-98a7-779d2d4a5f11', '{"action":"token_revoked","actor_id":"dc91436a-cdf2-4bd2-8208-8b3443972808","actor_username":"lukasjanek99@gmail.com","actor_via_sso":false,"log_type":"token"}', '2024-12-26 14:38:15.725529+00', ''),
	('00000000-0000-0000-0000-000000000000', '61f9677a-277e-40b0-a2dc-aa44762c5f0f', '{"action":"logout","actor_id":"1d56fb23-62f4-462e-8c02-764c910075ab","actor_username":"48666978350","actor_via_sso":false,"log_type":"account"}', '2024-12-26 14:39:15.089759+00', ''),
	('00000000-0000-0000-0000-000000000000', '6ff08286-ff08-4614-8941-906080df2678', '{"action":"user_recovery_requested","actor_id":"1d56fb23-62f4-462e-8c02-764c910075ab","actor_username":"48666978350","actor_via_sso":false,"log_type":"user","traits":{"channel":"sms"}}', '2024-12-26 14:39:20.097712+00', ''),
	('00000000-0000-0000-0000-000000000000', '510740d8-b84b-45b4-968c-6a52ac86fc9f', '{"action":"user_signedup","actor_id":"1d56fb23-62f4-462e-8c02-764c910075ab","actor_username":"48666978350","actor_via_sso":false,"log_type":"team"}', '2024-12-26 14:39:22.154701+00', ''),
	('00000000-0000-0000-0000-000000000000', '343b855d-454b-4acc-ad58-8ec27fd9ae02', '{"action":"user_modified","actor_id":"1d56fb23-62f4-462e-8c02-764c910075ab","actor_username":"48666978350","actor_via_sso":false,"log_type":"user"}', '2024-12-26 14:39:22.310164+00', ''),
	('00000000-0000-0000-0000-000000000000', 'a0cafb2c-6cf6-42cf-ae70-bb5ccc4ec8c9', '{"action":"token_refreshed","actor_id":"1d56fb23-62f4-462e-8c02-764c910075ab","actor_username":"48666978350","actor_via_sso":false,"log_type":"token"}', '2024-12-26 14:39:22.490807+00', ''),
	('00000000-0000-0000-0000-000000000000', '300bfc12-e49f-40d5-a736-f6d5b5ad1759', '{"action":"token_revoked","actor_id":"1d56fb23-62f4-462e-8c02-764c910075ab","actor_username":"48666978350","actor_via_sso":false,"log_type":"token"}', '2024-12-26 14:39:22.491766+00', ''),
	('00000000-0000-0000-0000-000000000000', 'e77ed9a7-32e8-4746-b98f-a6199cacfd8d', '{"action":"user_recovery_requested","actor_id":"1d56fb23-62f4-462e-8c02-764c910075ab","actor_username":"48666978350","actor_via_sso":false,"log_type":"user","traits":{"channel":"sms"}}', '2024-12-26 15:02:24.915536+00', ''),
	('00000000-0000-0000-0000-000000000000', '3ac2dbdc-8c05-4580-aa78-a88ac6e3cd7c', '{"action":"user_signedup","actor_id":"1d56fb23-62f4-462e-8c02-764c910075ab","actor_username":"48666978350","actor_via_sso":false,"log_type":"team"}', '2024-12-26 15:02:27.053801+00', ''),
	('00000000-0000-0000-0000-000000000000', 'b154c86b-1563-426c-9841-7734f9c44d9d', '{"action":"user_modified","actor_id":"1d56fb23-62f4-462e-8c02-764c910075ab","actor_username":"48666978350","actor_via_sso":false,"log_type":"user"}', '2024-12-26 15:02:27.336334+00', ''),
	('00000000-0000-0000-0000-000000000000', '8aca5362-579c-4bba-ae9a-b4786a99e290', '{"action":"token_refreshed","actor_id":"1d56fb23-62f4-462e-8c02-764c910075ab","actor_username":"48666978350","actor_via_sso":false,"log_type":"token"}', '2024-12-26 15:02:27.57966+00', ''),
	('00000000-0000-0000-0000-000000000000', 'c41e7789-d92f-48c1-8579-971fa55f6116', '{"action":"token_revoked","actor_id":"1d56fb23-62f4-462e-8c02-764c910075ab","actor_username":"48666978350","actor_via_sso":false,"log_type":"token"}', '2024-12-26 15:02:27.580236+00', ''),
	('00000000-0000-0000-0000-000000000000', '8430690c-c510-4777-83f2-02a8276f645e', '{"action":"token_refreshed","actor_id":"dc91436a-cdf2-4bd2-8208-8b3443972808","actor_username":"lukasjanek99@gmail.com","actor_via_sso":false,"log_type":"token"}', '2024-12-26 15:03:08.627566+00', ''),
	('00000000-0000-0000-0000-000000000000', '91feb7d0-ba5e-449c-b5b3-d874e9098a4f', '{"action":"token_revoked","actor_id":"dc91436a-cdf2-4bd2-8208-8b3443972808","actor_username":"lukasjanek99@gmail.com","actor_via_sso":false,"log_type":"token"}', '2024-12-26 15:03:08.628451+00', ''),
	('00000000-0000-0000-0000-000000000000', '96b525ad-e142-4350-b7fd-d8a3a03688c0', '{"action":"user_modified","actor_id":"dc91436a-cdf2-4bd2-8208-8b3443972808","actor_username":"lukasjanek99@gmail.com","actor_via_sso":false,"log_type":"user"}', '2024-12-26 15:11:13.094055+00', ''),
	('00000000-0000-0000-0000-000000000000', 'ed69743f-4981-4273-8d3e-acd7c147d0ff', '{"action":"token_refreshed","actor_id":"dc91436a-cdf2-4bd2-8208-8b3443972808","actor_username":"lukasjanek99@gmail.com","actor_via_sso":false,"log_type":"token"}', '2024-12-26 15:11:13.305058+00', ''),
	('00000000-0000-0000-0000-000000000000', 'b557d1b2-3f32-4c8c-9034-eff0814f9ea3', '{"action":"token_revoked","actor_id":"dc91436a-cdf2-4bd2-8208-8b3443972808","actor_username":"lukasjanek99@gmail.com","actor_via_sso":false,"log_type":"token"}', '2024-12-26 15:11:13.30587+00', ''),
	('00000000-0000-0000-0000-000000000000', '4a51ce05-8003-4153-b5cf-bf306f10961e', '{"action":"token_refreshed","actor_id":"1d56fb23-62f4-462e-8c02-764c910075ab","actor_username":"48666978350","actor_via_sso":false,"log_type":"token"}', '2024-12-26 16:05:04.367811+00', ''),
	('00000000-0000-0000-0000-000000000000', '06e41a29-37ed-420f-b4a4-ec4fe71ff614', '{"action":"token_refreshed","actor_id":"1d56fb23-62f4-462e-8c02-764c910075ab","actor_username":"48666978350","actor_via_sso":false,"log_type":"token"}', '2024-12-27 07:34:20.50391+00', ''),
	('00000000-0000-0000-0000-000000000000', 'f38e1722-7e8e-47eb-b208-fec09612b42b', '{"action":"token_revoked","actor_id":"1d56fb23-62f4-462e-8c02-764c910075ab","actor_username":"48666978350","actor_via_sso":false,"log_type":"token"}', '2024-12-27 07:34:20.504828+00', ''),
	('00000000-0000-0000-0000-000000000000', 'da0a86f6-2a64-421e-aa51-76bd4af277ac', '{"action":"token_refreshed","actor_id":"dc91436a-cdf2-4bd2-8208-8b3443972808","actor_username":"lukasjanek99@gmail.com","actor_via_sso":false,"log_type":"token"}', '2024-12-27 07:34:44.673281+00', ''),
	('00000000-0000-0000-0000-000000000000', '836337f1-aa73-4105-a9f8-871df84ac27d', '{"action":"token_revoked","actor_id":"dc91436a-cdf2-4bd2-8208-8b3443972808","actor_username":"lukasjanek99@gmail.com","actor_via_sso":false,"log_type":"token"}', '2024-12-27 07:34:44.673793+00', ''),
	('00000000-0000-0000-0000-000000000000', '1fbf0c80-9040-4a03-b976-8a84f54fbdc3', '{"action":"logout","actor_id":"dc91436a-cdf2-4bd2-8208-8b3443972808","actor_username":"lukasjanek99@gmail.com","actor_via_sso":false,"log_type":"account"}', '2024-12-27 07:35:05.266517+00', ''),
	('00000000-0000-0000-0000-000000000000', 'bf4eeb0c-36a2-4e45-80d6-49ddfae04cc4', '{"action":"user_recovery_requested","actor_id":"dc91436a-cdf2-4bd2-8208-8b3443972808","actor_username":"lukasjanek99@gmail.com","actor_via_sso":false,"log_type":"user"}', '2024-12-27 07:35:19.235436+00', ''),
	('00000000-0000-0000-0000-000000000000', 'f63d2d0b-47b1-47f3-886a-0e911b989833', '{"action":"login","actor_id":"dc91436a-cdf2-4bd2-8208-8b3443972808","actor_username":"lukasjanek99@gmail.com","actor_via_sso":false,"log_type":"account"}', '2024-12-27 07:35:33.794895+00', ''),
	('00000000-0000-0000-0000-000000000000', '3efbd620-4db0-4bb3-9d4d-4e26843a5de1', '{"action":"user_modified","actor_id":"dc91436a-cdf2-4bd2-8208-8b3443972808","actor_username":"lukasjanek99@gmail.com","actor_via_sso":false,"log_type":"user"}', '2024-12-27 07:35:33.944489+00', ''),
	('00000000-0000-0000-0000-000000000000', 'a9b6e0c0-90db-4c31-8c8e-e185e625f76e', '{"action":"token_refreshed","actor_id":"dc91436a-cdf2-4bd2-8208-8b3443972808","actor_username":"lukasjanek99@gmail.com","actor_via_sso":false,"log_type":"token"}', '2024-12-27 07:35:34.076969+00', ''),
	('00000000-0000-0000-0000-000000000000', '12643f96-108a-4d24-ac90-b0d806fbc4a8', '{"action":"token_revoked","actor_id":"dc91436a-cdf2-4bd2-8208-8b3443972808","actor_username":"lukasjanek99@gmail.com","actor_via_sso":false,"log_type":"token"}', '2024-12-27 07:35:34.07748+00', ''),
	('00000000-0000-0000-0000-000000000000', '26f945be-8ca3-44f4-bc49-be1b8403f38a', '{"action":"user_modified","actor_id":"1d56fb23-62f4-462e-8c02-764c910075ab","actor_username":"48666978350","actor_via_sso":false,"log_type":"user"}', '2024-12-27 07:36:00.49005+00', ''),
	('00000000-0000-0000-0000-000000000000', '56fccc38-704d-41ac-9175-a602ca867473', '{"action":"token_refreshed","actor_id":"1d56fb23-62f4-462e-8c02-764c910075ab","actor_username":"48666978350","actor_via_sso":false,"log_type":"token"}', '2024-12-27 07:36:00.626156+00', ''),
	('00000000-0000-0000-0000-000000000000', 'ef93aba5-a70c-4639-b61d-fc2db93bb68d', '{"action":"token_revoked","actor_id":"1d56fb23-62f4-462e-8c02-764c910075ab","actor_username":"48666978350","actor_via_sso":false,"log_type":"token"}', '2024-12-27 07:36:00.626595+00', ''),
	('00000000-0000-0000-0000-000000000000', '042f6ebf-4a5c-43cb-b3ae-77336890d3ca', '{"action":"logout","actor_id":"dc91436a-cdf2-4bd2-8208-8b3443972808","actor_username":"lukasjanek99@gmail.com","actor_via_sso":false,"log_type":"account"}', '2024-12-27 07:36:22.290951+00', ''),
	('00000000-0000-0000-0000-000000000000', '63a9a68e-2558-49c6-a299-4fc0080a3e1a', '{"action":"user_recovery_requested","actor_id":"1d56fb23-62f4-462e-8c02-764c910075ab","actor_username":"48666978350","actor_via_sso":false,"log_type":"user","traits":{"channel":"sms"}}', '2024-12-27 07:36:31.528546+00', ''),
	('00000000-0000-0000-0000-000000000000', '877a4606-13a2-4b9c-8855-172754a2de02', '{"action":"user_signedup","actor_id":"1d56fb23-62f4-462e-8c02-764c910075ab","actor_username":"48666978350","actor_via_sso":false,"log_type":"team"}', '2024-12-27 07:36:34.946736+00', ''),
	('00000000-0000-0000-0000-000000000000', 'fa8044c2-83e3-447b-bf8a-e35ae87b7bcb', '{"action":"user_modified","actor_id":"1d56fb23-62f4-462e-8c02-764c910075ab","actor_username":"48666978350","actor_via_sso":false,"log_type":"user"}', '2024-12-27 07:36:35.111293+00', ''),
	('00000000-0000-0000-0000-000000000000', 'fe8972c0-a7c0-466f-894d-37e4fc47f275', '{"action":"token_refreshed","actor_id":"1d56fb23-62f4-462e-8c02-764c910075ab","actor_username":"48666978350","actor_via_sso":false,"log_type":"token"}', '2024-12-27 07:36:35.236333+00', ''),
	('00000000-0000-0000-0000-000000000000', 'd00cff5e-7db5-408c-957e-a79a4f3f8e8b', '{"action":"token_revoked","actor_id":"1d56fb23-62f4-462e-8c02-764c910075ab","actor_username":"48666978350","actor_via_sso":false,"log_type":"token"}', '2024-12-27 07:36:35.236742+00', ''),
	('00000000-0000-0000-0000-000000000000', '02a06196-e491-45a1-96a7-94f0857d672a', '{"action":"user_modified","actor_id":"1d56fb23-62f4-462e-8c02-764c910075ab","actor_username":"48666978350","actor_via_sso":false,"log_type":"user"}', '2024-12-27 07:36:45.620655+00', ''),
	('00000000-0000-0000-0000-000000000000', 'e71eec78-3abe-48a9-b41c-59585248dfff', '{"action":"token_refreshed","actor_id":"1d56fb23-62f4-462e-8c02-764c910075ab","actor_username":"48666978350","actor_via_sso":false,"log_type":"token"}', '2024-12-27 07:36:45.741032+00', ''),
	('00000000-0000-0000-0000-000000000000', '3d08e34b-7553-46f8-8b5e-48a57da61c44', '{"action":"token_revoked","actor_id":"1d56fb23-62f4-462e-8c02-764c910075ab","actor_username":"48666978350","actor_via_sso":false,"log_type":"token"}', '2024-12-27 07:36:45.741797+00', ''),
	('00000000-0000-0000-0000-000000000000', 'e7a85519-a9aa-4ab9-85c2-9dae38f0d06c', '{"action":"logout","actor_id":"1d56fb23-62f4-462e-8c02-764c910075ab","actor_username":"48666978350","actor_via_sso":false,"log_type":"account"}', '2024-12-27 07:37:11.866689+00', ''),
	('00000000-0000-0000-0000-000000000000', '182dc5e4-499c-43ac-9b2e-74ef466d8dac', '{"action":"user_recovery_requested","actor_id":"dc91436a-cdf2-4bd2-8208-8b3443972808","actor_username":"lukasjanek99@gmail.com","actor_via_sso":false,"log_type":"user"}', '2024-12-27 07:37:22.043963+00', ''),
	('00000000-0000-0000-0000-000000000000', 'dc0daba4-7b72-44fb-ab8e-cef308568768', '{"action":"login","actor_id":"dc91436a-cdf2-4bd2-8208-8b3443972808","actor_username":"lukasjanek99@gmail.com","actor_via_sso":false,"log_type":"account"}', '2024-12-27 07:37:44.435395+00', ''),
	('00000000-0000-0000-0000-000000000000', 'cd4aa3a2-ead9-4fe6-99c7-5d060d55f3c1', '{"action":"user_modified","actor_id":"dc91436a-cdf2-4bd2-8208-8b3443972808","actor_username":"lukasjanek99@gmail.com","actor_via_sso":false,"log_type":"user"}', '2024-12-27 07:37:44.568993+00', ''),
	('00000000-0000-0000-0000-000000000000', '846b4fed-b464-43e4-9740-ef1eadab6877', '{"action":"token_refreshed","actor_id":"dc91436a-cdf2-4bd2-8208-8b3443972808","actor_username":"lukasjanek99@gmail.com","actor_via_sso":false,"log_type":"token"}', '2024-12-27 07:37:44.70742+00', ''),
	('00000000-0000-0000-0000-000000000000', '90d54e76-cabf-475f-b526-4e5fcd0d162f', '{"action":"token_revoked","actor_id":"dc91436a-cdf2-4bd2-8208-8b3443972808","actor_username":"lukasjanek99@gmail.com","actor_via_sso":false,"log_type":"token"}', '2024-12-27 07:37:44.707911+00', '');


--
-- Data for Name: flow_state; Type: TABLE DATA; Schema: auth; Owner: supabase_auth_admin
--

INSERT INTO "auth"."flow_state" ("id", "user_id", "auth_code", "code_challenge_method", "code_challenge", "provider_type", "provider_access_token", "provider_refresh_token", "created_at", "updated_at", "authentication_method", "auth_code_issued_at") VALUES
	('f69a212b-de1b-4a14-ad82-6d3cd5af0597', '7fa142b1-6516-4e82-a2b2-b54b2bb95239', 'a230f36e-a5e4-41dc-b0ab-245d6be3f51c', 's256', 'agJ7Wq23R6Wj4RmTUPu8G_yysY1pUlNAGpHfBHGvzFc', 'magiclink', '', '', '2024-11-23 19:24:35.867736+00', '2024-11-23 19:24:35.867736+00', 'magiclink', NULL),
	('83be2293-be58-420b-bf00-9049d45c6d28', 'dc91436a-cdf2-4bd2-8208-8b3443972808', '436d387d-370d-4e24-887e-3d699349f407', 's256', 'FayWXBH-ArhQcFpagkcS7hT4CeZAOaA7vfk7LYmVvKk', 'magiclink', '', '', '2024-11-24 14:10:19.805939+00', '2024-11-24 14:10:19.805939+00', 'magiclink', NULL),
	('c740b8e3-a862-4b17-b6ff-428cea4ab685', 'dc91436a-cdf2-4bd2-8208-8b3443972808', 'b8b94403-b3c7-4115-a081-2317948a855c', 's256', 'uYStanKevfXHqQJtCmAk015v9MyOOhFx7hq1tyQ6OzQ', 'magiclink', '', '', '2024-12-01 17:19:53.944341+00', '2024-12-01 17:19:53.944341+00', 'magiclink', NULL),
	('c7fb8a9c-dc2c-4ff1-b289-d8cdba60aff9', 'dc91436a-cdf2-4bd2-8208-8b3443972808', '3aa67bed-659b-4fcd-9f0f-f824ef2f4a83', 's256', 'D_wS3hZkrnaJQmXVmEqesi9rP9CI1pD9giFQcdNI9Yc', 'magiclink', '', '', '2024-12-01 17:38:03.237123+00', '2024-12-01 17:38:03.237123+00', 'magiclink', NULL),
	('41a75227-68ad-48a3-bf07-e6adbc592908', 'dc91436a-cdf2-4bd2-8208-8b3443972808', '1af0f759-2047-489c-9e32-81df5a047e43', 's256', '5mqrkOGb0vR852p8K09tE7l28cyCWx1AC2Ld54eyVJU', 'magiclink', '', '', '2024-12-01 17:45:51.275683+00', '2024-12-01 17:45:51.275683+00', 'magiclink', NULL),
	('4c44fe68-86e0-41b6-b351-51f31c725492', 'dc91436a-cdf2-4bd2-8208-8b3443972808', 'a9bc7b19-f612-4da2-889b-752f8ef6682f', 's256', 'Y8mf5CkHiedsL6w5BIsRmVuUhXIspaNo3A1iCsj7p08', 'magiclink', '', '', '2024-12-01 17:50:26.816988+00', '2024-12-01 17:50:26.816988+00', 'magiclink', NULL),
	('54ba2597-32be-45eb-bff6-71fbdb380046', 'dc91436a-cdf2-4bd2-8208-8b3443972808', '4a6733ab-3897-4811-bed3-9085760e7b01', 's256', 'Wcl5nByqqxcPyBvo_GU4mEA7dMPu1ECBaXIxOU_blkY', 'magiclink', '', '', '2024-12-12 19:42:28.810114+00', '2024-12-12 19:42:28.810114+00', 'magiclink', NULL),
	('1895735d-a3d5-4010-bf53-d566e2d468ea', 'dc91436a-cdf2-4bd2-8208-8b3443972808', '61614ac2-ad77-45fe-a296-d326b4f490eb', 's256', 'z605pUxJokPCwekoHuzRQ0LmnLqcGUqfF7-3oarHYKU', 'magiclink', '', '', '2024-12-13 15:19:08.1863+00', '2024-12-13 15:19:08.1863+00', 'magiclink', NULL),
	('41eef2de-102d-486d-8eda-8fb6f7e51b99', 'dc91436a-cdf2-4bd2-8208-8b3443972808', 'a473ffdd-13c1-49f4-af8f-d0639aefbfde', 's256', 'riCyGLep5dnXD17Q6Xkh9pWckJt33-yiUxElFeJIng8', 'magiclink', '', '', '2024-12-14 09:32:23.809512+00', '2024-12-14 09:32:23.809512+00', 'magiclink', NULL),
	('2ea9c25a-2919-4461-b214-2f2fd47f9a2f', 'dc91436a-cdf2-4bd2-8208-8b3443972808', 'd2dfb571-d25b-4fe0-a591-9ab61d88649f', 's256', 'KtciSqV0zb9x57h7rW5W4m0mdoMnZtf8QixCJ4A_K-4', 'magiclink', '', '', '2024-12-14 10:05:38.386802+00', '2024-12-14 10:05:38.386802+00', 'magiclink', NULL),
	('208c939e-ef9a-4ce1-b06a-4b7856ca9941', 'dc91436a-cdf2-4bd2-8208-8b3443972808', 'e0adf4aa-32d7-44bb-bed2-786581075ead', 's256', 'Hrf8I5Neul50bx1YybFXxvjuXumR5YJH-dFbNwHSLuY', 'magiclink', '', '', '2024-12-15 14:12:08.112021+00', '2024-12-15 14:12:08.112021+00', 'magiclink', NULL),
	('10bf52f7-ed8e-4831-8951-e983642d1b4f', 'dc91436a-cdf2-4bd2-8208-8b3443972808', '0e9b9d77-1e9e-4887-94ab-4ca82e66ee4e', 's256', 'X1ychMdycE4RI2eXGs4Zy0dG_1CCfMpBF10-v3MgzIU', 'magiclink', '', '', '2024-12-15 14:52:08.482971+00', '2024-12-15 14:52:08.482971+00', 'magiclink', NULL),
	('88015140-a7a4-4533-893d-6b2d89063d6a', 'dc91436a-cdf2-4bd2-8208-8b3443972808', '14176a27-5d15-40b6-aa5c-383d19ac7164', 's256', 'H9tpCUj3ZBN3XkV0nwJCK-bsuPjTC-oUUueZ2Z4NqN8', 'magiclink', '', '', '2024-12-18 06:53:13.991826+00', '2024-12-18 06:53:13.991826+00', 'magiclink', NULL),
	('e5b7a166-5ec2-4eb5-841f-ba2c949ea25d', 'dc91436a-cdf2-4bd2-8208-8b3443972808', 'db28f43f-9158-4876-99de-8c08c93c0c07', 's256', 'nPFzcyp-M7xrKdjUjlwMhH7DtEaG2pkNGMd0S5VXnJQ', 'magiclink', '', '', '2024-12-19 18:12:52.179051+00', '2024-12-19 18:12:52.179051+00', 'magiclink', NULL),
	('a180652d-dbf0-4438-a483-0c5649844a45', 'dc91436a-cdf2-4bd2-8208-8b3443972808', 'dcdb4822-61de-43c5-a267-b1985f0fa25b', 's256', 'dEr8qcKe9o5pzq71i6SZ9UF15bf3jhSWkmPDAmKj1Aw', 'magiclink', '', '', '2024-12-19 19:49:18.873072+00', '2024-12-19 19:49:18.873072+00', 'magiclink', NULL),
	('f176b0f7-a602-4402-a90e-c6c6b0422ae8', 'dc91436a-cdf2-4bd2-8208-8b3443972808', '9cc73226-e224-4260-bfac-e1dc9fe5678f', 's256', 'PSywM4CeskEExKzUgTVL7fTM0rVmnpRbOFtZHP5WnPo', 'magiclink', '', '', '2024-12-19 19:55:18.640537+00', '2024-12-19 19:55:18.640537+00', 'magiclink', NULL),
	('43381cfc-71ed-4760-8c8b-7fe413cb65fd', 'dc91436a-cdf2-4bd2-8208-8b3443972808', '6c0b3a1a-e1eb-4fc1-b251-13ea1e2be2a5', 's256', '1JTbX2AGDHIWvsTnVpHO3Sh1XfBUuXrB2hmwJgnJICE', 'magiclink', '', '', '2024-12-27 07:35:19.232203+00', '2024-12-27 07:35:19.232203+00', 'magiclink', NULL),
	('5ed85ab6-48a2-4ae9-8e59-8971171a1526', 'dc91436a-cdf2-4bd2-8208-8b3443972808', 'ee980711-9dd8-4bc5-851e-4976d4b8b417', 's256', '9_oi_Q0nq6dxR2jn98chG9lZgcTanSZIjyhT60oOqiM', 'magiclink', '', '', '2024-12-27 07:37:22.042987+00', '2024-12-27 07:37:22.042987+00', 'magiclink', NULL);


--
-- Data for Name: users; Type: TABLE DATA; Schema: auth; Owner: supabase_auth_admin
--

INSERT INTO "auth"."users" ("instance_id", "id", "aud", "role", "email", "encrypted_password", "email_confirmed_at", "invited_at", "confirmation_token", "confirmation_sent_at", "recovery_token", "recovery_sent_at", "email_change_token_new", "email_change", "email_change_sent_at", "last_sign_in_at", "raw_app_meta_data", "raw_user_meta_data", "is_super_admin", "created_at", "updated_at", "phone", "phone_confirmed_at", "phone_change", "phone_change_token", "phone_change_sent_at", "email_change_token_current", "email_change_confirm_status", "banned_until", "reauthentication_token", "reauthentication_sent_at", "is_sso_user", "deleted_at", "is_anonymous") VALUES
	('00000000-0000-0000-0000-000000000000', 'd51170b3-31b3-4cb1-827e-8863bd3b5666', 'authenticated', 'authenticated', 'dawid.wojcik@beeloyal.app', '$2a$10$27T8cnHNnwQ7VKZBbuWVJ.pMvIS/gB3k4.w03yWjMOeWIaAsyNALC', '2024-12-26 08:52:03.41671+00', NULL, '', NULL, '', NULL, '', '', NULL, NULL, '{"provider": "email", "providers": ["email"]}', '{}', NULL, '2024-12-26 08:52:03.412938+00', '2024-12-26 08:52:03.416896+00', NULL, NULL, '', '', NULL, '', 0, NULL, '', NULL, false, NULL, false),
	('00000000-0000-0000-0000-000000000000', 'dc91436a-cdf2-4bd2-8208-8b3443972808', 'authenticated', 'authenticated', 'lukasjanek99@gmail.com', '$2a$10$TK0GXLWor5lPtlhih4FfwOAQR4zDNEa3yyhWFJ8JC8KSfyDD6vH.a', '2024-11-24 14:06:17.649228+00', NULL, '', NULL, '', '2024-12-27 07:37:22.044447+00', '', '', NULL, '2024-12-27 07:37:44.43693+00', '{"provider": "email", "providers": ["email"]}', '{"app_id": "app.beeloyal.employer.beta", "app_version": "v1.0.0+276", "display_name": "Jan"}', NULL, '2024-11-24 14:06:17.643155+00', '2024-12-27 07:37:44.709188+00', NULL, NULL, '', '', NULL, '', 0, NULL, '', NULL, false, NULL, false),
	('00000000-0000-0000-0000-000000000000', '1d56fb23-62f4-462e-8c02-764c910075ab', 'authenticated', 'authenticated', 'jan.lukas@beeloyal.app', '$2a$10$EbWecpUlk3zYPMW0cf/6Su.jlscQ8p.bOTOWjn8NDYOcRf/T7EZ0y', '2024-12-17 07:56:58.47382+00', NULL, '', '2024-12-27 07:36:31.529261+00', '', NULL, '', '', '2024-12-17 07:56:42.770082+00', '2024-12-27 07:36:34.949468+00', '{"provider": "phone", "providers": ["phone", "email"]}', '{"sub": "1d56fb23-62f4-462e-8c02-764c910075ab", "app_id": "app.beeloyal.customer.beta", "app_version": "v1.0.0+275", "email_verified": false, "phone_verified": false}', NULL, '2024-11-23 19:26:14.401887+00', '2024-12-27 07:36:45.744452+00', '48666978350', '2024-12-27 07:36:34.947151+00', '', '', NULL, '', 0, NULL, '', NULL, false, NULL, false);


--
-- Data for Name: identities; Type: TABLE DATA; Schema: auth; Owner: supabase_auth_admin
--

INSERT INTO "auth"."identities" ("provider_id", "user_id", "identity_data", "provider", "last_sign_in_at", "created_at", "updated_at", "id") VALUES
	('1d56fb23-62f4-462e-8c02-764c910075ab', '1d56fb23-62f4-462e-8c02-764c910075ab', '{"sub": "1d56fb23-62f4-462e-8c02-764c910075ab", "email_verified": false, "phone_verified": false}', 'phone', '2024-11-23 19:26:14.404096+00', '2024-11-23 19:26:14.404128+00', '2024-11-23 19:26:14.404128+00', 'e0e9c49c-b622-466a-8b6f-c12a4e50a746'),
	('dc91436a-cdf2-4bd2-8208-8b3443972808', 'dc91436a-cdf2-4bd2-8208-8b3443972808', '{"sub": "dc91436a-cdf2-4bd2-8208-8b3443972808", "email": "lukasjanek99@gmail.com", "email_verified": false, "phone_verified": false}', 'email', '2024-11-24 14:06:17.645151+00', '2024-11-24 14:06:17.645792+00', '2024-11-24 14:06:17.645792+00', 'c2f12f96-35cf-47fa-89b8-040df1d07812'),
	('d51170b3-31b3-4cb1-827e-8863bd3b5666', 'd51170b3-31b3-4cb1-827e-8863bd3b5666', '{"sub": "d51170b3-31b3-4cb1-827e-8863bd3b5666", "email": "dawid.wojcik@beeloyal.app", "email_verified": false, "phone_verified": false}', 'email', '2024-12-26 08:52:03.414581+00', '2024-12-26 08:52:03.414615+00', '2024-12-26 08:52:03.414615+00', '05cfabab-14c2-473b-9a6b-eb22b7bc1bf9'),
	('1d56fb23-62f4-462e-8c02-764c910075ab', '1d56fb23-62f4-462e-8c02-764c910075ab', '{"sub": "1d56fb23-62f4-462e-8c02-764c910075ab", "email": "jan.lukas@beeloyal.app", "email_verified": true, "phone_verified": false}', 'email', '2024-12-17 07:56:58.472176+00', '2024-12-17 07:56:58.472213+00', '2024-12-17 07:56:58.474877+00', '31ea5a28-98da-4a6f-aa69-81ce2fa02291');


--
-- Data for Name: instances; Type: TABLE DATA; Schema: auth; Owner: supabase_auth_admin
--



--
-- Data for Name: sessions; Type: TABLE DATA; Schema: auth; Owner: supabase_auth_admin
--

INSERT INTO "auth"."sessions" ("id", "user_id", "created_at", "updated_at", "factor_id", "aal", "not_after", "refreshed_at", "user_agent", "ip", "tag") VALUES
	('26816947-08d0-45dd-9fa8-87b6d45454e8', 'dc91436a-cdf2-4bd2-8208-8b3443972808', '2024-12-14 10:06:16.805043+00', '2024-12-16 08:02:38.716735+00', NULL, 'aal1', NULL, '2024-12-16 08:02:38.716677', 'Dart/3.5 (dart:io)', '46.205.198.21', NULL),
	('58189b52-0baa-44d6-9501-2cacba34651f', '1d56fb23-62f4-462e-8c02-764c910075ab', '2024-12-16 13:23:19.703962+00', '2024-12-16 13:23:20.246865+00', NULL, 'aal1', NULL, '2024-12-16 13:23:20.246813', 'Dart/3.5 (dart:io)', '46.205.198.234', NULL),
	('a79aec08-a470-45b7-a1d2-1228d043a08c', '1d56fb23-62f4-462e-8c02-764c910075ab', '2024-12-26 10:21:34.518196+00', '2024-12-26 11:20:56.050386+00', NULL, 'aal1', NULL, '2024-12-26 11:20:56.050316', 'Dart/3.5 (dart:io)', '46.205.198.119', NULL),
	('82ed7e9b-97d4-4beb-a3df-2fcd5c3a600e', '1d56fb23-62f4-462e-8c02-764c910075ab', '2024-12-19 19:52:23.471191+00', '2024-12-24 10:55:25.813731+00', NULL, 'aal1', NULL, '2024-12-24 10:55:25.813649', 'Dart/3.5 (dart:io)', '46.205.198.119', NULL),
	('1bbd3177-3b43-4a7a-8df3-3363535d0a23', 'dc91436a-cdf2-4bd2-8208-8b3443972808', '2024-12-19 19:55:50.905944+00', '2024-12-26 15:03:08.632264+00', NULL, 'aal1', NULL, '2024-12-26 15:03:08.632176', 'Dart/3.5 (dart:io)', '46.205.198.119', NULL),
	('236e6b0e-b655-4af5-b0fc-94f2c26f7349', 'dc91436a-cdf2-4bd2-8208-8b3443972808', '2024-12-19 19:49:32.860166+00', '2024-12-19 19:49:33.189908+00', NULL, 'aal1', NULL, '2024-12-19 19:49:33.18982', 'Dart/3.5 (dart:io)', '46.205.198.234', NULL),
	('0a6eba1c-bcff-46fd-b995-97e11745075a', '1d56fb23-62f4-462e-8c02-764c910075ab', '2024-12-17 07:56:58.476545+00', '2024-12-17 07:56:58.476545+00', NULL, 'aal1', NULL, NULL, 'Mozilla/5.0 (iPhone; CPU iPhone OS 18_1_1 like Mac OS X) AppleWebKit/605.1.15 (KHTML, like Gecko) Version/18.1.1 Mobile/15E148 Safari/604.1', '46.205.198.234', NULL),
	('72e864a4-fd41-4288-90db-9949bb1b3395', '1d56fb23-62f4-462e-8c02-764c910075ab', '2024-12-26 15:02:27.057116+00', '2024-12-26 16:05:04.372824+00', NULL, 'aal1', NULL, '2024-12-26 16:05:04.372757', 'Dart/3.5 (dart:io)', '46.205.198.119', NULL),
	('04b753e4-fe40-498d-a49e-cf0e7a7980c1', '1d56fb23-62f4-462e-8c02-764c910075ab', '2024-12-26 14:39:22.158415+00', '2024-12-27 07:36:45.745462+00', NULL, 'aal1', NULL, '2024-12-27 07:36:45.745385', 'Dart/3.5 (dart:io)', '46.205.198.119', NULL),
	('8bf83b32-6bf4-403a-8ff2-fbd73d6dbf13', 'dc91436a-cdf2-4bd2-8208-8b3443972808', '2024-12-27 07:37:44.43698+00', '2024-12-27 07:37:44.710071+00', NULL, 'aal1', NULL, '2024-12-27 07:37:44.709903', 'Dart/3.5 (dart:io)', '46.205.198.119', NULL);


--
-- Data for Name: mfa_amr_claims; Type: TABLE DATA; Schema: auth; Owner: supabase_auth_admin
--

INSERT INTO "auth"."mfa_amr_claims" ("session_id", "created_at", "updated_at", "authentication_method", "id") VALUES
	('26816947-08d0-45dd-9fa8-87b6d45454e8', '2024-12-14 10:06:16.807446+00', '2024-12-14 10:06:16.807446+00', 'otp', '0f79bd28-e557-4b79-90c3-42f41bca51fe'),
	('58189b52-0baa-44d6-9501-2cacba34651f', '2024-12-16 13:23:19.706853+00', '2024-12-16 13:23:19.706853+00', 'otp', '71167421-6719-497a-9e63-bcffbee55821'),
	('0a6eba1c-bcff-46fd-b995-97e11745075a', '2024-12-17 07:56:58.477933+00', '2024-12-17 07:56:58.477933+00', 'otp', 'cd897645-c834-4bcd-8eaf-3ce94dde5349'),
	('236e6b0e-b655-4af5-b0fc-94f2c26f7349', '2024-12-19 19:49:32.862236+00', '2024-12-19 19:49:32.862236+00', 'otp', '92870315-bb45-4d89-94ef-746a6b41e98a'),
	('82ed7e9b-97d4-4beb-a3df-2fcd5c3a600e', '2024-12-19 19:52:23.473157+00', '2024-12-19 19:52:23.473157+00', 'otp', 'bd3ca296-b704-41ed-bc0f-3d1428ecdafe'),
	('1bbd3177-3b43-4a7a-8df3-3363535d0a23', '2024-12-19 19:55:50.907513+00', '2024-12-19 19:55:50.907513+00', 'otp', '3ef3578b-7d85-403c-9d48-9007f1536b31'),
	('a79aec08-a470-45b7-a1d2-1228d043a08c', '2024-12-26 10:21:34.521177+00', '2024-12-26 10:21:34.521177+00', 'otp', '0dee11b7-2a80-4a48-b1c1-97728c2dc621'),
	('04b753e4-fe40-498d-a49e-cf0e7a7980c1', '2024-12-26 14:39:22.160171+00', '2024-12-26 14:39:22.160171+00', 'otp', 'a50cc3c8-52f7-42ed-a0df-7431d9572d1c'),
	('72e864a4-fd41-4288-90db-9949bb1b3395', '2024-12-26 15:02:27.059596+00', '2024-12-26 15:02:27.059596+00', 'otp', '40200c3c-ed13-4382-bd9d-60e603ee0352'),
	('8bf83b32-6bf4-403a-8ff2-fbd73d6dbf13', '2024-12-27 07:37:44.438551+00', '2024-12-27 07:37:44.438551+00', 'otp', '9e881789-ea27-4066-8e05-144ffaffb65b');


--
-- Data for Name: mfa_factors; Type: TABLE DATA; Schema: auth; Owner: supabase_auth_admin
--



--
-- Data for Name: mfa_challenges; Type: TABLE DATA; Schema: auth; Owner: supabase_auth_admin
--



--
-- Data for Name: one_time_tokens; Type: TABLE DATA; Schema: auth; Owner: supabase_auth_admin
--



--
-- Data for Name: refresh_tokens; Type: TABLE DATA; Schema: auth; Owner: supabase_auth_admin
--

INSERT INTO "auth"."refresh_tokens" ("instance_id", "id", "token", "user_id", "revoked", "created_at", "updated_at", "parent", "session_id") VALUES
	('00000000-0000-0000-0000-000000000000', 415, 'BJtydbSLOfVxnZ8noeVbzQ', '1d56fb23-62f4-462e-8c02-764c910075ab', true, '2024-12-26 10:21:34.519593+00', '2024-12-26 10:21:35.323895+00', NULL, 'a79aec08-a470-45b7-a1d2-1228d043a08c'),
	('00000000-0000-0000-0000-000000000000', 416, '8BYKVY5vfmMz_KmZPoVD5Q', '1d56fb23-62f4-462e-8c02-764c910075ab', true, '2024-12-26 10:21:35.32907+00', '2024-12-26 11:20:56.046665+00', 'BJtydbSLOfVxnZ8noeVbzQ', 'a79aec08-a470-45b7-a1d2-1228d043a08c'),
	('00000000-0000-0000-0000-000000000000', 422, 'TbP4oCJihy4KF-CjFL1rQA', '1d56fb23-62f4-462e-8c02-764c910075ab', true, '2024-12-26 15:02:27.05798+00', '2024-12-26 15:02:27.580703+00', NULL, '72e864a4-fd41-4288-90db-9949bb1b3395'),
	('00000000-0000-0000-0000-000000000000', 424, 'oZeOgu8hxtepG_Vr2wQNLw', 'dc91436a-cdf2-4bd2-8208-8b3443972808', false, '2024-12-26 15:03:08.63008+00', '2024-12-26 15:03:08.63008+00', 'iV8zXK-qKw_CCQfl6pMIqA', '1bbd3177-3b43-4a7a-8df3-3363535d0a23'),
	('00000000-0000-0000-0000-000000000000', 423, 'TmAX_NRU9_WFjw_lWDaHEQ', '1d56fb23-62f4-462e-8c02-764c910075ab', true, '2024-12-26 15:02:27.581258+00', '2024-12-26 16:05:04.369321+00', 'TbP4oCJihy4KF-CjFL1rQA', '72e864a4-fd41-4288-90db-9949bb1b3395'),
	('00000000-0000-0000-0000-000000000000', 76, 'oy8jdaExaOcSduYghaRi0g', 'dc91436a-cdf2-4bd2-8208-8b3443972808', true, '2024-12-14 10:06:16.805786+00', '2024-12-14 10:06:17.1686+00', NULL, '26816947-08d0-45dd-9fa8-87b6d45454e8'),
	('00000000-0000-0000-0000-000000000000', 77, 'riURBPjnTVxhhQ5v4Np_-w', 'dc91436a-cdf2-4bd2-8208-8b3443972808', true, '2024-12-14 10:06:17.16922+00', '2024-12-14 11:05:44.91674+00', 'oy8jdaExaOcSduYghaRi0g', '26816947-08d0-45dd-9fa8-87b6d45454e8'),
	('00000000-0000-0000-0000-000000000000', 78, 'fk36vSANxF2lqXve3A5c8g', 'dc91436a-cdf2-4bd2-8208-8b3443972808', true, '2024-12-14 11:05:44.917236+00', '2024-12-14 12:05:04.94215+00', 'riURBPjnTVxhhQ5v4Np_-w', '26816947-08d0-45dd-9fa8-87b6d45454e8'),
	('00000000-0000-0000-0000-000000000000', 79, 'n9ImQZ5nZBfoSt_3qICJsw', 'dc91436a-cdf2-4bd2-8208-8b3443972808', true, '2024-12-14 12:05:04.942753+00', '2024-12-14 13:04:24.833389+00', 'fk36vSANxF2lqXve3A5c8g', '26816947-08d0-45dd-9fa8-87b6d45454e8'),
	('00000000-0000-0000-0000-000000000000', 80, 'qHWaPP5KPL3IF-eYcuVKEQ', 'dc91436a-cdf2-4bd2-8208-8b3443972808', true, '2024-12-14 13:04:24.833947+00', '2024-12-14 14:03:50.089841+00', 'n9ImQZ5nZBfoSt_3qICJsw', '26816947-08d0-45dd-9fa8-87b6d45454e8'),
	('00000000-0000-0000-0000-000000000000', 431, 'v-AW0Oi_AMGz7nULdjU0Ug', '1d56fb23-62f4-462e-8c02-764c910075ab', true, '2024-12-27 07:36:00.627205+00', '2024-12-27 07:36:45.742227+00', 'wbP0Ow2fKwiTKwPL9eanMA', '04b753e4-fe40-498d-a49e-cf0e7a7980c1'),
	('00000000-0000-0000-0000-000000000000', 81, 'RAhiE-BjlehEtbUUMSMyPw', 'dc91436a-cdf2-4bd2-8208-8b3443972808', true, '2024-12-14 14:03:50.090373+00', '2024-12-14 15:03:20.086374+00', 'qHWaPP5KPL3IF-eYcuVKEQ', '26816947-08d0-45dd-9fa8-87b6d45454e8'),
	('00000000-0000-0000-0000-000000000000', 434, 'yKYm8VNr6DChcg52goJXTQ', '1d56fb23-62f4-462e-8c02-764c910075ab', false, '2024-12-27 07:36:45.743616+00', '2024-12-27 07:36:45.743616+00', 'v-AW0Oi_AMGz7nULdjU0Ug', '04b753e4-fe40-498d-a49e-cf0e7a7980c1'),
	('00000000-0000-0000-0000-000000000000', 82, 'fzvb4u-4A1OVDNSed0KaTw', 'dc91436a-cdf2-4bd2-8208-8b3443972808', true, '2024-12-14 15:03:20.08713+00', '2024-12-14 16:02:50.063611+00', 'RAhiE-BjlehEtbUUMSMyPw', '26816947-08d0-45dd-9fa8-87b6d45454e8'),
	('00000000-0000-0000-0000-000000000000', 83, 'xKcRfYdEuX50qKDjWCzHaw', 'dc91436a-cdf2-4bd2-8208-8b3443972808', true, '2024-12-14 16:02:50.06429+00', '2024-12-14 16:34:09.770078+00', 'fzvb4u-4A1OVDNSed0KaTw', '26816947-08d0-45dd-9fa8-87b6d45454e8'),
	('00000000-0000-0000-0000-000000000000', 435, 'fO_oMLB2yrQiaNxwI7r9sQ', 'dc91436a-cdf2-4bd2-8208-8b3443972808', true, '2024-12-27 07:37:44.437628+00', '2024-12-27 07:37:44.708335+00', NULL, '8bf83b32-6bf4-403a-8ff2-fbd73d6dbf13'),
	('00000000-0000-0000-0000-000000000000', 84, 'OWIE4D6PcKmazpVk9aUJRA', 'dc91436a-cdf2-4bd2-8208-8b3443972808', true, '2024-12-14 16:34:09.770729+00', '2024-12-14 17:06:20.018697+00', 'xKcRfYdEuX50qKDjWCzHaw', '26816947-08d0-45dd-9fa8-87b6d45454e8'),
	('00000000-0000-0000-0000-000000000000', 436, 'Q_VKj1yjocXFBV9XOqaRig', 'dc91436a-cdf2-4bd2-8208-8b3443972808', false, '2024-12-27 07:37:44.708604+00', '2024-12-27 07:37:44.708604+00', 'fO_oMLB2yrQiaNxwI7r9sQ', '8bf83b32-6bf4-403a-8ff2-fbd73d6dbf13'),
	('00000000-0000-0000-0000-000000000000', 85, 'jwIUaosPfE0f4lAYZdBmBQ', 'dc91436a-cdf2-4bd2-8208-8b3443972808', true, '2024-12-14 17:06:20.01937+00', '2024-12-14 17:06:31.972035+00', 'OWIE4D6PcKmazpVk9aUJRA', '26816947-08d0-45dd-9fa8-87b6d45454e8'),
	('00000000-0000-0000-0000-000000000000', 86, 'C-44eodDrddWI6RIfFdgpQ', 'dc91436a-cdf2-4bd2-8208-8b3443972808', true, '2024-12-14 17:06:31.972528+00', '2024-12-14 17:09:10.267413+00', 'jwIUaosPfE0f4lAYZdBmBQ', '26816947-08d0-45dd-9fa8-87b6d45454e8'),
	('00000000-0000-0000-0000-000000000000', 87, 'jOuDQFI9U8BC56EWRMMsmg', 'dc91436a-cdf2-4bd2-8208-8b3443972808', true, '2024-12-14 17:09:10.267882+00', '2024-12-14 18:08:23.341533+00', 'C-44eodDrddWI6RIfFdgpQ', '26816947-08d0-45dd-9fa8-87b6d45454e8'),
	('00000000-0000-0000-0000-000000000000', 88, 'XmRRWD49t0kcinlqQTFvZg', 'dc91436a-cdf2-4bd2-8208-8b3443972808', true, '2024-12-14 18:08:23.342009+00', '2024-12-14 18:09:38.071835+00', 'jOuDQFI9U8BC56EWRMMsmg', '26816947-08d0-45dd-9fa8-87b6d45454e8'),
	('00000000-0000-0000-0000-000000000000', 96, 'SeN93YL3qxVr0fApRGWCig', 'dc91436a-cdf2-4bd2-8208-8b3443972808', true, '2024-12-14 20:22:27.089391+00', '2024-12-16 08:02:38.713172+00', 'qiVp0L48faA-TfT5tmWH1g', '26816947-08d0-45dd-9fa8-87b6d45454e8'),
	('00000000-0000-0000-0000-000000000000', 89, 'oUC17akSF-3uTWTe5vFiJg', 'dc91436a-cdf2-4bd2-8208-8b3443972808', true, '2024-12-14 18:09:38.072333+00', '2024-12-14 19:09:07.529705+00', 'XmRRWD49t0kcinlqQTFvZg', '26816947-08d0-45dd-9fa8-87b6d45454e8'),
	('00000000-0000-0000-0000-000000000000', 123, 'l4fpClpvWylAnxaCDrj0SA', 'dc91436a-cdf2-4bd2-8208-8b3443972808', false, '2024-12-16 08:02:38.714035+00', '2024-12-16 08:02:38.714035+00', 'SeN93YL3qxVr0fApRGWCig', '26816947-08d0-45dd-9fa8-87b6d45454e8'),
	('00000000-0000-0000-0000-000000000000', 90, '2ztZK8KVgOPktn9AwuuvDQ', 'dc91436a-cdf2-4bd2-8208-8b3443972808', true, '2024-12-14 19:09:07.530267+00', '2024-12-14 19:20:03.042468+00', 'oUC17akSF-3uTWTe5vFiJg', '26816947-08d0-45dd-9fa8-87b6d45454e8'),
	('00000000-0000-0000-0000-000000000000', 91, 'ByBrcYy_SaT9kvFm0S6IFw', 'dc91436a-cdf2-4bd2-8208-8b3443972808', true, '2024-12-14 19:20:03.043215+00', '2024-12-14 19:40:07.985359+00', '2ztZK8KVgOPktn9AwuuvDQ', '26816947-08d0-45dd-9fa8-87b6d45454e8'),
	('00000000-0000-0000-0000-000000000000', 92, 'NV-ZwkH_xP-ULU9UPSHvFw', 'dc91436a-cdf2-4bd2-8208-8b3443972808', true, '2024-12-14 19:40:07.985882+00', '2024-12-14 19:48:31.445326+00', 'ByBrcYy_SaT9kvFm0S6IFw', '26816947-08d0-45dd-9fa8-87b6d45454e8'),
	('00000000-0000-0000-0000-000000000000', 93, 'STxd0MAKopLDXu2CN3xQag', 'dc91436a-cdf2-4bd2-8208-8b3443972808', true, '2024-12-14 19:48:31.445793+00', '2024-12-14 19:49:45.47638+00', 'NV-ZwkH_xP-ULU9UPSHvFw', '26816947-08d0-45dd-9fa8-87b6d45454e8'),
	('00000000-0000-0000-0000-000000000000', 94, 'PC9CQsU6qefvBItkwSf07w', 'dc91436a-cdf2-4bd2-8208-8b3443972808', true, '2024-12-14 19:49:45.476815+00', '2024-12-14 20:16:01.123308+00', 'STxd0MAKopLDXu2CN3xQag', '26816947-08d0-45dd-9fa8-87b6d45454e8'),
	('00000000-0000-0000-0000-000000000000', 95, 'qiVp0L48faA-TfT5tmWH1g', 'dc91436a-cdf2-4bd2-8208-8b3443972808', true, '2024-12-14 20:16:01.123934+00', '2024-12-14 20:22:27.088748+00', 'PC9CQsU6qefvBItkwSf07w', '26816947-08d0-45dd-9fa8-87b6d45454e8'),
	('00000000-0000-0000-0000-000000000000', 129, 'D4U9aK2jLbR2YP5XQ_aovw', '1d56fb23-62f4-462e-8c02-764c910075ab', true, '2024-12-16 13:23:19.704965+00', '2024-12-16 13:23:20.244605+00', NULL, '58189b52-0baa-44d6-9501-2cacba34651f'),
	('00000000-0000-0000-0000-000000000000', 130, 'SxWhpaKiWWIAq28aWIDU6Q', '1d56fb23-62f4-462e-8c02-764c910075ab', false, '2024-12-16 13:23:20.245053+00', '2024-12-16 13:23:20.245053+00', 'D4U9aK2jLbR2YP5XQ_aovw', '58189b52-0baa-44d6-9501-2cacba34651f'),
	('00000000-0000-0000-0000-000000000000', 417, '77vPSG_saZiGnZ_QezscYQ', '1d56fb23-62f4-462e-8c02-764c910075ab', false, '2024-12-26 11:20:56.047738+00', '2024-12-26 11:20:56.047738+00', '8BYKVY5vfmMz_KmZPoVD5Q', 'a79aec08-a470-45b7-a1d2-1228d043a08c'),
	('00000000-0000-0000-0000-000000000000', 196, 'iV8zXK-qKw_CCQfl6pMIqA', 'dc91436a-cdf2-4bd2-8208-8b3443972808', true, '2024-12-19 19:55:51.254447+00', '2024-12-26 15:03:08.629561+00', 'vSKWdak0z5KkEU1ByqcpJA', '1bbd3177-3b43-4a7a-8df3-3363535d0a23'),
	('00000000-0000-0000-0000-000000000000', 146, 'sLjXngSYJvtyfc_h3GGrqw', '1d56fb23-62f4-462e-8c02-764c910075ab', false, '2024-12-17 07:56:58.477183+00', '2024-12-17 07:56:58.477183+00', NULL, '0a6eba1c-bcff-46fd-b995-97e11745075a'),
	('00000000-0000-0000-0000-000000000000', 189, 'qUCpKsop7b6p-1tD1MVnhQ', 'dc91436a-cdf2-4bd2-8208-8b3443972808', true, '2024-12-19 19:49:32.86096+00', '2024-12-19 19:49:33.187745+00', NULL, '236e6b0e-b655-4af5-b0fc-94f2c26f7349'),
	('00000000-0000-0000-0000-000000000000', 190, 'cbbNwS5yDWJC4TERhcIDzg', 'dc91436a-cdf2-4bd2-8208-8b3443972808', false, '2024-12-19 19:49:33.188247+00', '2024-12-19 19:49:33.188247+00', 'qUCpKsop7b6p-1tD1MVnhQ', '236e6b0e-b655-4af5-b0fc-94f2c26f7349'),
	('00000000-0000-0000-0000-000000000000', 191, 'b4afxAPSO3hyIMgT8ZQqAA', '1d56fb23-62f4-462e-8c02-764c910075ab', true, '2024-12-19 19:52:23.472032+00', '2024-12-19 19:52:23.762402+00', NULL, '82ed7e9b-97d4-4beb-a3df-2fcd5c3a600e'),
	('00000000-0000-0000-0000-000000000000', 195, 'vSKWdak0z5KkEU1ByqcpJA', 'dc91436a-cdf2-4bd2-8208-8b3443972808', true, '2024-12-19 19:55:50.906571+00', '2024-12-19 19:55:51.254067+00', NULL, '1bbd3177-3b43-4a7a-8df3-3363535d0a23'),
	('00000000-0000-0000-0000-000000000000', 192, '95mS3vPhu2ULdV_lrz9uWA', '1d56fb23-62f4-462e-8c02-764c910075ab', true, '2024-12-19 19:52:23.762973+00', '2024-12-19 20:06:22.170351+00', 'b4afxAPSO3hyIMgT8ZQqAA', '82ed7e9b-97d4-4beb-a3df-2fcd5c3a600e'),
	('00000000-0000-0000-0000-000000000000', 197, '3Z-a6ka6odX1zfeeJtC4oQ', '1d56fb23-62f4-462e-8c02-764c910075ab', true, '2024-12-19 20:06:22.170871+00', '2024-12-20 14:36:39.427354+00', '95mS3vPhu2ULdV_lrz9uWA', '82ed7e9b-97d4-4beb-a3df-2fcd5c3a600e'),
	('00000000-0000-0000-0000-000000000000', 198, 'MX251qpmyBULX-DVcJ4Acg', '1d56fb23-62f4-462e-8c02-764c910075ab', true, '2024-12-20 14:36:39.428167+00', '2024-12-21 10:12:40.225189+00', '3Z-a6ka6odX1zfeeJtC4oQ', '82ed7e9b-97d4-4beb-a3df-2fcd5c3a600e'),
	('00000000-0000-0000-0000-000000000000', 205, 'p5opOo3x8HTpgzseYwJVKg', '1d56fb23-62f4-462e-8c02-764c910075ab', true, '2024-12-21 10:12:40.225995+00', '2024-12-21 10:19:56.675555+00', 'MX251qpmyBULX-DVcJ4Acg', '82ed7e9b-97d4-4beb-a3df-2fcd5c3a600e'),
	('00000000-0000-0000-0000-000000000000', 206, 'ysPr5UCROiFEr2M45NEfXw', '1d56fb23-62f4-462e-8c02-764c910075ab', true, '2024-12-21 10:19:56.675986+00', '2024-12-21 10:29:20.601863+00', 'p5opOo3x8HTpgzseYwJVKg', '82ed7e9b-97d4-4beb-a3df-2fcd5c3a600e'),
	('00000000-0000-0000-0000-000000000000', 207, 'e0SgONGEvMfuiYtC4_naTQ', '1d56fb23-62f4-462e-8c02-764c910075ab', true, '2024-12-21 10:29:20.602437+00', '2024-12-21 10:34:29.525233+00', 'ysPr5UCROiFEr2M45NEfXw', '82ed7e9b-97d4-4beb-a3df-2fcd5c3a600e'),
	('00000000-0000-0000-0000-000000000000', 208, 'cfy-PcKXPjqYtFQgpPbz6w', '1d56fb23-62f4-462e-8c02-764c910075ab', true, '2024-12-21 10:34:29.525806+00', '2024-12-21 10:36:31.044455+00', 'e0SgONGEvMfuiYtC4_naTQ', '82ed7e9b-97d4-4beb-a3df-2fcd5c3a600e'),
	('00000000-0000-0000-0000-000000000000', 209, 'FTliRdA8UXKFg0nPY4WBmw', '1d56fb23-62f4-462e-8c02-764c910075ab', true, '2024-12-21 10:36:31.04508+00', '2024-12-21 10:41:01.199361+00', 'cfy-PcKXPjqYtFQgpPbz6w', '82ed7e9b-97d4-4beb-a3df-2fcd5c3a600e'),
	('00000000-0000-0000-0000-000000000000', 210, '_izpPPU_cGsxX6SpfDm0HA', '1d56fb23-62f4-462e-8c02-764c910075ab', true, '2024-12-21 10:41:01.200184+00', '2024-12-21 10:41:36.868894+00', 'FTliRdA8UXKFg0nPY4WBmw', '82ed7e9b-97d4-4beb-a3df-2fcd5c3a600e'),
	('00000000-0000-0000-0000-000000000000', 211, 'aONSoNyHNAMLXFKh3jP9ew', '1d56fb23-62f4-462e-8c02-764c910075ab', true, '2024-12-21 10:41:36.869156+00', '2024-12-21 10:42:02.899573+00', '_izpPPU_cGsxX6SpfDm0HA', '82ed7e9b-97d4-4beb-a3df-2fcd5c3a600e'),
	('00000000-0000-0000-0000-000000000000', 212, '3QXWYkohXA8Y6TNvxDFgZg', '1d56fb23-62f4-462e-8c02-764c910075ab', true, '2024-12-21 10:42:02.899866+00', '2024-12-21 10:43:22.816194+00', 'aONSoNyHNAMLXFKh3jP9ew', '82ed7e9b-97d4-4beb-a3df-2fcd5c3a600e'),
	('00000000-0000-0000-0000-000000000000', 213, 'r9EIZTfB6qjm4fRum0VZ2g', '1d56fb23-62f4-462e-8c02-764c910075ab', true, '2024-12-21 10:43:22.816697+00', '2024-12-21 10:43:46.699294+00', '3QXWYkohXA8Y6TNvxDFgZg', '82ed7e9b-97d4-4beb-a3df-2fcd5c3a600e'),
	('00000000-0000-0000-0000-000000000000', 214, 'kowZVa2P08fTm0lEEj1G1A', '1d56fb23-62f4-462e-8c02-764c910075ab', true, '2024-12-21 10:43:46.699771+00', '2024-12-21 10:58:36.084715+00', 'r9EIZTfB6qjm4fRum0VZ2g', '82ed7e9b-97d4-4beb-a3df-2fcd5c3a600e'),
	('00000000-0000-0000-0000-000000000000', 215, '9Nm68qsxvWc5YSkoLbVfJg', '1d56fb23-62f4-462e-8c02-764c910075ab', true, '2024-12-21 10:58:36.085295+00', '2024-12-21 11:58:05.426477+00', 'kowZVa2P08fTm0lEEj1G1A', '82ed7e9b-97d4-4beb-a3df-2fcd5c3a600e'),
	('00000000-0000-0000-0000-000000000000', 223, 'PsLgYaeIL3t-x805AbFYuw', '1d56fb23-62f4-462e-8c02-764c910075ab', true, '2024-12-21 13:26:36.528945+00', '2024-12-21 14:26:05.96528+00', 'BI9mIOFjwUci_iv0EzzU1w', '82ed7e9b-97d4-4beb-a3df-2fcd5c3a600e'),
	('00000000-0000-0000-0000-000000000000', 216, 'omxi8WpWpXlFFnQcLXh7WA', '1d56fb23-62f4-462e-8c02-764c910075ab', true, '2024-12-21 11:58:05.427106+00', '2024-12-21 12:49:16.179303+00', '9Nm68qsxvWc5YSkoLbVfJg', '82ed7e9b-97d4-4beb-a3df-2fcd5c3a600e'),
	('00000000-0000-0000-0000-000000000000', 224, 'L8OK8K_92RrqsROTc180HA', '1d56fb23-62f4-462e-8c02-764c910075ab', true, '2024-12-21 14:26:05.96587+00', '2024-12-21 15:25:25.953215+00', 'PsLgYaeIL3t-x805AbFYuw', '82ed7e9b-97d4-4beb-a3df-2fcd5c3a600e'),
	('00000000-0000-0000-0000-000000000000', 217, '7kBsDaedOfxX7AbksNpQHQ', '1d56fb23-62f4-462e-8c02-764c910075ab', true, '2024-12-21 12:49:16.179899+00', '2024-12-21 12:50:07.580565+00', 'omxi8WpWpXlFFnQcLXh7WA', '82ed7e9b-97d4-4beb-a3df-2fcd5c3a600e'),
	('00000000-0000-0000-0000-000000000000', 309, 'N9shentilATkdQeumE39Xg', '1d56fb23-62f4-462e-8c02-764c910075ab', true, '2024-12-24 07:45:02.744879+00', '2024-12-24 07:50:11.755041+00', 'mDbP5Hnvp9XXkATJi1WiSQ', '82ed7e9b-97d4-4beb-a3df-2fcd5c3a600e'),
	('00000000-0000-0000-0000-000000000000', 218, 'NmExwnAq9-lQwKyjnNwn_w', '1d56fb23-62f4-462e-8c02-764c910075ab', true, '2024-12-21 12:50:07.581025+00', '2024-12-21 12:51:58.718603+00', '7kBsDaedOfxX7AbksNpQHQ', '82ed7e9b-97d4-4beb-a3df-2fcd5c3a600e'),
	('00000000-0000-0000-0000-000000000000', 225, 'OzplzJ5JHRpz7E5OltdMzg', '1d56fb23-62f4-462e-8c02-764c910075ab', true, '2024-12-21 15:25:25.954036+00', '2024-12-21 16:24:45.974266+00', 'L8OK8K_92RrqsROTc180HA', '82ed7e9b-97d4-4beb-a3df-2fcd5c3a600e'),
	('00000000-0000-0000-0000-000000000000', 219, '5aNIZq9lr6PcKSX6JBGhrw', '1d56fb23-62f4-462e-8c02-764c910075ab', true, '2024-12-21 12:51:58.719126+00', '2024-12-21 12:52:57.022188+00', 'NmExwnAq9-lQwKyjnNwn_w', '82ed7e9b-97d4-4beb-a3df-2fcd5c3a600e'),
	('00000000-0000-0000-0000-000000000000', 220, 'TiZZqugD_6G0Q-JNnLmJzw', '1d56fb23-62f4-462e-8c02-764c910075ab', true, '2024-12-21 12:52:57.022694+00', '2024-12-21 13:11:33.95532+00', '5aNIZq9lr6PcKSX6JBGhrw', '82ed7e9b-97d4-4beb-a3df-2fcd5c3a600e'),
	('00000000-0000-0000-0000-000000000000', 226, 'df7NhYeCv-ErJNomPrXzrA', '1d56fb23-62f4-462e-8c02-764c910075ab', true, '2024-12-21 16:24:45.975094+00', '2024-12-22 06:41:50.501648+00', 'OzplzJ5JHRpz7E5OltdMzg', '82ed7e9b-97d4-4beb-a3df-2fcd5c3a600e'),
	('00000000-0000-0000-0000-000000000000', 221, '6vZitJ5RQHW_7OHJK0dnhQ', '1d56fb23-62f4-462e-8c02-764c910075ab', true, '2024-12-21 13:11:33.955867+00', '2024-12-21 13:25:41.032967+00', 'TiZZqugD_6G0Q-JNnLmJzw', '82ed7e9b-97d4-4beb-a3df-2fcd5c3a600e'),
	('00000000-0000-0000-0000-000000000000', 222, 'BI9mIOFjwUci_iv0EzzU1w', '1d56fb23-62f4-462e-8c02-764c910075ab', true, '2024-12-21 13:25:41.033461+00', '2024-12-21 13:26:36.5286+00', '6vZitJ5RQHW_7OHJK0dnhQ', '82ed7e9b-97d4-4beb-a3df-2fcd5c3a600e'),
	('00000000-0000-0000-0000-000000000000', 227, 'bLOjMVqA_1vxQEd-3Eab1Q', '1d56fb23-62f4-462e-8c02-764c910075ab', true, '2024-12-22 06:41:50.502389+00', '2024-12-22 06:42:31.531192+00', 'df7NhYeCv-ErJNomPrXzrA', '82ed7e9b-97d4-4beb-a3df-2fcd5c3a600e'),
	('00000000-0000-0000-0000-000000000000', 228, 'ypdkW1FPlJEAICdgW0Oy-g', '1d56fb23-62f4-462e-8c02-764c910075ab', true, '2024-12-22 06:42:31.531569+00', '2024-12-22 09:01:23.130766+00', 'bLOjMVqA_1vxQEd-3Eab1Q', '82ed7e9b-97d4-4beb-a3df-2fcd5c3a600e'),
	('00000000-0000-0000-0000-000000000000', 229, 'AAkmBe6cYxaXPIE5NJGRLg', '1d56fb23-62f4-462e-8c02-764c910075ab', true, '2024-12-22 09:01:23.131602+00', '2024-12-22 09:05:37.099218+00', 'ypdkW1FPlJEAICdgW0Oy-g', '82ed7e9b-97d4-4beb-a3df-2fcd5c3a600e'),
	('00000000-0000-0000-0000-000000000000', 230, 'qumb1c5vuXQC3CoFpNVTeg', '1d56fb23-62f4-462e-8c02-764c910075ab', true, '2024-12-22 09:05:37.09971+00', '2024-12-22 09:08:10.569887+00', 'AAkmBe6cYxaXPIE5NJGRLg', '82ed7e9b-97d4-4beb-a3df-2fcd5c3a600e'),
	('00000000-0000-0000-0000-000000000000', 231, 'hLxKSZ5M0ER0Ngw8JRla8A', '1d56fb23-62f4-462e-8c02-764c910075ab', true, '2024-12-22 09:08:10.570349+00', '2024-12-22 09:09:38.667458+00', 'qumb1c5vuXQC3CoFpNVTeg', '82ed7e9b-97d4-4beb-a3df-2fcd5c3a600e'),
	('00000000-0000-0000-0000-000000000000', 232, 'xJfkz8qm76atn7QhEyCh6A', '1d56fb23-62f4-462e-8c02-764c910075ab', true, '2024-12-22 09:09:38.668015+00', '2024-12-22 09:10:43.041769+00', 'hLxKSZ5M0ER0Ngw8JRla8A', '82ed7e9b-97d4-4beb-a3df-2fcd5c3a600e'),
	('00000000-0000-0000-0000-000000000000', 233, '_gvWmEEVUClWDvX1FQhrAw', '1d56fb23-62f4-462e-8c02-764c910075ab', true, '2024-12-22 09:10:43.042213+00', '2024-12-22 09:11:20.273365+00', 'xJfkz8qm76atn7QhEyCh6A', '82ed7e9b-97d4-4beb-a3df-2fcd5c3a600e'),
	('00000000-0000-0000-0000-000000000000', 234, '5AMsIcc6-_fBy8vWbx3_5g', '1d56fb23-62f4-462e-8c02-764c910075ab', true, '2024-12-22 09:11:20.273893+00', '2024-12-22 09:21:25.690599+00', '_gvWmEEVUClWDvX1FQhrAw', '82ed7e9b-97d4-4beb-a3df-2fcd5c3a600e'),
	('00000000-0000-0000-0000-000000000000', 235, 'h9JqPQa2uzN60v44wafQ1g', '1d56fb23-62f4-462e-8c02-764c910075ab', true, '2024-12-22 09:21:25.691104+00', '2024-12-22 09:21:55.202331+00', '5AMsIcc6-_fBy8vWbx3_5g', '82ed7e9b-97d4-4beb-a3df-2fcd5c3a600e'),
	('00000000-0000-0000-0000-000000000000', 236, 'CqetuGlduxWX86yCE8JPaw', '1d56fb23-62f4-462e-8c02-764c910075ab', true, '2024-12-22 09:21:55.20263+00', '2024-12-22 09:22:43.479406+00', 'h9JqPQa2uzN60v44wafQ1g', '82ed7e9b-97d4-4beb-a3df-2fcd5c3a600e'),
	('00000000-0000-0000-0000-000000000000', 237, 'Afx3idTVWqcZoCkJ3TFk7A', '1d56fb23-62f4-462e-8c02-764c910075ab', true, '2024-12-22 09:22:43.47967+00', '2024-12-22 09:23:01.628931+00', 'CqetuGlduxWX86yCE8JPaw', '82ed7e9b-97d4-4beb-a3df-2fcd5c3a600e'),
	('00000000-0000-0000-0000-000000000000', 238, '4KIwWvGTn0kI3md-ViiAkw', '1d56fb23-62f4-462e-8c02-764c910075ab', true, '2024-12-22 09:23:01.629295+00', '2024-12-22 09:23:27.504436+00', 'Afx3idTVWqcZoCkJ3TFk7A', '82ed7e9b-97d4-4beb-a3df-2fcd5c3a600e'),
	('00000000-0000-0000-0000-000000000000', 239, 'Vizh3u7Es3xP7yIEvIjPhQ', '1d56fb23-62f4-462e-8c02-764c910075ab', true, '2024-12-22 09:23:27.504757+00', '2024-12-22 09:25:59.589204+00', '4KIwWvGTn0kI3md-ViiAkw', '82ed7e9b-97d4-4beb-a3df-2fcd5c3a600e'),
	('00000000-0000-0000-0000-000000000000', 240, 'P9zYM4witRb2LbOV0gEL1w', '1d56fb23-62f4-462e-8c02-764c910075ab', true, '2024-12-22 09:25:59.5897+00', '2024-12-22 09:32:32.623101+00', 'Vizh3u7Es3xP7yIEvIjPhQ', '82ed7e9b-97d4-4beb-a3df-2fcd5c3a600e'),
	('00000000-0000-0000-0000-000000000000', 241, 'syhcmzZnTjs7TYR90V9UWA', '1d56fb23-62f4-462e-8c02-764c910075ab', true, '2024-12-22 09:32:32.623694+00', '2024-12-22 09:33:22.458273+00', 'P9zYM4witRb2LbOV0gEL1w', '82ed7e9b-97d4-4beb-a3df-2fcd5c3a600e'),
	('00000000-0000-0000-0000-000000000000', 242, 'DIoQYtAd67YiFyaqv1QjGg', '1d56fb23-62f4-462e-8c02-764c910075ab', true, '2024-12-22 09:33:22.458616+00', '2024-12-22 09:33:53.944746+00', 'syhcmzZnTjs7TYR90V9UWA', '82ed7e9b-97d4-4beb-a3df-2fcd5c3a600e'),
	('00000000-0000-0000-0000-000000000000', 243, 'POIInLbso1zt9-DXyuO9ag', '1d56fb23-62f4-462e-8c02-764c910075ab', true, '2024-12-22 09:33:53.945116+00', '2024-12-22 09:34:31.478044+00', 'DIoQYtAd67YiFyaqv1QjGg', '82ed7e9b-97d4-4beb-a3df-2fcd5c3a600e'),
	('00000000-0000-0000-0000-000000000000', 244, 'd7Bi7lTixwmLXjuxpEhkTg', '1d56fb23-62f4-462e-8c02-764c910075ab', true, '2024-12-22 09:34:31.478484+00', '2024-12-22 09:34:53.867851+00', 'POIInLbso1zt9-DXyuO9ag', '82ed7e9b-97d4-4beb-a3df-2fcd5c3a600e'),
	('00000000-0000-0000-0000-000000000000', 245, 'fTDl51Ln8-9igbMWttfVFQ', '1d56fb23-62f4-462e-8c02-764c910075ab', true, '2024-12-22 09:34:53.868108+00', '2024-12-22 09:35:22.567934+00', 'd7Bi7lTixwmLXjuxpEhkTg', '82ed7e9b-97d4-4beb-a3df-2fcd5c3a600e'),
	('00000000-0000-0000-0000-000000000000', 246, '6au2oyZaB0PxKvJU9EPjmQ', '1d56fb23-62f4-462e-8c02-764c910075ab', true, '2024-12-22 09:35:22.568278+00', '2024-12-22 09:35:43.478659+00', 'fTDl51Ln8-9igbMWttfVFQ', '82ed7e9b-97d4-4beb-a3df-2fcd5c3a600e'),
	('00000000-0000-0000-0000-000000000000', 247, 'lwZCmLD90x_NYV7z8OcjGQ', '1d56fb23-62f4-462e-8c02-764c910075ab', true, '2024-12-22 09:35:43.478887+00', '2024-12-22 09:48:47.531311+00', '6au2oyZaB0PxKvJU9EPjmQ', '82ed7e9b-97d4-4beb-a3df-2fcd5c3a600e'),
	('00000000-0000-0000-0000-000000000000', 248, 'rIfulCVYbYszVe097_088Q', '1d56fb23-62f4-462e-8c02-764c910075ab', true, '2024-12-22 09:48:47.531831+00', '2024-12-22 09:49:18.79884+00', 'lwZCmLD90x_NYV7z8OcjGQ', '82ed7e9b-97d4-4beb-a3df-2fcd5c3a600e'),
	('00000000-0000-0000-0000-000000000000', 249, 'ESLpZIbO6RIIhl_FB0OPfQ', '1d56fb23-62f4-462e-8c02-764c910075ab', true, '2024-12-22 09:49:18.799196+00', '2024-12-22 09:51:24.742667+00', 'rIfulCVYbYszVe097_088Q', '82ed7e9b-97d4-4beb-a3df-2fcd5c3a600e'),
	('00000000-0000-0000-0000-000000000000', 250, 'u8_FIIaS2nx53Pz52K_Cqg', '1d56fb23-62f4-462e-8c02-764c910075ab', true, '2024-12-22 09:51:24.743221+00', '2024-12-22 09:52:18.581085+00', 'ESLpZIbO6RIIhl_FB0OPfQ', '82ed7e9b-97d4-4beb-a3df-2fcd5c3a600e'),
	('00000000-0000-0000-0000-000000000000', 251, 'S1Wzurx1JvoRITcwJqKlXA', '1d56fb23-62f4-462e-8c02-764c910075ab', true, '2024-12-22 09:52:18.581465+00', '2024-12-22 09:53:23.622456+00', 'u8_FIIaS2nx53Pz52K_Cqg', '82ed7e9b-97d4-4beb-a3df-2fcd5c3a600e'),
	('00000000-0000-0000-0000-000000000000', 252, 'KJOqSh7BJJBxUCsFMPMz3A', '1d56fb23-62f4-462e-8c02-764c910075ab', true, '2024-12-22 09:53:23.623132+00', '2024-12-22 09:54:11.620884+00', 'S1Wzurx1JvoRITcwJqKlXA', '82ed7e9b-97d4-4beb-a3df-2fcd5c3a600e'),
	('00000000-0000-0000-0000-000000000000', 253, 'j41YCXJtSo7IDFLjZNbM_A', '1d56fb23-62f4-462e-8c02-764c910075ab', true, '2024-12-22 09:54:11.62121+00', '2024-12-22 09:55:50.44905+00', 'KJOqSh7BJJBxUCsFMPMz3A', '82ed7e9b-97d4-4beb-a3df-2fcd5c3a600e'),
	('00000000-0000-0000-0000-000000000000', 254, '9Hha_Glq2KyN4Hn5uYeEHQ', '1d56fb23-62f4-462e-8c02-764c910075ab', true, '2024-12-22 09:55:50.449591+00', '2024-12-22 09:57:27.376743+00', 'j41YCXJtSo7IDFLjZNbM_A', '82ed7e9b-97d4-4beb-a3df-2fcd5c3a600e'),
	('00000000-0000-0000-0000-000000000000', 255, '0rTcmrmMZMLcxs7oiaIyGA', '1d56fb23-62f4-462e-8c02-764c910075ab', true, '2024-12-22 09:57:27.377291+00', '2024-12-22 09:58:25.964886+00', '9Hha_Glq2KyN4Hn5uYeEHQ', '82ed7e9b-97d4-4beb-a3df-2fcd5c3a600e'),
	('00000000-0000-0000-0000-000000000000', 256, 'ADzC920k8e19SaBe_KCXCA', '1d56fb23-62f4-462e-8c02-764c910075ab', true, '2024-12-22 09:58:25.965253+00', '2024-12-22 10:05:13.267712+00', '0rTcmrmMZMLcxs7oiaIyGA', '82ed7e9b-97d4-4beb-a3df-2fcd5c3a600e'),
	('00000000-0000-0000-0000-000000000000', 257, 'gNArK0avwhEndgjd7OAWBg', '1d56fb23-62f4-462e-8c02-764c910075ab', true, '2024-12-22 10:05:13.268242+00', '2024-12-22 10:05:36.481232+00', 'ADzC920k8e19SaBe_KCXCA', '82ed7e9b-97d4-4beb-a3df-2fcd5c3a600e'),
	('00000000-0000-0000-0000-000000000000', 258, '_JGHVH8zqrcWlMX1-p-ojQ', '1d56fb23-62f4-462e-8c02-764c910075ab', true, '2024-12-22 10:05:36.481598+00', '2024-12-22 10:06:14.602238+00', 'gNArK0avwhEndgjd7OAWBg', '82ed7e9b-97d4-4beb-a3df-2fcd5c3a600e'),
	('00000000-0000-0000-0000-000000000000', 259, 'VKf3YyPkIVsFSQhTg6OvbA', '1d56fb23-62f4-462e-8c02-764c910075ab', true, '2024-12-22 10:06:14.602669+00', '2024-12-22 10:07:19.427128+00', '_JGHVH8zqrcWlMX1-p-ojQ', '82ed7e9b-97d4-4beb-a3df-2fcd5c3a600e'),
	('00000000-0000-0000-0000-000000000000', 260, 'EBn43-a6_MKaO3OaykzNIg', '1d56fb23-62f4-462e-8c02-764c910075ab', true, '2024-12-22 10:07:19.427837+00', '2024-12-22 10:09:17.523147+00', 'VKf3YyPkIVsFSQhTg6OvbA', '82ed7e9b-97d4-4beb-a3df-2fcd5c3a600e'),
	('00000000-0000-0000-0000-000000000000', 261, '83kzPzLniOYBMwJl6WSd0Q', '1d56fb23-62f4-462e-8c02-764c910075ab', true, '2024-12-22 10:09:17.523733+00', '2024-12-22 10:11:47.04364+00', 'EBn43-a6_MKaO3OaykzNIg', '82ed7e9b-97d4-4beb-a3df-2fcd5c3a600e'),
	('00000000-0000-0000-0000-000000000000', 262, 'pZQIAqcvyB5XY7pi4STUYg', '1d56fb23-62f4-462e-8c02-764c910075ab', true, '2024-12-22 10:11:47.044236+00', '2024-12-22 10:20:39.529889+00', '83kzPzLniOYBMwJl6WSd0Q', '82ed7e9b-97d4-4beb-a3df-2fcd5c3a600e'),
	('00000000-0000-0000-0000-000000000000', 263, 'wAkbYO8O41Rt7NGyAieNxQ', '1d56fb23-62f4-462e-8c02-764c910075ab', true, '2024-12-22 10:20:39.530372+00', '2024-12-22 10:21:53.411076+00', 'pZQIAqcvyB5XY7pi4STUYg', '82ed7e9b-97d4-4beb-a3df-2fcd5c3a600e'),
	('00000000-0000-0000-0000-000000000000', 264, 'd7srT3wJKsgMlxE2LoFXMA', '1d56fb23-62f4-462e-8c02-764c910075ab', true, '2024-12-22 10:21:53.411727+00', '2024-12-22 10:25:57.298429+00', 'wAkbYO8O41Rt7NGyAieNxQ', '82ed7e9b-97d4-4beb-a3df-2fcd5c3a600e'),
	('00000000-0000-0000-0000-000000000000', 265, 'fFzlWNLl5DVgRrB79w7QJA', '1d56fb23-62f4-462e-8c02-764c910075ab', true, '2024-12-22 10:25:57.299028+00', '2024-12-22 10:26:59.805079+00', 'd7srT3wJKsgMlxE2LoFXMA', '82ed7e9b-97d4-4beb-a3df-2fcd5c3a600e'),
	('00000000-0000-0000-0000-000000000000', 266, '4oIKcFS3DG3-K54PZx7Zgw', '1d56fb23-62f4-462e-8c02-764c910075ab', true, '2024-12-22 10:26:59.805871+00', '2024-12-22 10:27:33.0057+00', 'fFzlWNLl5DVgRrB79w7QJA', '82ed7e9b-97d4-4beb-a3df-2fcd5c3a600e'),
	('00000000-0000-0000-0000-000000000000', 267, 'JG8BspdPURfI66INC0dr9Q', '1d56fb23-62f4-462e-8c02-764c910075ab', true, '2024-12-22 10:27:33.006117+00', '2024-12-22 10:28:29.200666+00', '4oIKcFS3DG3-K54PZx7Zgw', '82ed7e9b-97d4-4beb-a3df-2fcd5c3a600e'),
	('00000000-0000-0000-0000-000000000000', 268, 'QZX6L_QFUuwiuScIgQ-yRw', '1d56fb23-62f4-462e-8c02-764c910075ab', true, '2024-12-22 10:28:29.201011+00', '2024-12-22 10:29:37.17755+00', 'JG8BspdPURfI66INC0dr9Q', '82ed7e9b-97d4-4beb-a3df-2fcd5c3a600e'),
	('00000000-0000-0000-0000-000000000000', 269, 'jQbcSryc45UK32x_YcuJAA', '1d56fb23-62f4-462e-8c02-764c910075ab', true, '2024-12-22 10:29:37.17828+00', '2024-12-22 10:30:24.570864+00', 'QZX6L_QFUuwiuScIgQ-yRw', '82ed7e9b-97d4-4beb-a3df-2fcd5c3a600e'),
	('00000000-0000-0000-0000-000000000000', 270, 'p_tj66NwWhM00t84vtthAw', '1d56fb23-62f4-462e-8c02-764c910075ab', true, '2024-12-22 10:30:24.571138+00', '2024-12-22 10:32:31.468623+00', 'jQbcSryc45UK32x_YcuJAA', '82ed7e9b-97d4-4beb-a3df-2fcd5c3a600e'),
	('00000000-0000-0000-0000-000000000000', 271, 'kkIFO4nX3WpAyROPHxGcaQ', '1d56fb23-62f4-462e-8c02-764c910075ab', true, '2024-12-22 10:32:31.469134+00', '2024-12-22 10:33:52.452694+00', 'p_tj66NwWhM00t84vtthAw', '82ed7e9b-97d4-4beb-a3df-2fcd5c3a600e'),
	('00000000-0000-0000-0000-000000000000', 272, 'tWmgLux7qElvpsQqx3Rvrw', '1d56fb23-62f4-462e-8c02-764c910075ab', true, '2024-12-22 10:33:52.45332+00', '2024-12-22 10:34:38.165516+00', 'kkIFO4nX3WpAyROPHxGcaQ', '82ed7e9b-97d4-4beb-a3df-2fcd5c3a600e'),
	('00000000-0000-0000-0000-000000000000', 273, 'eu-fiE9gapaG9WTH5GwYCQ', '1d56fb23-62f4-462e-8c02-764c910075ab', true, '2024-12-22 10:34:38.166005+00', '2024-12-22 10:35:15.899635+00', 'tWmgLux7qElvpsQqx3Rvrw', '82ed7e9b-97d4-4beb-a3df-2fcd5c3a600e'),
	('00000000-0000-0000-0000-000000000000', 274, '7fmeSIlrn5DMGU_CBQ3M0A', '1d56fb23-62f4-462e-8c02-764c910075ab', true, '2024-12-22 10:35:15.899972+00', '2024-12-23 12:56:49.095964+00', 'eu-fiE9gapaG9WTH5GwYCQ', '82ed7e9b-97d4-4beb-a3df-2fcd5c3a600e'),
	('00000000-0000-0000-0000-000000000000', 276, 'FSTGvf3mt7lufUY4WSSPzw', '1d56fb23-62f4-462e-8c02-764c910075ab', true, '2024-12-23 12:56:49.09675+00', '2024-12-23 13:16:29.582365+00', '7fmeSIlrn5DMGU_CBQ3M0A', '82ed7e9b-97d4-4beb-a3df-2fcd5c3a600e'),
	('00000000-0000-0000-0000-000000000000', 277, 'RDXexSoh1yPB4HO8zQj8SA', '1d56fb23-62f4-462e-8c02-764c910075ab', true, '2024-12-23 13:16:29.582932+00', '2024-12-23 13:39:40.954476+00', 'FSTGvf3mt7lufUY4WSSPzw', '82ed7e9b-97d4-4beb-a3df-2fcd5c3a600e'),
	('00000000-0000-0000-0000-000000000000', 278, 'C4gedwF1MrBNB-3VJNGgXQ', '1d56fb23-62f4-462e-8c02-764c910075ab', true, '2024-12-23 13:39:40.955119+00', '2024-12-23 13:40:17.71414+00', 'RDXexSoh1yPB4HO8zQj8SA', '82ed7e9b-97d4-4beb-a3df-2fcd5c3a600e'),
	('00000000-0000-0000-0000-000000000000', 279, 'pI0Fn39GHba4p8U4tqxpTQ', '1d56fb23-62f4-462e-8c02-764c910075ab', true, '2024-12-23 13:40:17.714634+00', '2024-12-23 14:39:47.169264+00', 'C4gedwF1MrBNB-3VJNGgXQ', '82ed7e9b-97d4-4beb-a3df-2fcd5c3a600e'),
	('00000000-0000-0000-0000-000000000000', 280, 'QM_FmgaGF6LaPO-XKMkCGg', '1d56fb23-62f4-462e-8c02-764c910075ab', true, '2024-12-23 14:39:47.169815+00', '2024-12-23 15:15:12.246989+00', 'pI0Fn39GHba4p8U4tqxpTQ', '82ed7e9b-97d4-4beb-a3df-2fcd5c3a600e'),
	('00000000-0000-0000-0000-000000000000', 281, '5mZ9GuyiLM9LjoX3pdNxuA', '1d56fb23-62f4-462e-8c02-764c910075ab', true, '2024-12-23 15:15:12.247467+00', '2024-12-23 15:16:52.778216+00', 'QM_FmgaGF6LaPO-XKMkCGg', '82ed7e9b-97d4-4beb-a3df-2fcd5c3a600e'),
	('00000000-0000-0000-0000-000000000000', 282, 'dcdDFATjg0oAIKdvcmXCMw', '1d56fb23-62f4-462e-8c02-764c910075ab', true, '2024-12-23 15:16:52.778677+00', '2024-12-23 15:17:02.829399+00', '5mZ9GuyiLM9LjoX3pdNxuA', '82ed7e9b-97d4-4beb-a3df-2fcd5c3a600e'),
	('00000000-0000-0000-0000-000000000000', 283, '0XE2R_BHqkGEX5Gups_JOQ', '1d56fb23-62f4-462e-8c02-764c910075ab', true, '2024-12-23 15:17:02.829707+00', '2024-12-23 15:17:32.880428+00', 'dcdDFATjg0oAIKdvcmXCMw', '82ed7e9b-97d4-4beb-a3df-2fcd5c3a600e'),
	('00000000-0000-0000-0000-000000000000', 284, 'X0mX0boBufcjegNHZ8fYsw', '1d56fb23-62f4-462e-8c02-764c910075ab', true, '2024-12-23 15:17:32.880899+00', '2024-12-23 15:18:18.415212+00', '0XE2R_BHqkGEX5Gups_JOQ', '82ed7e9b-97d4-4beb-a3df-2fcd5c3a600e'),
	('00000000-0000-0000-0000-000000000000', 285, 'oxKqO-ow5DPbHlaPoKJN3Q', '1d56fb23-62f4-462e-8c02-764c910075ab', true, '2024-12-23 15:18:18.415593+00', '2024-12-23 15:21:22.813975+00', 'X0mX0boBufcjegNHZ8fYsw', '82ed7e9b-97d4-4beb-a3df-2fcd5c3a600e'),
	('00000000-0000-0000-0000-000000000000', 286, '5ueCbbrwWK55w7xI0KDIqw', '1d56fb23-62f4-462e-8c02-764c910075ab', true, '2024-12-23 15:21:22.814472+00', '2024-12-23 15:23:52.003596+00', 'oxKqO-ow5DPbHlaPoKJN3Q', '82ed7e9b-97d4-4beb-a3df-2fcd5c3a600e'),
	('00000000-0000-0000-0000-000000000000', 287, 'JtuwfPKcyGRluvY9LF4AbQ', '1d56fb23-62f4-462e-8c02-764c910075ab', true, '2024-12-23 15:23:52.0041+00', '2024-12-23 15:24:11.08042+00', '5ueCbbrwWK55w7xI0KDIqw', '82ed7e9b-97d4-4beb-a3df-2fcd5c3a600e'),
	('00000000-0000-0000-0000-000000000000', 288, 'A6V1RK8BJtmnKnQUEYBE4A', '1d56fb23-62f4-462e-8c02-764c910075ab', true, '2024-12-23 15:24:11.08077+00', '2024-12-23 15:24:36.789379+00', 'JtuwfPKcyGRluvY9LF4AbQ', '82ed7e9b-97d4-4beb-a3df-2fcd5c3a600e'),
	('00000000-0000-0000-0000-000000000000', 289, 'YdMmonTQqT8FrO_jmcocmw', '1d56fb23-62f4-462e-8c02-764c910075ab', true, '2024-12-23 15:24:36.789663+00', '2024-12-23 15:25:15.66243+00', 'A6V1RK8BJtmnKnQUEYBE4A', '82ed7e9b-97d4-4beb-a3df-2fcd5c3a600e'),
	('00000000-0000-0000-0000-000000000000', 290, 'PTu1X1Dpbz8_Fb5joGJhMA', '1d56fb23-62f4-462e-8c02-764c910075ab', true, '2024-12-23 15:25:15.66279+00', '2024-12-23 15:27:11.525639+00', 'YdMmonTQqT8FrO_jmcocmw', '82ed7e9b-97d4-4beb-a3df-2fcd5c3a600e'),
	('00000000-0000-0000-0000-000000000000', 291, 'FTWjsZS-G8r_H8XQ3Su6Kw', '1d56fb23-62f4-462e-8c02-764c910075ab', true, '2024-12-23 15:27:11.526379+00', '2024-12-23 15:27:46.523663+00', 'PTu1X1Dpbz8_Fb5joGJhMA', '82ed7e9b-97d4-4beb-a3df-2fcd5c3a600e'),
	('00000000-0000-0000-0000-000000000000', 292, 'v59Aq4Z05vjOSbnzcnPGug', '1d56fb23-62f4-462e-8c02-764c910075ab', true, '2024-12-23 15:27:46.524052+00', '2024-12-23 15:49:44.360146+00', 'FTWjsZS-G8r_H8XQ3Su6Kw', '82ed7e9b-97d4-4beb-a3df-2fcd5c3a600e'),
	('00000000-0000-0000-0000-000000000000', 293, 'YHfMkg-EApO1SdHzFLnzSg', '1d56fb23-62f4-462e-8c02-764c910075ab', true, '2024-12-23 15:49:44.360702+00', '2024-12-23 15:50:49.381714+00', 'v59Aq4Z05vjOSbnzcnPGug', '82ed7e9b-97d4-4beb-a3df-2fcd5c3a600e'),
	('00000000-0000-0000-0000-000000000000', 294, '02ndh4qVaf2GU1M9z31aSg', '1d56fb23-62f4-462e-8c02-764c910075ab', true, '2024-12-23 15:50:49.382368+00', '2024-12-23 15:51:22.733608+00', 'YHfMkg-EApO1SdHzFLnzSg', '82ed7e9b-97d4-4beb-a3df-2fcd5c3a600e'),
	('00000000-0000-0000-0000-000000000000', 295, 'UA4bc3NEFzFXE3-eS_vrpQ', '1d56fb23-62f4-462e-8c02-764c910075ab', true, '2024-12-23 15:51:22.735165+00', '2024-12-23 15:52:20.246938+00', '02ndh4qVaf2GU1M9z31aSg', '82ed7e9b-97d4-4beb-a3df-2fcd5c3a600e'),
	('00000000-0000-0000-0000-000000000000', 296, 'EkuwWD-NyR5hzNNz0gXSRQ', '1d56fb23-62f4-462e-8c02-764c910075ab', true, '2024-12-23 15:52:20.247418+00', '2024-12-23 15:52:49.32552+00', 'UA4bc3NEFzFXE3-eS_vrpQ', '82ed7e9b-97d4-4beb-a3df-2fcd5c3a600e'),
	('00000000-0000-0000-0000-000000000000', 297, 'mmdkUtjQ3QnWT0sts1HqOg', '1d56fb23-62f4-462e-8c02-764c910075ab', true, '2024-12-23 15:52:49.325874+00', '2024-12-23 15:53:22.871884+00', 'EkuwWD-NyR5hzNNz0gXSRQ', '82ed7e9b-97d4-4beb-a3df-2fcd5c3a600e'),
	('00000000-0000-0000-0000-000000000000', 298, 'tbSwk2FwfYbPGuNXkgVFHg', '1d56fb23-62f4-462e-8c02-764c910075ab', true, '2024-12-23 15:53:22.872257+00', '2024-12-23 15:58:04.820015+00', 'mmdkUtjQ3QnWT0sts1HqOg', '82ed7e9b-97d4-4beb-a3df-2fcd5c3a600e'),
	('00000000-0000-0000-0000-000000000000', 299, 'fRGiI3863cTH9IUbUznRRQ', '1d56fb23-62f4-462e-8c02-764c910075ab', true, '2024-12-23 15:58:04.820609+00', '2024-12-23 15:59:01.678209+00', 'tbSwk2FwfYbPGuNXkgVFHg', '82ed7e9b-97d4-4beb-a3df-2fcd5c3a600e'),
	('00000000-0000-0000-0000-000000000000', 300, '_RnZGa5kZiUIcnurqygqiw', '1d56fb23-62f4-462e-8c02-764c910075ab', true, '2024-12-23 15:59:01.678614+00', '2024-12-23 16:02:40.802696+00', 'fRGiI3863cTH9IUbUznRRQ', '82ed7e9b-97d4-4beb-a3df-2fcd5c3a600e'),
	('00000000-0000-0000-0000-000000000000', 301, 'S3GX7DvAIXiitkzsbKoITA', '1d56fb23-62f4-462e-8c02-764c910075ab', true, '2024-12-23 16:02:40.803237+00', '2024-12-23 17:02:10.180684+00', '_RnZGa5kZiUIcnurqygqiw', '82ed7e9b-97d4-4beb-a3df-2fcd5c3a600e'),
	('00000000-0000-0000-0000-000000000000', 302, 'jz03bvUdmKNDUiS0Bcrr5Q', '1d56fb23-62f4-462e-8c02-764c910075ab', true, '2024-12-23 17:02:10.181478+00', '2024-12-23 18:01:40.146853+00', 'S3GX7DvAIXiitkzsbKoITA', '82ed7e9b-97d4-4beb-a3df-2fcd5c3a600e'),
	('00000000-0000-0000-0000-000000000000', 303, 'PHR1308u5KPPW4sqCibd4w', '1d56fb23-62f4-462e-8c02-764c910075ab', true, '2024-12-23 18:01:40.147624+00', '2024-12-23 19:01:10.136891+00', 'jz03bvUdmKNDUiS0Bcrr5Q', '82ed7e9b-97d4-4beb-a3df-2fcd5c3a600e'),
	('00000000-0000-0000-0000-000000000000', 304, 'TCb6k7Ror0HQ79U4RtQvgA', '1d56fb23-62f4-462e-8c02-764c910075ab', true, '2024-12-23 19:01:10.137596+00', '2024-12-24 05:38:16.108494+00', 'PHR1308u5KPPW4sqCibd4w', '82ed7e9b-97d4-4beb-a3df-2fcd5c3a600e'),
	('00000000-0000-0000-0000-000000000000', 305, 'CkEYtwViuvd0-PwaRG0NUg', '1d56fb23-62f4-462e-8c02-764c910075ab', true, '2024-12-24 05:38:16.109114+00', '2024-12-24 06:37:46.093791+00', 'TCb6k7Ror0HQ79U4RtQvgA', '82ed7e9b-97d4-4beb-a3df-2fcd5c3a600e'),
	('00000000-0000-0000-0000-000000000000', 308, 'mDbP5Hnvp9XXkATJi1WiSQ', '1d56fb23-62f4-462e-8c02-764c910075ab', true, '2024-12-24 07:38:46.023027+00', '2024-12-24 07:45:02.744424+00', 'cqgLpSmGMNy6hVaACHq0ug', '82ed7e9b-97d4-4beb-a3df-2fcd5c3a600e'),
	('00000000-0000-0000-0000-000000000000', 306, 'vAu7Bkdxo3O6IfCQFS18Dg', '1d56fb23-62f4-462e-8c02-764c910075ab', true, '2024-12-24 06:37:46.094933+00', '2024-12-24 07:37:16.028461+00', 'CkEYtwViuvd0-PwaRG0NUg', '82ed7e9b-97d4-4beb-a3df-2fcd5c3a600e'),
	('00000000-0000-0000-0000-000000000000', 310, 'Ldt-lEFohFKoctKOgRaVyg', '1d56fb23-62f4-462e-8c02-764c910075ab', true, '2024-12-24 07:50:11.755635+00', '2024-12-24 07:54:50.146184+00', 'N9shentilATkdQeumE39Xg', '82ed7e9b-97d4-4beb-a3df-2fcd5c3a600e'),
	('00000000-0000-0000-0000-000000000000', 307, 'cqgLpSmGMNy6hVaACHq0ug', '1d56fb23-62f4-462e-8c02-764c910075ab', true, '2024-12-24 07:37:16.029269+00', '2024-12-24 07:38:46.022375+00', 'vAu7Bkdxo3O6IfCQFS18Dg', '82ed7e9b-97d4-4beb-a3df-2fcd5c3a600e'),
	('00000000-0000-0000-0000-000000000000', 311, 'WSIfjjaTCYbNC1J_22s-ug', '1d56fb23-62f4-462e-8c02-764c910075ab', true, '2024-12-24 07:54:50.146739+00', '2024-12-24 09:09:34.136748+00', 'Ldt-lEFohFKoctKOgRaVyg', '82ed7e9b-97d4-4beb-a3df-2fcd5c3a600e'),
	('00000000-0000-0000-0000-000000000000', 312, 'R2ZTLEZtvq7lFG4fJGcKXA', '1d56fb23-62f4-462e-8c02-764c910075ab', true, '2024-12-24 09:09:34.137604+00', '2024-12-24 09:24:48.622402+00', 'WSIfjjaTCYbNC1J_22s-ug', '82ed7e9b-97d4-4beb-a3df-2fcd5c3a600e'),
	('00000000-0000-0000-0000-000000000000', 313, '-qPdgs5g0l5IQo52OuicBg', '1d56fb23-62f4-462e-8c02-764c910075ab', true, '2024-12-24 09:24:48.623105+00', '2024-12-24 09:33:29.095268+00', 'R2ZTLEZtvq7lFG4fJGcKXA', '82ed7e9b-97d4-4beb-a3df-2fcd5c3a600e'),
	('00000000-0000-0000-0000-000000000000', 314, 'bsWL85WLXJrezbpVs2qVTg', '1d56fb23-62f4-462e-8c02-764c910075ab', true, '2024-12-24 09:33:29.095787+00', '2024-12-24 09:37:39.035301+00', '-qPdgs5g0l5IQo52OuicBg', '82ed7e9b-97d4-4beb-a3df-2fcd5c3a600e'),
	('00000000-0000-0000-0000-000000000000', 315, 'srj8Tyt-ILCuuHW1Kdt1UQ', '1d56fb23-62f4-462e-8c02-764c910075ab', true, '2024-12-24 09:37:39.03587+00', '2024-12-24 09:49:22.454826+00', 'bsWL85WLXJrezbpVs2qVTg', '82ed7e9b-97d4-4beb-a3df-2fcd5c3a600e'),
	('00000000-0000-0000-0000-000000000000', 316, 'bEnG5ns93u-m2HqGNiJ--A', '1d56fb23-62f4-462e-8c02-764c910075ab', true, '2024-12-24 09:49:22.455578+00', '2024-12-24 10:06:28.050662+00', 'srj8Tyt-ILCuuHW1Kdt1UQ', '82ed7e9b-97d4-4beb-a3df-2fcd5c3a600e'),
	('00000000-0000-0000-0000-000000000000', 317, 'yTiIjZ4urIGm4hZYPiqSAA', '1d56fb23-62f4-462e-8c02-764c910075ab', true, '2024-12-24 10:06:28.051328+00', '2024-12-24 10:07:38.666532+00', 'bEnG5ns93u-m2HqGNiJ--A', '82ed7e9b-97d4-4beb-a3df-2fcd5c3a600e'),
	('00000000-0000-0000-0000-000000000000', 426, '2Q-EiU_OrAU1BDLLab1Kjw', '1d56fb23-62f4-462e-8c02-764c910075ab', false, '2024-12-26 16:05:04.370406+00', '2024-12-26 16:05:04.370406+00', 'TmAX_NRU9_WFjw_lWDaHEQ', '72e864a4-fd41-4288-90db-9949bb1b3395'),
	('00000000-0000-0000-0000-000000000000', 318, 'sckpImOQXhjrKr1mE68sDg', '1d56fb23-62f4-462e-8c02-764c910075ab', true, '2024-12-24 10:07:38.667005+00', '2024-12-24 10:07:51.568252+00', 'yTiIjZ4urIGm4hZYPiqSAA', '82ed7e9b-97d4-4beb-a3df-2fcd5c3a600e'),
	('00000000-0000-0000-0000-000000000000', 319, 'mUG7M8HJfFWCzn3yRIHBZA', '1d56fb23-62f4-462e-8c02-764c910075ab', true, '2024-12-24 10:07:51.568666+00', '2024-12-24 10:14:54.486512+00', 'sckpImOQXhjrKr1mE68sDg', '82ed7e9b-97d4-4beb-a3df-2fcd5c3a600e'),
	('00000000-0000-0000-0000-000000000000', 320, 'nmEYxrDTRRjDK6tBEdOhKA', '1d56fb23-62f4-462e-8c02-764c910075ab', true, '2024-12-24 10:14:54.48753+00', '2024-12-24 10:16:16.03174+00', 'mUG7M8HJfFWCzn3yRIHBZA', '82ed7e9b-97d4-4beb-a3df-2fcd5c3a600e'),
	('00000000-0000-0000-0000-000000000000', 321, 'uwjAw9vy2_p7Djt7rOCKBA', '1d56fb23-62f4-462e-8c02-764c910075ab', true, '2024-12-24 10:16:16.032208+00', '2024-12-24 10:25:22.267003+00', 'nmEYxrDTRRjDK6tBEdOhKA', '82ed7e9b-97d4-4beb-a3df-2fcd5c3a600e'),
	('00000000-0000-0000-0000-000000000000', 322, 'jOTLqr6_7anQ-k91DO9I0g', '1d56fb23-62f4-462e-8c02-764c910075ab', true, '2024-12-24 10:25:22.267587+00', '2024-12-24 10:40:37.583877+00', 'uwjAw9vy2_p7Djt7rOCKBA', '82ed7e9b-97d4-4beb-a3df-2fcd5c3a600e'),
	('00000000-0000-0000-0000-000000000000', 323, 'H21ZkVEkcX_NqiiI7vgw7w', '1d56fb23-62f4-462e-8c02-764c910075ab', true, '2024-12-24 10:40:37.584716+00', '2024-12-24 10:42:56.561881+00', 'jOTLqr6_7anQ-k91DO9I0g', '82ed7e9b-97d4-4beb-a3df-2fcd5c3a600e'),
	('00000000-0000-0000-0000-000000000000', 324, 'nOnr-sTK27KzenlHkgigkw', '1d56fb23-62f4-462e-8c02-764c910075ab', true, '2024-12-24 10:42:56.562446+00', '2024-12-24 10:48:09.50744+00', 'H21ZkVEkcX_NqiiI7vgw7w', '82ed7e9b-97d4-4beb-a3df-2fcd5c3a600e'),
	('00000000-0000-0000-0000-000000000000', 325, 'D-kuQ8W40RWcVv85SR3sBw', '1d56fb23-62f4-462e-8c02-764c910075ab', true, '2024-12-24 10:48:09.508191+00', '2024-12-24 10:53:20.281386+00', 'nOnr-sTK27KzenlHkgigkw', '82ed7e9b-97d4-4beb-a3df-2fcd5c3a600e'),
	('00000000-0000-0000-0000-000000000000', 326, '2tAq227nwLyaCF7wmXVFTw', '1d56fb23-62f4-462e-8c02-764c910075ab', true, '2024-12-24 10:53:20.281923+00', '2024-12-24 10:55:25.810803+00', 'D-kuQ8W40RWcVv85SR3sBw', '82ed7e9b-97d4-4beb-a3df-2fcd5c3a600e'),
	('00000000-0000-0000-0000-000000000000', 327, 'sFjhAtwoZ2v33eB5E_ee-g', '1d56fb23-62f4-462e-8c02-764c910075ab', false, '2024-12-24 10:55:25.811545+00', '2024-12-24 10:55:25.811545+00', '2tAq227nwLyaCF7wmXVFTw', '82ed7e9b-97d4-4beb-a3df-2fcd5c3a600e'),
	('00000000-0000-0000-0000-000000000000', 420, 'gNQYLua2yiplZJ11Q4xGNA', '1d56fb23-62f4-462e-8c02-764c910075ab', true, '2024-12-26 14:39:22.159133+00', '2024-12-26 14:39:22.492126+00', NULL, '04b753e4-fe40-498d-a49e-cf0e7a7980c1'),
	('00000000-0000-0000-0000-000000000000', 421, 'tZ2Fw6gu8IdP3lUSJTVqXw', '1d56fb23-62f4-462e-8c02-764c910075ab', true, '2024-12-26 14:39:22.492589+00', '2024-12-27 07:34:20.505199+00', 'gNQYLua2yiplZJ11Q4xGNA', '04b753e4-fe40-498d-a49e-cf0e7a7980c1'),
	('00000000-0000-0000-0000-000000000000', 427, 'wbP0Ow2fKwiTKwPL9eanMA', '1d56fb23-62f4-462e-8c02-764c910075ab', true, '2024-12-27 07:34:20.505891+00', '2024-12-27 07:36:00.62692+00', 'tZ2Fw6gu8IdP3lUSJTVqXw', '04b753e4-fe40-498d-a49e-cf0e7a7980c1');


--
-- Data for Name: sso_providers; Type: TABLE DATA; Schema: auth; Owner: supabase_auth_admin
--



--
-- Data for Name: saml_providers; Type: TABLE DATA; Schema: auth; Owner: supabase_auth_admin
--



--
-- Data for Name: saml_relay_states; Type: TABLE DATA; Schema: auth; Owner: supabase_auth_admin
--



--
-- Data for Name: sso_domains; Type: TABLE DATA; Schema: auth; Owner: supabase_auth_admin
--



--
-- Data for Name: key; Type: TABLE DATA; Schema: pgsodium; Owner: supabase_admin
--



--
-- Data for Name: businesses; Type: TABLE DATA; Schema: public; Owner: postgres
--

INSERT INTO "public"."businesses" ("id", "created_at", "name", "owner", "stripe_customer", "subscription_status", "subscription_id", "subscription_period_end") VALUES
	(1, '2024-12-24 12:57:03.737833+00', 'Beeloyal', 'dc91436a-cdf2-4bd2-8208-8b3443972808', 'cus_demo', 'active', NULL, NULL),
	(2, '2024-12-26 08:52:41.728729+00', 'Beeloyal - Katowice', 'd51170b3-31b3-4cb1-827e-8863bd3b5666', 'cus_demo_katowice', 'active', NULL, NULL);


--
-- Data for Name: locals; Type: TABLE DATA; Schema: public; Owner: postgres
--

INSERT INTO "public"."locals" ("id", "created_at", "name", "business", "logo_url", "banner_url", "short_description", "enabled") VALUES
	(232, '2024-12-24 12:57:03.737833+00', 'Cafe Warszawa', 1, 'https://images.unsplash.com/photo-1559925393-8be0ec4767c8?w=512&h=512&fit=crop', 'https://images.unsplash.com/photo-1554118811-1e0d58224f24?w=1280&h=400&fit=crop', 'Artisanal coffee & fresh pastries', true),
	(233, '2024-12-24 12:57:03.737833+00', 'Sweet Corner', 1, 'https://images.unsplash.com/photo-1578474846511-04ba529f0b88?w=512&h=512&fit=crop', 'https://images.unsplash.com/photo-1495474472287-4d71bcdd2085?w=1280&h=400&fit=crop', 'Cozy cafe with homemade desserts', true),
	(234, '2024-12-24 12:57:03.737833+00', 'Pierogi Heaven', 1, 'https://images.unsplash.com/photo-1610197361600-33a3a5073cad?w=512&h=512&fit=crop', 'https://images.unsplash.com/photo-1517248135467-4c7edcad34c4?w=1280&h=400&fit=crop', 'Traditional Polish cuisine', true),
	(235, '2024-12-24 12:57:03.737833+00', 'Pasta Paradise', 1, 'https://images.unsplash.com/photo-1621996346565-e3dbc646d9a9?w=512&h=512&fit=crop', 'https://images.unsplash.com/photo-1552566626-52f8b828add9?w=1280&h=400&fit=crop', 'Authentic Italian dishes', true),
	(236, '2024-12-24 12:57:03.737833+00', 'Classic Cuts', 1, 'https://images.unsplash.com/photo-1585747860715-2ba37e788b70?w=512&h=512&fit=crop', 'https://images.unsplash.com/photo-1621605815971-fbc98d665033?w=1280&h=400&fit=crop', 'Premium men''s grooming', true),
	(237, '2024-12-24 12:57:03.737833+00', 'Gentleman''s Barber', 1, 'https://images.unsplash.com/photo-1503951914875-452162b0f3f1?w=512&h=512&fit=crop', 'https://images.unsplash.com/photo-1622296089863-eb7fc530daa8?w=1280&h=400&fit=crop', 'Traditional barbershop experience', true),
	(238, '2024-12-24 12:57:03.737833+00', 'Hair & Beauty', 1, 'https://images.unsplash.com/photo-1560066984-138dadb4c035?w=512&h=512&fit=crop', 'https://images.unsplash.com/photo-1562322140-8baeececf3df?w=1280&h=400&fit=crop', 'Complete hair care services', true),
	(239, '2024-12-24 12:57:03.737833+00', 'Style Studio', 1, 'https://images.unsplash.com/photo-1522337360788-8b13dee7a37e?w=512&h=512&fit=crop', 'https://images.unsplash.com/photo-1560066984-138dadb4c035?w=1280&h=400&fit=crop', 'Modern hair styling', true),
	(240, '2024-12-24 12:57:03.737833+00', 'Glow Up', 1, 'https://images.unsplash.com/photo-1560750588-73207b1ef5b8?w=512&h=512&fit=crop', 'https://images.unsplash.com/photo-1607779097040-26e80aa4576b?w=1280&h=400&fit=crop', 'Professional beauty treatments', true),
	(241, '2024-12-24 12:57:03.737833+00', 'Beauty Bar', 1, 'https://images.unsplash.com/photo-1516975080664-ed2fc6a32937?w=512&h=512&fit=crop', 'https://images.unsplash.com/photo-1570172619644-dfd03ed5d881?w=1280&h=400&fit=crop', 'Premium beauty services', true),
	(242, '2024-12-24 12:57:03.737833+00', 'King Kebab', 1, 'https://images.unsplash.com/photo-1561651823-34feb02250e4?w=512&h=512&fit=crop', 'https://images.unsplash.com/photo-1530469912745-a215c6b256ea?w=1280&h=400&fit=crop', 'Authentic Turkish kebabs', true),
	(243, '2024-12-24 12:57:03.737833+00', 'Kebab Express', 1, 'https://images.unsplash.com/photo-1529006557810-274b9b2fc783?w=512&h=512&fit=crop', 'https://images.unsplash.com/photo-1542574271-7f3b92e6c821?w=1280&h=400&fit=crop', 'Quick & delicious kebabs', true),
	(244, '2024-12-24 12:57:03.737833+00', 'Fresh Bread', 1, 'https://images.unsplash.com/photo-1509440159596-0249088772ff?w=512&h=512&fit=crop', 'https://images.unsplash.com/photo-1517433670267-08bbd4be890f?w=1280&h=400&fit=crop', 'Artisanal breads & pastries', true),
	(245, '2024-12-24 12:57:03.737833+00', 'Sweet Dreams', 1, 'https://images.unsplash.com/photo-1517433670267-08bbd4be890f?w=512&h=512&fit=crop', 'https://images.unsplash.com/photo-1509440159596-0249088772ff?w=1280&h=400&fit=crop', 'Fresh baked goods daily', true),
	(246, '2024-12-24 12:57:03.737833+00', 'Sparkle Car Wash', 1, 'https://images.unsplash.com/photo-1520340356584-f9917d1eea6f?w=512&h=512&fit=crop', 'https://images.unsplash.com/photo-1520340356584-f9917d1eea6f?w=1280&h=400&fit=crop', 'Professional car cleaning', true),
	(248, '2024-12-24 12:57:03.737833+00', 'Zen Spa', 1, 'https://images.unsplash.com/photo-1544161515-4ab6ce6db874?w=512&h=512&fit=crop', 'https://images.unsplash.com/photo-1540555700478-4be289fbecef?w=1280&h=400&fit=crop', 'Relaxing spa treatments', true),
	(249, '2024-12-24 12:57:03.737833+00', 'Wellness Center', 1, 'https://images.unsplash.com/photo-1519823551278-64ac92734fb1?w=512&h=512&fit=crop', 'https://images.unsplash.com/photo-1544161515-4ab6ce6db874?w=1280&h=400&fit=crop', 'Holistic wellness services', true),
	(250, '2024-12-24 12:57:03.737833+00', 'Power Gym', 1, 'https://images.unsplash.com/photo-1534438327276-14e5300c3a48?w=512&h=512&fit=crop', 'https://images.unsplash.com/photo-1534438327276-14e5300c3a48?w=1280&h=400&fit=crop', 'Modern fitness equipment', true),
	(251, '2024-12-24 12:57:03.737833+00', 'Fitness Hub', 1, 'https://images.unsplash.com/photo-1540497077202-7c8a3999166f?w=512&h=512&fit=crop', 'https://images.unsplash.com/photo-1540497077202-7c8a3999166f?w=1280&h=400&fit=crop', 'Complete fitness solutions', true),
	(252, '2024-12-26 08:52:41.728729+00', 'Restauracja Patio Park', 2, 'https://images.unsplash.com/photo-1517248135467-4c7edcad34c4?w=512&h=512&fit=crop', 'https://images.unsplash.com/photo-1517248135467-4c7edcad34c4?w=1280&h=400&fit=crop', 'Wykwintna kuchnia w sercu Katowic', true),
	(253, '2024-12-26 08:52:41.728729+00', 'Restauracja Tatiana', 2, 'https://images.unsplash.com/photo-1514933651103-005eec06c04b?w=512&h=512&fit=crop', 'https://images.unsplash.com/photo-1514933651103-005eec06c04b?w=1280&h=400&fit=crop', 'Tradycyjna kuchnia lska', true),
	(254, '2024-12-26 08:52:41.728729+00', 'Kawiarnia Zoty Mynek', 2, 'https://images.unsplash.com/photo-1554118811-1e0d58224f24?w=512&h=512&fit=crop', 'https://images.unsplash.com/photo-1554118811-1e0d58224f24?w=1280&h=400&fit=crop', 'wieo palona kawa i domowe ciasta', true),
	(255, '2024-12-26 08:52:41.728729+00', 'Coffee Factory', 2, 'https://images.unsplash.com/photo-1495474472287-4d71bcdd2085?w=512&h=512&fit=crop', 'https://images.unsplash.com/photo-1495474472287-4d71bcdd2085?w=1280&h=400&fit=crop', 'Specialty coffee & brunch', true),
	(256, '2024-12-26 08:52:41.728729+00', 'Salon Urody Victoria', 2, 'https://images.unsplash.com/photo-1607779097040-26e80aa4576b?w=512&h=512&fit=crop', 'https://images.unsplash.com/photo-1607779097040-26e80aa4576b?w=1280&h=400&fit=crop', 'Profesjonalne zabiegi kosmetyczne', true),
	(257, '2024-12-26 08:52:41.728729+00', 'Beauty Studio Katowice', 2, 'https://images.unsplash.com/photo-1570172619644-dfd03ed5d881?w=512&h=512&fit=crop', 'https://images.unsplash.com/photo-1570172619644-dfd03ed5d881?w=1280&h=400&fit=crop', 'Kompleksowe usugi beauty', true),
	(258, '2024-12-26 08:52:41.728729+00', 'Silesia Gym', 2, 'https://images.unsplash.com/photo-1534438327276-14e5300c3a48?w=512&h=512&fit=crop', 'https://images.unsplash.com/photo-1534438327276-14e5300c3a48?w=1280&h=400&fit=crop', 'Nowoczesna siownia w centrum', true),
	(259, '2024-12-26 08:52:41.728729+00', 'Fitness Club Katowice', 2, 'https://images.unsplash.com/photo-1540497077202-7c8a3999166f?w=512&h=512&fit=crop', 'https://images.unsplash.com/photo-1540497077202-7c8a3999166f?w=1280&h=400&fit=crop', 'Treningi personalne i grupowe', true),
	(247, '2024-12-24 12:57:03.737833+00', 'Auto Spa', 1, 'https://images.unsplash.com/photo-1641494639075-5571f7ef486b?q=100&w=512&auto=format&fit=crop', 'https://images.unsplash.com/photo-1607860108855-64acf2078ed9?w=1280&h=400&fit=crop', 'Complete car care', true);


--
-- Data for Name: customers; Type: TABLE DATA; Schema: public; Owner: postgres
--

INSERT INTO "public"."customers" ("id", "created_at", "local", "account", "points", "updated_at", "phone", "points_multiplier") VALUES
	(11, '2024-12-24 13:31:55.274592+00', 234, '1d56fb23-62f4-462e-8c02-764c910075ab', 1397, '2024-12-24 13:31:55.274592+00', '48666978350', 2.15),
	(12, '2024-12-25 18:23:23.460359+00', 247, '1d56fb23-62f4-462e-8c02-764c910075ab', 0, '2024-12-25 18:23:23.460359+00', '48666978350', 2.15),
	(13, '2024-12-26 14:38:28.19075+00', 235, '1d56fb23-62f4-462e-8c02-764c910075ab', 16466, '2024-12-26 14:38:28.19075+00', '48666978350', 2.15),
	(14, '2024-12-26 15:12:59.249678+00', 232, '1d56fb23-62f4-462e-8c02-764c910075ab', 0, '2024-12-26 15:12:59.249678+00', '48666978350', 2.15),
	(15, '2024-12-27 07:42:13.185868+00', 248, '1d56fb23-62f4-462e-8c02-764c910075ab', 124, '2024-12-27 07:42:13.185868+00', '48666978350', 2.15);


--
-- Data for Name: local_cards; Type: TABLE DATA; Schema: public; Owner: postgres
--

INSERT INTO "public"."local_cards" ("id", "created_at", "name", "short_description", "description", "cost", "type", "actived_on", "expires_on", "local", "enable") VALUES
	(300, '2024-12-24 13:00:18.675055+00', 'Klub Staego Klienta', 'Zbieraj punkty i wymieniaj je na nagrody!', 'Szczegowy opis programu lojalnociowego. Zbieraj punkty i wymieniaj je na atrakcyjne nagrody!', 2205, 'points', '2024-12-24 13:00:18.675055+00', NULL, 232, true),
	(301, '2024-12-24 13:00:18.675055+00', 'Karta Staego Klienta', 'Oszczdzaj z kad wizyt', 'Szczegowy opis programu lojalnociowego. Zbieraj piecztki i wymieniaj je na atrakcyjne nagrody!', 7, 'stamps', '2024-12-24 13:00:18.675055+00', NULL, 232, true),
	(302, '2024-12-24 13:00:18.675055+00', 'Klub Staego Klienta', 'Specjalne przywileje dla staych klientw', 'Szczegowy opis programu lojalnociowego. Zbieraj piecztki i wymieniaj je na atrakcyjne nagrody!', 7, 'stamps', '2024-12-24 13:00:18.675055+00', '2025-12-24 13:00:18.675055+00', 233, true),
	(303, '2024-12-24 13:00:18.675055+00', 'Klub Staego Klienta', 'Ekskluzywne korzyci dla posiadaczy karty', 'Szczegowy opis programu lojalnociowego. Zbieraj piecztki i wymieniaj je na atrakcyjne nagrody!', 6, 'stamps', '2024-12-24 13:00:18.675055+00', NULL, 233, true),
	(304, '2024-12-24 13:00:18.675055+00', 'Lojalni Klienci', 'Twoja droga do lepszych rabatw', 'Szczegowy opis programu lojalnociowego. Zbieraj punkty i wymieniaj je na atrakcyjne nagrody!', 1777, 'points', '2024-12-24 13:00:18.675055+00', NULL, 234, true),
	(305, '2024-12-24 13:00:18.675055+00', 'Klub Staego Klienta', 'Oszczdzaj z kad wizyt', 'Szczegowy opis programu lojalnociowego. Zbieraj punkty i wymieniaj je na atrakcyjne nagrody!', 2227, 'points', '2024-12-24 13:00:18.675055+00', '2025-12-24 13:00:18.675055+00', 234, true),
	(306, '2024-12-24 13:00:18.675055+00', 'Program Premiowy', 'Twoja droga do lepszych rabatw', 'Szczegowy opis programu lojalnociowego. Zbieraj piecztki i wymieniaj je na atrakcyjne nagrody!', 6, 'stamps', '2024-12-24 13:00:18.675055+00', NULL, 235, true),
	(307, '2024-12-24 13:00:18.675055+00', 'Zota Karta', 'Zbieraj punkty i wymieniaj je na nagrody!', 'Szczegowy opis programu lojalnociowego. Zbieraj piecztki i wymieniaj je na atrakcyjne nagrody!', 8, 'stamps', '2024-12-24 13:00:18.675055+00', NULL, 235, true),
	(308, '2024-12-24 13:00:18.675055+00', 'VIP Program', 'Twoja droga do lepszych rabatw', 'Szczegowy opis programu lojalnociowego. Zbieraj piecztki i wymieniaj je na atrakcyjne nagrody!', 9, 'stamps', '2024-12-24 13:00:18.675055+00', NULL, 235, true),
	(309, '2024-12-24 13:00:18.675055+00', 'Program Lojalnociowy', 'Wicej wizyt = wicej korzyci', 'Szczegowy opis programu lojalnociowego. Zbieraj punkty i wymieniaj je na atrakcyjne nagrody!', 1567, 'points', '2024-12-24 13:00:18.675055+00', NULL, 236, true),
	(310, '2024-12-24 13:00:18.675055+00', 'Zbieraj Punkty', 'Wicej wizyt = wicej korzyci', 'Szczegowy opis programu lojalnociowego. Zbieraj punkty i wymieniaj je na atrakcyjne nagrody!', 1517, 'points', '2024-12-24 13:00:18.675055+00', NULL, 236, true),
	(311, '2024-12-24 13:00:18.675055+00', 'Karta Staego Klienta', 'Twoja droga do lepszych rabatw', 'Szczegowy opis programu lojalnociowego. Zbieraj punkty i wymieniaj je na atrakcyjne nagrody!', 754, 'points', '2024-12-24 13:00:18.675055+00', NULL, 237, true),
	(312, '2024-12-24 13:00:18.675055+00', 'Klub Staego Klienta', 'Oszczdzaj z kad wizyt', 'Szczegowy opis programu lojalnociowego. Zbieraj punkty i wymieniaj je na atrakcyjne nagrody!', 2401, 'points', '2024-12-24 13:00:18.675055+00', '2025-12-24 13:00:18.675055+00', 237, true),
	(313, '2024-12-24 13:00:18.675055+00', 'Zota Karta', 'Twoja droga do lepszych rabatw', 'Szczegowy opis programu lojalnociowego. Zbieraj punkty i wymieniaj je na atrakcyjne nagrody!', 909, 'points', '2024-12-24 13:00:18.675055+00', NULL, 238, true),
	(314, '2024-12-24 13:00:18.675055+00', 'Karta Rabatowa', 'Twoja droga do lepszych rabatw', 'Szczegowy opis programu lojalnociowego. Zbieraj punkty i wymieniaj je na atrakcyjne nagrody!', 1516, 'points', '2024-12-24 13:00:18.675055+00', NULL, 238, true),
	(315, '2024-12-24 13:00:18.675055+00', 'VIP Program', 'Zbieraj punkty i wymieniaj je na nagrody!', 'Szczegowy opis programu lojalnociowego. Zbieraj piecztki i wymieniaj je na atrakcyjne nagrody!', 4, 'stamps', '2024-12-24 13:00:18.675055+00', NULL, 238, true),
	(316, '2024-12-24 13:00:18.675055+00', 'Lojalni Klienci', 'Oszczdzaj z kad wizyt', 'Szczegowy opis programu lojalnociowego. Zbieraj piecztki i wymieniaj je na atrakcyjne nagrody!', 9, 'stamps', '2024-12-24 13:00:18.675055+00', NULL, 239, true),
	(317, '2024-12-24 13:00:18.675055+00', 'VIP Program', 'Ekskluzywne korzyci dla posiadaczy karty', 'Szczegowy opis programu lojalnociowego. Zbieraj punkty i wymieniaj je na atrakcyjne nagrody!', 2304, 'points', '2024-12-24 13:00:18.675055+00', NULL, 240, true),
	(318, '2024-12-24 13:00:18.675055+00', 'Karta Rabatowa', 'Zbieraj punkty i wymieniaj je na nagrody!', 'Szczegowy opis programu lojalnociowego. Zbieraj punkty i wymieniaj je na atrakcyjne nagrody!', 2270, 'points', '2024-12-24 13:00:18.675055+00', NULL, 240, true),
	(319, '2024-12-24 13:00:18.675055+00', 'Klub Staego Klienta', 'Zbieraj punkty i wymieniaj je na nagrody!', 'Szczegowy opis programu lojalnociowego. Zbieraj piecztki i wymieniaj je na atrakcyjne nagrody!', 8, 'stamps', '2024-12-24 13:00:18.675055+00', NULL, 240, true),
	(320, '2024-12-24 13:00:18.675055+00', 'Klub Staego Klienta', 'Twoja droga do lepszych rabatw', 'Szczegowy opis programu lojalnociowego. Zbieraj punkty i wymieniaj je na atrakcyjne nagrody!', 1235, 'points', '2024-12-24 13:00:18.675055+00', '2025-12-24 13:00:18.675055+00', 241, true),
	(321, '2024-12-24 13:00:18.675055+00', 'Zbieraj Punkty', 'Wicej wizyt = wicej korzyci', 'Szczegowy opis programu lojalnociowego. Zbieraj piecztki i wymieniaj je na atrakcyjne nagrody!', 7, 'stamps', '2024-12-24 13:00:18.675055+00', '2025-12-24 13:00:18.675055+00', 241, true),
	(322, '2024-12-24 13:00:18.675055+00', 'Zbieraj Punkty', 'Wicej wizyt = wicej korzyci', 'Szczegowy opis programu lojalnociowego. Zbieraj punkty i wymieniaj je na atrakcyjne nagrody!', 523, 'points', '2024-12-24 13:00:18.675055+00', NULL, 242, true),
	(323, '2024-12-24 13:00:18.675055+00', 'Karta Rabatowa', 'Oszczdzaj z kad wizyt', 'Szczegowy opis programu lojalnociowego. Zbieraj piecztki i wymieniaj je na atrakcyjne nagrody!', 12, 'stamps', '2024-12-24 13:00:18.675055+00', NULL, 242, true),
	(324, '2024-12-24 13:00:18.675055+00', 'Program Premiowy', 'Oszczdzaj z kad wizyt', 'Szczegowy opis programu lojalnociowego. Zbieraj punkty i wymieniaj je na atrakcyjne nagrody!', 1850, 'points', '2024-12-24 13:00:18.675055+00', '2025-12-24 13:00:18.675055+00', 243, true),
	(325, '2024-12-24 13:00:18.675055+00', 'Lojalni Klienci', 'Twoja droga do lepszych rabatw', 'Szczegowy opis programu lojalnociowego. Zbieraj piecztki i wymieniaj je na atrakcyjne nagrody!', 7, 'stamps', '2024-12-24 13:00:18.675055+00', '2025-12-24 13:00:18.675055+00', 244, true),
	(326, '2024-12-24 13:00:18.675055+00', 'Program Premiowy', 'Zbieraj punkty i wymieniaj je na nagrody!', 'Szczegowy opis programu lojalnociowego. Zbieraj punkty i wymieniaj je na atrakcyjne nagrody!', 1358, 'points', '2024-12-24 13:00:18.675055+00', '2025-12-24 13:00:18.675055+00', 244, true),
	(327, '2024-12-24 13:00:18.675055+00', 'Zbieraj Punkty', 'Ekskluzywne korzyci dla posiadaczy karty', 'Szczegowy opis programu lojalnociowego. Zbieraj punkty i wymieniaj je na atrakcyjne nagrody!', 1917, 'points', '2024-12-24 13:00:18.675055+00', '2025-12-24 13:00:18.675055+00', 245, true),
	(328, '2024-12-24 13:00:18.675055+00', 'Zota Karta', 'Zbieraj punkty i wymieniaj je na nagrody!', 'Szczegowy opis programu lojalnociowego. Zbieraj piecztki i wymieniaj je na atrakcyjne nagrody!', 7, 'stamps', '2024-12-24 13:00:18.675055+00', NULL, 245, true),
	(329, '2024-12-24 13:00:18.675055+00', 'Program Lojalnociowy', 'Twoja droga do lepszych rabatw', 'Szczegowy opis programu lojalnociowego. Zbieraj piecztki i wymieniaj je na atrakcyjne nagrody!', 5, 'stamps', '2024-12-24 13:00:18.675055+00', NULL, 245, true),
	(330, '2024-12-24 13:00:18.675055+00', 'Program Premiowy', 'Oszczdzaj z kad wizyt', 'Szczegowy opis programu lojalnociowego. Zbieraj punkty i wymieniaj je na atrakcyjne nagrody!', 2105, 'points', '2024-12-24 13:00:18.675055+00', NULL, 246, true),
	(331, '2024-12-24 13:00:18.675055+00', 'Lojalni Klienci', 'Ekskluzywne korzyci dla posiadaczy karty', 'Szczegowy opis programu lojalnociowego. Zbieraj punkty i wymieniaj je na atrakcyjne nagrody!', 1008, 'points', '2024-12-24 13:00:18.675055+00', '2025-12-24 13:00:18.675055+00', 246, true),
	(332, '2024-12-24 13:00:18.675055+00', 'Program Lojalnociowy', 'Ekskluzywne korzyci dla posiadaczy karty', 'Szczegowy opis programu lojalnociowego. Zbieraj piecztki i wymieniaj je na atrakcyjne nagrody!', 12, 'stamps', '2024-12-24 13:00:18.675055+00', NULL, 246, true),
	(333, '2024-12-24 13:00:18.675055+00', 'Klub Staego Klienta', 'Ekskluzywne korzyci dla posiadaczy karty', 'Szczegowy opis programu lojalnociowego. Zbieraj piecztki i wymieniaj je na atrakcyjne nagrody!', 11, 'stamps', '2024-12-24 13:00:18.675055+00', '2025-12-24 13:00:18.675055+00', 247, true),
	(334, '2024-12-24 13:00:18.675055+00', 'Karta Rabatowa', 'Specjalne przywileje dla staych klientw', 'Szczegowy opis programu lojalnociowego. Zbieraj punkty i wymieniaj je na atrakcyjne nagrody!', 1584, 'points', '2024-12-24 13:00:18.675055+00', NULL, 247, true),
	(335, '2024-12-24 13:00:18.675055+00', 'Zbieraj Punkty', 'Wicej wizyt = wicej korzyci', 'Szczegowy opis programu lojalnociowego. Zbieraj punkty i wymieniaj je na atrakcyjne nagrody!', 1190, 'points', '2024-12-24 13:00:18.675055+00', NULL, 247, true),
	(336, '2024-12-24 13:00:18.675055+00', 'VIP Program', 'Zbieraj punkty i wymieniaj je na nagrody!', 'Szczegowy opis programu lojalnociowego. Zbieraj punkty i wymieniaj je na atrakcyjne nagrody!', 1139, 'points', '2024-12-24 13:00:18.675055+00', '2025-12-24 13:00:18.675055+00', 248, true),
	(337, '2024-12-24 13:00:18.675055+00', 'Zbieraj Punkty', 'Zbieraj punkty i wymieniaj je na nagrody!', 'Szczegowy opis programu lojalnociowego. Zbieraj punkty i wymieniaj je na atrakcyjne nagrody!', 2249, 'points', '2024-12-24 13:00:18.675055+00', NULL, 248, true),
	(338, '2024-12-24 13:00:18.675055+00', 'VIP Program', 'Zbieraj punkty i wymieniaj je na nagrody!', 'Szczegowy opis programu lojalnociowego. Zbieraj punkty i wymieniaj je na atrakcyjne nagrody!', 605, 'points', '2024-12-24 13:00:18.675055+00', '2025-12-24 13:00:18.675055+00', 248, true),
	(339, '2024-12-24 13:00:18.675055+00', 'Karta Rabatowa', 'Specjalne przywileje dla staych klientw', 'Szczegowy opis programu lojalnociowego. Zbieraj piecztki i wymieniaj je na atrakcyjne nagrody!', 11, 'stamps', '2024-12-24 13:00:18.675055+00', '2025-12-24 13:00:18.675055+00', 249, true),
	(340, '2024-12-24 13:00:18.675055+00', 'Zbieraj Punkty', 'Wicej wizyt = wicej korzyci', 'Szczegowy opis programu lojalnociowego. Zbieraj punkty i wymieniaj je na atrakcyjne nagrody!', 1172, 'points', '2024-12-24 13:00:18.675055+00', NULL, 249, true),
	(341, '2024-12-24 13:00:18.675055+00', 'Program Premiowy', 'Twoja droga do lepszych rabatw', 'Szczegowy opis programu lojalnociowego. Zbieraj punkty i wymieniaj je na atrakcyjne nagrody!', 2233, 'points', '2024-12-24 13:00:18.675055+00', NULL, 250, true),
	(342, '2024-12-24 13:00:18.675055+00', 'Program Lojalnociowy', 'Zbieraj punkty i wymieniaj je na nagrody!', 'Szczegowy opis programu lojalnociowego. Zbieraj piecztki i wymieniaj je na atrakcyjne nagrody!', 7, 'stamps', '2024-12-24 13:00:18.675055+00', NULL, 250, true),
	(343, '2024-12-24 13:00:18.675055+00', 'Zbieraj Punkty', 'Oszczdzaj z kad wizyt', 'Szczegowy opis programu lojalnociowego. Zbieraj punkty i wymieniaj je na atrakcyjne nagrody!', 1636, 'points', '2024-12-24 13:00:18.675055+00', NULL, 250, true),
	(344, '2024-12-24 13:00:18.675055+00', 'VIP Program', 'Zbieraj punkty i wymieniaj je na nagrody!', 'Szczegowy opis programu lojalnociowego. Zbieraj piecztki i wymieniaj je na atrakcyjne nagrody!', 9, 'stamps', '2024-12-24 13:00:18.675055+00', '2025-12-24 13:00:18.675055+00', 251, true),
	(345, '2024-12-26 08:53:09.396774+00', 'Karta VIP Restauracja Patio Park', 'Zbieraj punkty i odbieraj darmowe dania', 'Za kade wydane 10z otrzymujesz 1 punkt. Punkty moesz wymieni na darmowe dania lub zniki na cae zamwienie. Program VIP daje dostp do specjalnych promocji i wydarze.', 2000, 'points', '2024-12-26 08:53:09.396774+00', NULL, 252, true),
	(346, '2024-12-26 08:53:09.396774+00', 'Karta Lunchowa', 'Co 10-ty lunch 50% taniej', 'Zbierz 10 piecztek za lunche w dni powszednie i otrzymaj 50% zniki na kolejny lunch. Jedna piecztka za jeden lunch.', 10, 'stamps', '2024-12-26 08:53:09.396774+00', NULL, 252, true),
	(347, '2024-12-26 08:53:09.396774+00', 'Karta VIP Restauracja Tatiana', 'Zbieraj punkty i odbieraj darmowe dania', 'Za kade wydane 10z otrzymujesz 1 punkt. Punkty moesz wymieni na darmowe dania lub zniki na cae zamwienie. Program VIP daje dostp do specjalnych promocji i wydarze.', 2000, 'points', '2024-12-26 08:53:09.396774+00', NULL, 253, true),
	(348, '2024-12-26 08:53:09.396774+00', 'Karta Lunchowa', 'Co 10-ty lunch 50% taniej', 'Zbierz 10 piecztek za lunche w dni powszednie i otrzymaj 50% zniki na kolejny lunch. Jedna piecztka za jeden lunch.', 10, 'stamps', '2024-12-26 08:53:09.396774+00', NULL, 253, true),
	(349, '2024-12-26 08:53:09.396774+00', 'Coffee Lovers Card', 'Punkty za kad kaw', 'Otrzymuj 10 punktw za kad kaw. Za 200 punktw otrzymasz dowoln kaw za darmo. Dodatkowe punkty za zakup ziaren kawy.', 200, 'points', '2024-12-26 08:53:09.396774+00', NULL, 254, true),
	(350, '2024-12-26 08:53:09.396774+00', 'Karta Deserowa', 'Co 8-me ciasto gratis', 'Zbierz 8 piecztek kupujc ciasta i otrzymaj dowolne ciasto za darmo. Jedna piecztka za jedno zamwienie ciasta.', 8, 'stamps', '2024-12-26 08:53:09.396774+00', NULL, 254, true),
	(351, '2024-12-26 08:53:09.396774+00', 'Coffee Lovers Card', 'Punkty za kad kaw', 'Otrzymuj 10 punktw za kad kaw. Za 200 punktw otrzymasz dowoln kaw za darmo. Dodatkowe punkty za zakup ziaren kawy.', 200, 'points', '2024-12-26 08:53:09.396774+00', NULL, 255, true),
	(352, '2024-12-26 08:53:09.396774+00', 'Karta Deserowa', 'Co 8-me ciasto gratis', 'Zbierz 8 piecztek kupujc ciasta i otrzymaj dowolne ciasto za darmo. Jedna piecztka za jedno zamwienie ciasta.', 8, 'stamps', '2024-12-26 08:53:09.396774+00', NULL, 255, true),
	(353, '2024-12-26 08:53:09.396774+00', 'Beauty Points', 'Punkty za kady zabieg', 'Otrzymuj punkty za kady zabieg: 1 punkt za kade wydane 5z. Wymie 500 punktw na dowolny zabieg do 150z.', 500, 'points', '2024-12-26 08:53:09.396774+00', NULL, 256, true),
	(354, '2024-12-26 08:53:09.396774+00', 'Karta Manicure', 'Co 6-ty manicure 50% taniej', 'Zbierz 6 piecztek za zabiegi manicure i otrzymaj 50% zniki na kolejny manicure. Jedna piecztka za jeden manicure.', 6, 'stamps', '2024-12-26 08:53:09.396774+00', NULL, 256, true),
	(355, '2024-12-26 08:53:09.396774+00', 'Beauty Points', 'Punkty za kady zabieg', 'Otrzymuj punkty za kady zabieg: 1 punkt za kade wydane 5z. Wymie 500 punktw na dowolny zabieg do 150z.', 500, 'points', '2024-12-26 08:53:09.396774+00', NULL, 257, true),
	(356, '2024-12-26 08:53:09.396774+00', 'Karta Manicure', 'Co 6-ty manicure 50% taniej', 'Zbierz 6 piecztek za zabiegi manicure i otrzymaj 50% zniki na kolejny manicure. Jedna piecztka za jeden manicure.', 6, 'stamps', '2024-12-26 08:53:09.396774+00', NULL, 257, true),
	(357, '2024-12-26 08:53:09.396774+00', 'Fitness Points', 'Punkty za aktywno', 'Zdobywaj punkty za kad wizyt: 50 punktw za trening siowy, 100 punktw za zajcia grupowe. Za 1000 punktw otrzymasz miesiczny karnet.', 1000, 'points', '2024-12-26 08:53:09.396774+00', NULL, 258, true),
	(358, '2024-12-26 08:53:09.396774+00', 'Karta Trenera', 'Co 10-ty trening personalny -30%', 'Zbierz 10 piecztek za treningi personalne i otrzymaj 30% zniki na kolejny trening. Jedna piecztka za jeden trening personalny.', 10, 'stamps', '2024-12-26 08:53:09.396774+00', NULL, 258, true),
	(359, '2024-12-26 08:53:09.396774+00', 'Fitness Points', 'Punkty za aktywno', 'Zdobywaj punkty za kad wizyt: 50 punktw za trening siowy, 100 punktw za zajcia grupowe. Za 1000 punktw otrzymasz miesiczny karnet.', 1000, 'points', '2024-12-26 08:53:09.396774+00', NULL, 259, true),
	(360, '2024-12-26 08:53:09.396774+00', 'Karta Trenera', 'Co 10-ty trening personalny -30%', 'Zbierz 10 piecztek za treningi personalne i otrzymaj 30% zniki na kolejny trening. Jedna piecztka za jeden trening personalny.', 10, 'stamps', '2024-12-26 08:53:09.396774+00', NULL, 259, true);


--
-- Data for Name: customer_cards; Type: TABLE DATA; Schema: public; Owner: postgres
--

INSERT INTO "public"."customer_cards" ("id", "created_at", "updated_at", "card", "customer", "collected") VALUES
	(6, '2024-12-25 18:23:25.819793+00', '2024-12-25 18:23:25.819793+00', 333, 12, 16),
	(9, '2024-12-26 14:38:41.532461+00', '2024-12-26 14:38:41.532461+00', 308, 13, 6),
	(8, '2024-12-26 14:38:41.473889+00', '2024-12-26 14:38:41.473889+00', 306, 13, 11),
	(7, '2024-12-26 14:38:41.416495+00', '2024-12-26 14:38:41.416495+00', 307, 13, 11),
	(10, '2024-12-26 15:13:10.292085+00', '2024-12-26 15:13:10.292085+00', 301, 14, 3);


--
-- Data for Name: local_addresses; Type: TABLE DATA; Schema: public; Owner: postgres
--

INSERT INTO "public"."local_addresses" ("id", "created_at", "country", "city", "display_address", "local", "geo") VALUES
	(455, '2024-12-24 13:02:53.95002+00', 'poland', 'Szczecin', 'ul. Krakowska 42', 232, 453),
	(456, '2024-12-24 13:02:53.95002+00', 'poland', 'Biaystok', 'ul. Mickiewicza 90', 232, 454),
	(457, '2024-12-24 13:02:53.95002+00', 'poland', 'Lublin', 'ul. Krakowska 38', 232, 455),
	(458, '2024-12-24 13:02:53.95002+00', 'poland', 'Gdask', 'ul. Kolejowa 39', 232, 456),
	(459, '2024-12-24 13:02:53.95002+00', 'poland', 'd', 'ul. Mickiewicza 64', 232, 457),
	(460, '2024-12-24 13:02:53.95002+00', 'poland', 'Krakw', 'ul. Kolejowa 5', 233, 458),
	(461, '2024-12-24 13:02:53.95002+00', 'poland', 'Biaystok', 'ul. Gdaska 8', 233, 459),
	(462, '2024-12-24 13:02:53.95002+00', 'poland', 'Gdask', 'ul. Mickiewicza 77', 233, 460),
	(463, '2024-12-24 13:02:53.95002+00', 'poland', 'Warszawa', 'ul. Kolejowa 49', 234, 461),
	(464, '2024-12-24 13:02:53.95002+00', 'poland', 'Wrocaw', 'ul. Poznaska 52', 234, 462),
	(465, '2024-12-24 13:02:53.95002+00', 'poland', 'Bydgoszcz', 'ul. Gdaska 68', 234, 463),
	(466, '2024-12-24 13:02:53.95002+00', 'poland', 'Warszawa', 'ul. Szczeciska 23', 234, 464),
	(467, '2024-12-24 13:02:53.95002+00', 'poland', 'Bydgoszcz', 'ul. Sienkiewicza 36', 234, 465),
	(468, '2024-12-24 13:02:53.95002+00', 'poland', 'Gdask', 'ul. Sienkiewicza 64', 235, 466),
	(469, '2024-12-24 13:02:53.95002+00', 'poland', 'Krakw', 'ul. Sowackiego 61', 235, 467),
	(470, '2024-12-24 13:02:53.95002+00', 'poland', 'Wrocaw', 'ul. Gdaska 14', 236, 468),
	(471, '2024-12-24 13:02:53.95002+00', 'poland', 'Bydgoszcz', 'ul. Krakowska 90', 236, 469),
	(472, '2024-12-24 13:02:53.95002+00', 'poland', 'Biaystok', 'ul. Warszawska 89', 236, 470),
	(473, '2024-12-24 13:02:53.95002+00', 'poland', 'Krakw', 'ul. Sowackiego 9', 236, 471),
	(474, '2024-12-24 13:02:53.95002+00', 'poland', 'Lublin', 'ul. Wrocawska 83', 236, 472),
	(475, '2024-12-24 13:02:53.95002+00', 'poland', 'Bydgoszcz', 'ul. Kociuszki 54', 237, 473),
	(476, '2024-12-24 13:02:53.95002+00', 'poland', 'Bydgoszcz', 'ul. Wrocawska 33', 237, 474),
	(477, '2024-12-24 13:02:53.95002+00', 'poland', 'Warszawa', 'ul. Mickiewicza 75', 237, 475),
	(478, '2024-12-24 13:02:53.95002+00', 'poland', 'Lublin', 'ul. Sowackiego 50', 237, 476),
	(479, '2024-12-24 13:02:53.95002+00', 'poland', 'Lublin', 'ul. Poznaska 12', 237, 477),
	(480, '2024-12-24 13:02:53.95002+00', 'poland', 'Warszawa', 'ul. Warszawska 63', 238, 478),
	(481, '2024-12-24 13:02:53.95002+00', 'poland', 'Szczecin', 'ul. Mickiewicza 22', 238, 479),
	(482, '2024-12-24 13:02:53.95002+00', 'poland', 'Pozna', 'ul. Pisudskiego 74', 238, 480),
	(483, '2024-12-24 13:02:53.95002+00', 'poland', 'Warszawa', 'ul. Gdaska 32', 238, 481),
	(484, '2024-12-24 13:02:53.95002+00', 'poland', 'Wrocaw', 'ul. Warszawska 81', 238, 482),
	(485, '2024-12-24 13:02:53.95002+00', 'poland', 'd', 'ul. Pisudskiego 46', 239, 483),
	(486, '2024-12-24 13:02:53.95002+00', 'poland', 'Pozna', 'ul. Gdaska 46', 239, 484),
	(487, '2024-12-24 13:02:53.95002+00', 'poland', 'Warszawa', 'ul. Pisudskiego 4', 239, 485),
	(488, '2024-12-24 13:02:53.95002+00', 'poland', 'Pozna', 'ul. Kociuszki 93', 240, 486),
	(489, '2024-12-24 13:02:53.95002+00', 'poland', 'Bydgoszcz', 'ul. Gdaska 27', 241, 487),
	(490, '2024-12-24 13:02:53.95002+00', 'poland', 'Szczecin', 'ul. Warszawska 25', 241, 488),
	(491, '2024-12-24 13:02:53.95002+00', 'poland', 'Wrocaw', 'ul. Wrocawska 6', 242, 489),
	(492, '2024-12-24 13:02:53.95002+00', 'poland', 'Bydgoszcz', 'ul. Kolejowa 31', 242, 490),
	(493, '2024-12-24 13:02:53.95002+00', 'poland', 'Wrocaw', 'ul. Mickiewicza 77', 242, 491),
	(494, '2024-12-24 13:02:53.95002+00', 'poland', 'Wrocaw', 'ul. Krakowska 13', 242, 492),
	(495, '2024-12-24 13:02:53.95002+00', 'poland', 'Pozna', 'ul. Poznaska 4', 243, 493),
	(496, '2024-12-24 13:02:53.95002+00', 'poland', 'Biaystok', 'ul. Kolejowa 98', 244, 494),
	(497, '2024-12-24 13:02:53.95002+00', 'poland', 'Biaystok', 'ul. Krakowska 99', 244, 495),
	(498, '2024-12-24 13:02:53.95002+00', 'poland', 'Krakw', 'ul. Poznaska 51', 244, 496),
	(499, '2024-12-24 13:02:53.95002+00', 'poland', 'Bydgoszcz', 'ul. Sowackiego 59', 244, 497),
	(500, '2024-12-24 13:02:53.95002+00', 'poland', 'Lublin', 'ul. Gdaska 63', 245, 498),
	(501, '2024-12-24 13:02:53.95002+00', 'poland', 'Szczecin', 'ul. Sowackiego 43', 245, 499),
	(502, '2024-12-24 13:02:53.95002+00', 'poland', 'Pozna', 'ul. Poznaska 56', 245, 500),
	(503, '2024-12-24 13:02:53.95002+00', 'poland', 'Krakw', 'ul. Kolejowa 51', 245, 501),
	(504, '2024-12-24 13:02:53.95002+00', 'poland', 'd', 'ul. Mickiewicza 8', 246, 502),
	(505, '2024-12-24 13:02:53.95002+00', 'poland', 'Gdask', 'ul. Kolejowa 12', 246, 503),
	(506, '2024-12-24 13:02:53.95002+00', 'poland', 'Warszawa', 'ul. Kociuszki 55', 247, 504),
	(507, '2024-12-24 13:02:53.95002+00', 'poland', 'Lublin', 'ul. Kolejowa 92', 247, 505),
	(508, '2024-12-24 13:02:53.95002+00', 'poland', 'd', 'ul. Krakowska 85', 247, 506),
	(509, '2024-12-24 13:02:53.95002+00', 'poland', 'Pozna', 'ul. Sowackiego 40', 247, 507),
	(510, '2024-12-24 13:02:53.95002+00', 'poland', 'Lublin', 'ul. Pisudskiego 11', 248, 508),
	(511, '2024-12-24 13:02:53.95002+00', 'poland', 'd', 'ul. Warszawska 27', 248, 509),
	(512, '2024-12-24 13:02:53.95002+00', 'poland', 'Gdask', 'ul. Pisudskiego 67', 249, 510),
	(513, '2024-12-24 13:02:53.95002+00', 'poland', 'Krakw', 'ul. Sienkiewicza 83', 249, 511),
	(514, '2024-12-24 13:02:53.95002+00', 'poland', 'Warszawa', 'ul. Mickiewicza 37', 249, 512),
	(515, '2024-12-24 13:02:53.95002+00', 'poland', 'Lublin', 'ul. Poznaska 1', 250, 513),
	(516, '2024-12-24 13:02:53.95002+00', 'poland', 'Warszawa', 'ul. Wrocawska 16', 250, 514),
	(517, '2024-12-24 13:02:53.95002+00', 'poland', 'Lublin', 'ul. Szczeciska 3', 250, 515),
	(518, '2024-12-24 13:02:53.95002+00', 'poland', 'Pozna', 'ul. Warszawska 24', 251, 516),
	(519, '2024-12-26 08:52:41.728729+00', 'poland', 'Katowice', 'ul. Kociuszki 101', 252, 517),
	(520, '2024-12-26 08:52:41.728729+00', 'poland', 'Katowice', 'ul. Staromiejska 5', 253, 518),
	(521, '2024-12-26 08:52:41.728729+00', 'poland', 'Katowice', 'ul. Mariacka 1', 254, 519),
	(522, '2024-12-26 08:52:41.728729+00', 'poland', 'Katowice', 'ul. 3 Maja 17', 255, 520),
	(523, '2024-12-26 08:52:41.728729+00', 'poland', 'Katowice', 'ul. Warszawska 10', 256, 521),
	(524, '2024-12-26 08:52:41.728729+00', 'poland', 'Katowice', 'ul. Mickiewicza 15', 257, 522),
	(525, '2024-12-26 08:52:41.728729+00', 'poland', 'Katowice', 'ul. Chorzowska 107', 258, 523),
	(526, '2024-12-26 08:52:41.728729+00', 'poland', 'Katowice', 'ul. Sokolska 65', 259, 524);


--
-- Data for Name: employees; Type: TABLE DATA; Schema: public; Owner: postgres
--



--
-- Data for Name: geo; Type: TABLE DATA; Schema: public; Owner: postgres
--

INSERT INTO "public"."geo" ("id", "lat", "long", "local_address") VALUES
	(453, 53.469358894756404, 14.540345319353902, 455),
	(454, 53.09626426714177, 23.196140728424048, 456),
	(455, 51.2788575311419, 22.56026907866342, 457),
	(456, 54.3391879474841, 18.598793155614363, 458),
	(457, 51.73845859190777, 19.434257138611905, 459),
	(458, 50.090582175039614, 19.9608324963486, 460),
	(459, 53.176986872825594, 23.133622750933494, 461),
	(460, 54.3202313062952, 18.657170860897953, 462),
	(461, 52.21741997586887, 21.063468441794864, 463),
	(462, 51.1409037774898, 17.054063789138965, 464),
	(463, 53.10532134317411, 18.019853078096272, 465),
	(464, 52.20448632402476, 21.01091762266819, 466),
	(465, 53.07767260481931, 18.056944503275968, 467),
	(466, 54.33967732844042, 18.68721722272894, 468),
	(467, 50.01086202332573, 19.956456116398687, 469),
	(468, 51.12374353347898, 17.076304543980008, 470),
	(469, 53.1054366098507, 18.0472143337613, 471),
	(470, 53.16017292063894, 23.172773898664335, 472),
	(471, 50.01211371807232, 19.95753177509559, 473),
	(472, 51.21212729175891, 22.530568763985187, 474),
	(473, 53.14606002024154, 18.034567118970248, 475),
	(474, 53.11859827339047, 18.01015795694264, 476),
	(475, 52.273591075368486, 21.005045233851682, 477),
	(476, 51.24008156393337, 22.555072196318243, 478),
	(477, 51.28761262644284, 22.581693546064866, 479),
	(478, 52.20455877929982, 21.048465853730026, 480),
	(479, 53.40418160186187, 14.508101661536932, 481),
	(480, 52.43797481032859, 16.892064346864608, 482),
	(481, 52.22026914963376, 21.02130395051236, 483),
	(482, 51.113309963139685, 17.06002378981748, 484),
	(483, 51.792260829988955, 19.47340636920936, 485),
	(484, 52.41373744177075, 16.924109308725434, 486),
	(485, 52.273638414841265, 21.049582253049905, 487),
	(486, 52.44903309681772, 16.88664612290032, 488),
	(487, 53.1485027811055, 18.01826968876633, 489),
	(488, 53.39814222367857, 14.565881493653198, 490),
	(489, 51.09210178921175, 17.059295165815886, 491),
	(490, 53.157054187012264, 18.045813106820237, 492),
	(491, 51.08013736495088, 16.99910030312316, 493),
	(492, 51.13120928782495, 16.9966737972104, 494),
	(493, 52.400011690474074, 16.971648119409736, 495),
	(494, 53.142439918971135, 23.152085492310523, 496),
	(495, 53.10324431603596, 23.12186248800728, 497),
	(496, 50.082447492370186, 19.949392791085238, 498),
	(497, 53.11972222994266, 18.025631517421207, 499),
	(498, 51.21928667152037, 22.522915661569403, 500),
	(499, 53.46137925506304, 14.60127259550715, 501),
	(500, 52.399908427402146, 16.95788307868806, 502),
	(501, 50.00058659973611, 19.964432586969274, 503),
	(502, 51.74082003456971, 19.484369812014112, 504),
	(503, 54.401414319142, 18.66468445998262, 505),
	(504, 52.275351996574535, 21.038234864536633, 506),
	(505, 51.20123657128031, 22.586356238125237, 507),
	(506, 51.73874834911009, 19.480715297531496, 508),
	(507, 52.40644853838923, 16.956723242605403, 509),
	(508, 51.293867399255184, 22.553982043749865, 510),
	(509, 51.800690010330314, 19.498398739929193, 511),
	(510, 54.32423136967706, 18.675091154238594, 512),
	(511, 50.07548434350678, 19.913803452388755, 513),
	(512, 52.263920782547984, 21.015012020881855, 514),
	(513, 51.2626915982699, 22.524803536887056, 515),
	(514, 52.20360253317736, 20.98892891342892, 516),
	(515, 51.23192825607601, 22.529793510975587, 517),
	(516, 52.40279607282489, 16.883133522144753, 518),
	(517, 50.2518, 19.0234, 519),
	(518, 50.2593, 19.0218, 520),
	(519, 50.2591, 19.0238, 521),
	(520, 50.2575, 19.0248, 522),
	(521, 50.2597, 19.0273, 523),
	(522, 50.2608, 19.0228, 524),
	(523, 50.272, 19.0012, 525),
	(524, 50.2645, 19.0198, 526);


--
-- Data for Name: transactions; Type: TABLE DATA; Schema: public; Owner: postgres
--

INSERT INTO "public"."transactions" ("id", "created_at", "local_address", "customer", "completed_at", "status", "executor") VALUES
	(55, '2024-12-25 19:21:16.960392+00', 506, 12, '2024-12-25 19:21:17.072157+00', 'completed', 'dc91436a-cdf2-4bd2-8208-8b3443972808'),
	(56, '2024-12-25 19:21:42.180786+00', 506, 12, '2024-12-25 19:21:42.406198+00', 'completed', 'dc91436a-cdf2-4bd2-8208-8b3443972808'),
	(57, '2024-12-25 19:28:10.723669+00', 506, 12, '2024-12-25 19:28:10.845157+00', 'completed', 'dc91436a-cdf2-4bd2-8208-8b3443972808'),
	(58, '2024-12-25 19:28:46.701795+00', 506, 12, '2024-12-25 19:28:46.847786+00', 'completed', 'dc91436a-cdf2-4bd2-8208-8b3443972808'),
	(59, '2024-12-25 19:35:23.099421+00', 506, 12, '2024-12-25 19:35:23.206625+00', 'completed', 'dc91436a-cdf2-4bd2-8208-8b3443972808'),
	(60, '2024-12-25 19:36:06.036893+00', 506, 12, '2024-12-25 19:36:06.175381+00', 'completed', 'dc91436a-cdf2-4bd2-8208-8b3443972808'),
	(61, '2024-12-26 14:38:41.300995+00', 468, 13, '2024-12-26 14:38:41.593987+00', 'completed', 'dc91436a-cdf2-4bd2-8208-8b3443972808'),
	(62, '2024-12-26 14:39:38.504135+00', 468, 13, '2024-12-26 14:39:58.426818+00', 'completed', 'dc91436a-cdf2-4bd2-8208-8b3443972808'),
	(63, '2024-12-26 15:03:57.616388+00', 468, 13, '2024-12-26 15:03:57.880836+00', 'completed', 'dc91436a-cdf2-4bd2-8208-8b3443972808'),
	(64, '2024-12-26 15:04:06.689827+00', 468, 13, '2024-12-26 15:04:17.131401+00', 'completed', 'dc91436a-cdf2-4bd2-8208-8b3443972808'),
	(44, '2024-12-24 13:32:02.387155+00', 463, 11, '2024-12-24 13:32:02.511045+00', 'completed', 'dc91436a-cdf2-4bd2-8208-8b3443972808'),
	(45, '2024-12-25 18:23:25.766293+00', 506, 12, '2024-12-25 18:23:25.882421+00', 'completed', 'dc91436a-cdf2-4bd2-8208-8b3443972808'),
	(65, '2024-12-26 15:13:10.228+00', 456, 14, '2024-12-26 15:13:10.437239+00', 'completed', 'dc91436a-cdf2-4bd2-8208-8b3443972808'),
	(46, '2024-12-25 18:33:43.044694+00', 506, 12, '2024-12-25 18:33:43.171004+00', 'completed', 'dc91436a-cdf2-4bd2-8208-8b3443972808'),
	(47, '2024-12-25 18:42:22.059742+00', 506, 12, '2024-12-25 18:42:22.213771+00', 'completed', 'dc91436a-cdf2-4bd2-8208-8b3443972808'),
	(48, '2024-12-25 18:49:30.697571+00', 506, 12, '2024-12-25 18:49:30.854078+00', 'completed', 'dc91436a-cdf2-4bd2-8208-8b3443972808'),
	(66, '2024-12-27 07:42:16.944448+00', 510, 15, '2024-12-27 07:42:17.080403+00', 'completed', 'dc91436a-cdf2-4bd2-8208-8b3443972808'),
	(49, '2024-12-25 18:52:21.066492+00', 506, 12, '2024-12-25 18:52:21.232806+00', 'completed', 'dc91436a-cdf2-4bd2-8208-8b3443972808'),
	(50, '2024-12-25 18:56:28.391986+00', 506, 12, '2024-12-25 18:56:28.527802+00', 'completed', 'dc91436a-cdf2-4bd2-8208-8b3443972808'),
	(51, '2024-12-25 18:56:50.353978+00', 506, 12, '2024-12-25 18:56:50.464513+00', 'completed', 'dc91436a-cdf2-4bd2-8208-8b3443972808'),
	(52, '2024-12-25 19:01:27.474287+00', 506, 12, '2024-12-25 19:01:27.595297+00', 'completed', 'dc91436a-cdf2-4bd2-8208-8b3443972808'),
	(53, '2024-12-25 19:03:08.653634+00', 506, 12, '2024-12-25 19:03:08.80893+00', 'completed', 'dc91436a-cdf2-4bd2-8208-8b3443972808'),
	(54, '2024-12-25 19:20:21.178393+00', 506, 12, '2024-12-25 19:20:21.292475+00', 'completed', 'dc91436a-cdf2-4bd2-8208-8b3443972808');


--
-- Data for Name: transaction_units; Type: TABLE DATA; Schema: public; Owner: postgres
--

INSERT INTO "public"."transaction_units" ("id", "created_at", "local_card", "customer_card", "value", "type", "status", "completed_at", "transaction") VALUES
	(77, '2024-12-26 15:13:10.292085+00', 301, 10, 3, 'add_stamps', 'completed', '2024-12-26 15:13:10.437239+00', 65),
	(78, '2024-12-27 07:42:17.008251+00', NULL, NULL, 124, 'add_points', 'completed', '2024-12-27 07:42:17.080403+00', 66),
	(50, '2024-12-24 13:32:02.443626+00', NULL, NULL, 1397, 'add_points', 'completed', '2024-12-24 13:32:02.511045+00', 44),
	(51, '2024-12-25 18:23:25.819793+00', 333, 6, 1, 'add_stamps', 'completed', '2024-12-25 18:23:25.882421+00', 45),
	(52, '2024-12-25 18:33:43.110699+00', 333, 6, 1, 'add_stamps', 'completed', '2024-12-25 18:33:43.171004+00', 46),
	(53, '2024-12-25 18:42:22.148161+00', 333, 6, 1, 'add_stamps', 'completed', '2024-12-25 18:42:22.213771+00', 47),
	(54, '2024-12-25 18:49:30.757845+00', 333, 6, 1, 'add_stamps', 'completed', '2024-12-25 18:49:30.854078+00', 48),
	(55, '2024-12-25 18:52:21.138902+00', 333, 6, 1, 'add_stamps', 'completed', '2024-12-25 18:52:21.232806+00', 49),
	(56, '2024-12-25 18:56:28.471365+00', 333, 6, 1, 'add_stamps', 'completed', '2024-12-25 18:56:28.527802+00', 50),
	(57, '2024-12-25 18:56:50.403536+00', 333, 6, 1, 'add_stamps', 'completed', '2024-12-25 18:56:50.464513+00', 51),
	(58, '2024-12-25 19:01:27.533349+00', 333, 6, 1, 'add_stamps', 'completed', '2024-12-25 19:01:27.595297+00', 52),
	(59, '2024-12-25 19:03:08.728231+00', 333, 6, 1, 'add_stamps', 'completed', '2024-12-25 19:03:08.80893+00', 53),
	(60, '2024-12-25 19:20:21.235503+00', 333, 6, 1, 'add_stamps', 'completed', '2024-12-25 19:20:21.292475+00', 54),
	(61, '2024-12-25 19:21:17.016369+00', 333, 6, 1, 'add_stamps', 'completed', '2024-12-25 19:21:17.072157+00', 55),
	(62, '2024-12-25 19:21:42.249425+00', 333, 6, 1, 'add_stamps', 'completed', '2024-12-25 19:21:42.406198+00', 56),
	(63, '2024-12-25 19:28:10.783182+00', 333, 6, 1, 'add_stamps', 'completed', '2024-12-25 19:28:10.845157+00', 57),
	(64, '2024-12-25 19:28:46.77551+00', 333, 6, 1, 'add_stamps', 'completed', '2024-12-25 19:28:46.847786+00', 58),
	(65, '2024-12-25 19:35:23.154761+00', 333, 6, 1, 'add_stamps', 'completed', '2024-12-25 19:35:23.206625+00', 59),
	(66, '2024-12-25 19:36:06.10335+00', 333, 6, 1, 'add_stamps', 'completed', '2024-12-25 19:36:06.175381+00', 60),
	(67, '2024-12-26 14:38:41.357638+00', NULL, NULL, 16466, 'add_points', 'completed', '2024-12-26 14:38:41.593987+00', 61),
	(68, '2024-12-26 14:38:41.416495+00', 307, 7, 12, 'add_stamps', 'completed', '2024-12-26 14:38:41.593987+00', 61),
	(69, '2024-12-26 14:38:41.473889+00', 306, 8, 5, 'add_stamps', 'completed', '2024-12-26 14:38:41.593987+00', 61),
	(70, '2024-12-26 14:38:41.532461+00', 308, 9, 2, 'add_stamps', 'completed', '2024-12-26 14:38:41.593987+00', 61),
	(71, '2024-12-26 14:39:38.557358+00', 307, 7, 8, 'get_reward', 'completed', '2024-12-26 14:39:58.426818+00', 62),
	(72, '2024-12-26 15:03:57.683993+00', 307, 7, 15, 'add_stamps', 'completed', '2024-12-26 15:03:57.880836+00', 63),
	(73, '2024-12-26 15:03:57.751874+00', 306, 8, 12, 'add_stamps', 'completed', '2024-12-26 15:03:57.880836+00', 63),
	(74, '2024-12-26 15:03:57.818291+00', 308, 9, 4, 'add_stamps', 'completed', '2024-12-26 15:03:57.880836+00', 63),
	(75, '2024-12-26 15:04:06.745849+00', 306, 8, 6, 'get_reward', 'completed', '2024-12-26 15:04:15.32538+00', 64),
	(76, '2024-12-26 15:04:06.798199+00', 307, 7, 8, 'get_reward', 'completed', '2024-12-26 15:04:17.131401+00', 64);


--
-- Data for Name: buckets; Type: TABLE DATA; Schema: storage; Owner: supabase_storage_admin
--

INSERT INTO "storage"."buckets" ("id", "name", "owner", "created_at", "updated_at", "public", "avif_autodetection", "file_size_limit", "allowed_mime_types", "owner_id") VALUES
	('locals', 'locals', NULL, '2024-07-16 11:20:20.085278+00', '2024-07-16 11:20:20.085278+00', true, false, NULL, NULL, NULL),
	('markers', 'markers', NULL, '2024-12-24 05:54:09.985435+00', '2024-12-24 05:54:09.985435+00', true, false, NULL, NULL, NULL);


--
-- Data for Name: objects; Type: TABLE DATA; Schema: storage; Owner: supabase_storage_admin
--

INSERT INTO "storage"."objects" ("id", "bucket_id", "name", "owner", "created_at", "updated_at", "last_accessed_at", "metadata", "version", "owner_id", "user_metadata") VALUES
	('810cbbcd-9464-4534-bcbe-63e067705152', 'locals', 'images/fragolina.jpg', NULL, '2024-07-16 11:20:33.269331+00', '2024-07-16 11:20:40.369549+00', '2024-07-16 11:20:33.269331+00', '{"eTag": "\"cfdd38c5b191f52637094ec804f09ae2\"", "size": 5698, "mimetype": "image/jpeg", "cacheControl": "max-age=3600", "lastModified": "2024-07-16T11:20:41.000Z", "contentLength": 5698, "httpStatusCode": 200}', '8be4167e-bf65-4644-9a63-a5cdd2f1d623', NULL, NULL),
	('5d0f6de8-927d-4278-9834-b9d733032882', 'locals', 'images/fragolina-banner.jpg', NULL, '2024-07-16 11:25:23.10916+00', '2024-07-16 11:25:32.034965+00', '2024-07-16 11:25:23.10916+00', '{"eTag": "\"f25417b0e460c25174535f6e503a622b\"", "size": 80309, "mimetype": "image/jpeg", "cacheControl": "max-age=3600", "lastModified": "2024-07-16T11:25:32.000Z", "contentLength": 80309, "httpStatusCode": 200}', 'f4bcec1c-5d1b-4067-8cc6-e229837f2f93', NULL, NULL),
	('869d644e-0ca8-4bb4-a172-70f32ce6f2dc', 'locals', 'images/kwiat-lotosu-background.jpeg', NULL, '2024-09-08 12:20:10.360755+00', '2024-09-08 12:20:10.360755+00', '2024-09-08 12:20:10.360755+00', '{"eTag": "\"685df83471a0e9ad997345e67ace4717-1\"", "size": 34000, "mimetype": "image/jpeg", "cacheControl": "max-age=3600", "lastModified": "2024-09-08T12:20:11.000Z", "contentLength": 34000, "httpStatusCode": 200}', 'd11b5912-2873-4d8d-98d9-a6bcf550da36', NULL, NULL),
	('bd5d8c35-cdee-4041-8a06-e6681380b357', 'locals', 'images/kwiat-lotosu.jpeg', NULL, '2024-09-08 12:20:12.840032+00', '2024-09-08 12:20:12.840032+00', '2024-09-08 12:20:12.840032+00', '{"eTag": "\"00b40ea66ecc23c8be3139d5f3bfe7ed-1\"", "size": 6868, "mimetype": "image/jpeg", "cacheControl": "max-age=3600", "lastModified": "2024-09-08T12:20:13.000Z", "contentLength": 6868, "httpStatusCode": 200}', '4a43aacd-af6e-4f5c-aed1-6b97fbd3cd36', NULL, NULL),
	('7375957e-f57b-4019-be9c-fae9006cc08f', 'locals', 'images/bali-pub-banner.jpg', NULL, '2024-09-25 04:48:49.43355+00', '2024-09-25 04:48:49.43355+00', '2024-09-25 04:48:49.43355+00', '{"eTag": "\"94f37f7fb9618c4d7864bbbc036823f6-1\"", "size": 574706, "mimetype": "image/jpeg", "cacheControl": "max-age=3600", "lastModified": "2024-09-25T04:48:50.000Z", "contentLength": 574706, "httpStatusCode": 200}', 'b13414e4-dedf-4014-8d71-e7ea600ffaf3', NULL, NULL),
	('dd2a0060-3333-4735-9999-5a7e36a8f3b3', 'locals', 'images/bali-pub-logo.png', NULL, '2024-09-25 04:48:49.70405+00', '2024-09-25 04:48:49.70405+00', '2024-09-25 04:48:49.70405+00', '{"eTag": "\"4221d67ee8693be4a471127440d3137b-1\"", "size": 697828, "mimetype": "image/png", "cacheControl": "max-age=3600", "lastModified": "2024-09-25T04:48:50.000Z", "contentLength": 697828, "httpStatusCode": 200}', '4ff80f81-3b77-4805-a6dc-3c20515f5dbe', NULL, NULL),
	('62219d06-787b-4a1b-a42d-b22bf589c23c', 'locals', 'images/black-logo.png', NULL, '2024-12-15 19:11:48.55212+00', '2024-12-15 19:11:48.55212+00', '2024-12-15 19:11:48.55212+00', '{"eTag": "\"293c64e4fcfbd890143bbd8a836919a6-1\"", "size": 10096, "mimetype": "image/png", "cacheControl": "max-age=3600", "lastModified": "2024-12-15T19:11:49.000Z", "contentLength": 10096, "httpStatusCode": 200}', '79691365-b7d7-41d8-a0d4-d6bb99b224b4', NULL, NULL),
	('4fffb652-1204-4458-a212-bd274a2db263', 'markers', '152.png', NULL, '2024-12-24 12:46:44.104853+00', '2024-12-24 12:46:44.104853+00', '2024-12-24 12:46:44.104853+00', '{"eTag": "\"a4c5358a5aeb0a4b8b40af804823907c\"", "size": 298197, "mimetype": "image/png", "cacheControl": "max-age=3600", "lastModified": "2024-12-24T12:46:44.000Z", "contentLength": 298197, "httpStatusCode": 200}', '043ee74f-a83e-4999-ac6f-11cf383577f5', NULL, '{}'),
	('6f047b1c-2094-4bc0-affd-e1428d4c80a9', 'markers', '252.png', NULL, '2024-12-26 08:52:43.818045+00', '2024-12-26 08:52:43.818045+00', '2024-12-26 08:52:43.818045+00', '{"eTag": "\"083e242febafd04ec5b031a1a61b2457\"", "size": 253272, "mimetype": "image/png", "cacheControl": "max-age=3600", "lastModified": "2024-12-26T08:52:44.000Z", "contentLength": 253272, "httpStatusCode": 200}', 'b022fc66-88dd-4d76-a666-e6d5ecdf46f2', NULL, '{}'),
	('62dc95cd-79e4-429d-8fa1-b4879af11ca0', 'markers', '153.png', NULL, '2024-12-24 12:46:45.943811+00', '2024-12-24 12:46:45.943811+00', '2024-12-24 12:46:45.943811+00', '{"eTag": "\"9f327fab938b77be543bc525be11c9db\"", "size": 178528, "mimetype": "image/png", "cacheControl": "max-age=3600", "lastModified": "2024-12-24T12:46:46.000Z", "contentLength": 178528, "httpStatusCode": 200}', 'f688ccb3-06e8-4928-9849-3dd42d5203b4', NULL, '{}'),
	('8a4ea8e6-a0a7-461d-917c-04a1d46e84df', 'markers', '154.png', NULL, '2024-12-24 12:46:47.678811+00', '2024-12-24 12:46:47.678811+00', '2024-12-24 12:46:47.678811+00', '{"eTag": "\"e844d34607c1a3fa917b01c3789862d7\"", "size": 262118, "mimetype": "image/png", "cacheControl": "max-age=3600", "lastModified": "2024-12-24T12:46:48.000Z", "contentLength": 262118, "httpStatusCode": 200}', 'cb491983-df9f-41d0-9d7b-598087fc4099', NULL, '{}'),
	('14e01403-b181-4606-b7f8-dd1af93106bb', 'markers', '253.png', NULL, '2024-12-26 08:52:45.377297+00', '2024-12-26 08:52:45.377297+00', '2024-12-26 08:52:45.377297+00', '{"eTag": "\"9a7ee6d2ff263f0afa49250e8f1cdd24\"", "size": 275084, "mimetype": "image/png", "cacheControl": "max-age=3600", "lastModified": "2024-12-26T08:52:46.000Z", "contentLength": 275084, "httpStatusCode": 200}', 'dcef5c42-80ae-40b9-a75b-768b6ef79074', NULL, '{}'),
	('236998c3-b32f-4098-83d6-0fef2f251b49', 'markers', '155.png', NULL, '2024-12-24 12:46:49.666093+00', '2024-12-24 12:46:49.666093+00', '2024-12-24 12:46:49.666093+00', '{"eTag": "\"84f78d3e628bfe3d93bec9d5ab9ce029\"", "size": 223282, "mimetype": "image/png", "cacheControl": "max-age=3600", "lastModified": "2024-12-24T12:46:50.000Z", "contentLength": 223282, "httpStatusCode": 200}', '98521676-6b42-44b8-81f5-53671e3a5df7', NULL, '{}'),
	('a0d88122-86d8-4d82-93fb-e72fc20c8ef4', 'markers', '156.png', NULL, '2024-12-24 12:46:51.584704+00', '2024-12-24 12:46:51.584704+00', '2024-12-24 12:46:51.584704+00', '{"eTag": "\"ac95ae0acb0d3c1cff60d27be64bf821\"", "size": 254442, "mimetype": "image/png", "cacheControl": "max-age=3600", "lastModified": "2024-12-24T12:46:52.000Z", "contentLength": 254442, "httpStatusCode": 200}', '223bdaa2-63c8-4422-9f19-ad57d0be28e6', NULL, '{}'),
	('efdc53ad-9243-4ec7-a56c-bfd0cd4fde98', 'markers', '157.png', NULL, '2024-12-24 12:46:53.089438+00', '2024-12-24 12:46:53.089438+00', '2024-12-24 12:46:53.089438+00', '{"eTag": "\"608eaea0c9c42ab097d5f301e523092e\"", "size": 104164, "mimetype": "image/png", "cacheControl": "max-age=3600", "lastModified": "2024-12-24T12:46:53.000Z", "contentLength": 104164, "httpStatusCode": 200}', 'f4c9dcda-5ac0-4653-a8d8-1fa1576b2e98', NULL, '{}'),
	('b0dd4805-e3b4-47b5-aa5d-47887b1cb3d0', 'markers', '158.png', NULL, '2024-12-24 12:47:02.468389+00', '2024-12-24 12:47:02.468389+00', '2024-12-24 12:47:02.468389+00', '{"eTag": "\"12b42019a7e0cbd183172df51444d777\"", "size": 139454, "mimetype": "image/png", "cacheControl": "max-age=3600", "lastModified": "2024-12-24T12:47:03.000Z", "contentLength": 139454, "httpStatusCode": 200}', '3ac9ad37-8c89-49b6-96bf-1a72c708ad16', NULL, '{}'),
	('707c35cc-475f-4e53-8797-6ac2859a93ae', 'markers', '172.png', NULL, '2024-12-24 12:49:32.22669+00', '2024-12-24 12:49:32.22669+00', '2024-12-24 12:49:32.22669+00', '{"eTag": "\"a4c5358a5aeb0a4b8b40af804823907c\"", "size": 298197, "mimetype": "image/png", "cacheControl": "max-age=3600", "lastModified": "2024-12-24T12:49:33.000Z", "contentLength": 298197, "httpStatusCode": 200}', '4a5bb277-5177-4034-87f4-73fb53184596', NULL, '{}'),
	('e2d19782-4405-448d-bd59-d94ebe526340', 'markers', '173.png', NULL, '2024-12-24 12:49:33.4567+00', '2024-12-24 12:49:33.4567+00', '2024-12-24 12:49:33.4567+00', '{"eTag": "\"9f327fab938b77be543bc525be11c9db\"", "size": 178528, "mimetype": "image/png", "cacheControl": "max-age=3600", "lastModified": "2024-12-24T12:49:34.000Z", "contentLength": 178528, "httpStatusCode": 200}', '39fd33d5-a35a-408f-9407-d7ad68567a75', NULL, '{}'),
	('e7ca5176-2a35-499a-8f4a-9b7dcac606f5', 'markers', '254.png', NULL, '2024-12-26 08:52:46.740589+00', '2024-12-26 08:52:46.740589+00', '2024-12-26 08:52:46.740589+00', '{"eTag": "\"50819ed7ebb1bd4199938395139d444b\"", "size": 259219, "mimetype": "image/png", "cacheControl": "max-age=3600", "lastModified": "2024-12-26T08:52:47.000Z", "contentLength": 259219, "httpStatusCode": 200}', '8f308a63-f8b7-49bb-ab05-e3d655609d15', NULL, '{}'),
	('ba3a6bc7-4e6c-4f3a-9513-704409d22dc6', 'markers', '.emptyFolderPlaceholder', NULL, '2024-12-24 11:33:42.393493+00', '2024-12-24 11:33:42.393493+00', '2024-12-24 11:33:42.393493+00', '{"eTag": "\"d41d8cd98f00b204e9800998ecf8427e\"", "size": 0, "mimetype": "application/octet-stream", "cacheControl": "max-age=3600", "lastModified": "2024-12-24T11:33:43.000Z", "contentLength": 0, "httpStatusCode": 200}', 'bf809a96-0e93-4548-a44e-19bf523feed8', NULL, '{}'),
	('e6fbaccc-cf3a-4400-9206-c30594637565', 'markers', '174.png', NULL, '2024-12-24 12:49:34.587573+00', '2024-12-24 12:49:34.587573+00', '2024-12-24 12:49:34.587573+00', '{"eTag": "\"e844d34607c1a3fa917b01c3789862d7\"", "size": 262118, "mimetype": "image/png", "cacheControl": "max-age=3600", "lastModified": "2024-12-24T12:49:35.000Z", "contentLength": 262118, "httpStatusCode": 200}', '45e992da-4331-4597-a4a7-74f6dcbc30df', NULL, '{}'),
	('b231acb5-2487-44d7-abc3-ce9ae9bd54a5', 'markers', 'default.png', NULL, '2024-12-24 11:33:46.47005+00', '2024-12-24 11:33:46.47005+00', '2024-12-24 11:33:46.47005+00', '{"eTag": "\"5fbc3308619eaf5083774f15a3cd7f21-1\"", "size": 21903, "mimetype": "image/png", "cacheControl": "max-age=3600", "lastModified": "2024-12-24T11:33:47.000Z", "contentLength": 21903, "httpStatusCode": 200}', '4f26cecc-6bf2-4cac-afd7-75bbac883d30', NULL, NULL),
	('b13ea6b3-ef4f-4c80-be4c-27bbf42bd9c7', 'markers', '175.png', NULL, '2024-12-24 12:49:35.87864+00', '2024-12-24 12:49:35.87864+00', '2024-12-24 12:49:35.87864+00', '{"eTag": "\"84f78d3e628bfe3d93bec9d5ab9ce029\"", "size": 223282, "mimetype": "image/png", "cacheControl": "max-age=3600", "lastModified": "2024-12-24T12:49:36.000Z", "contentLength": 223282, "httpStatusCode": 200}', '00225027-0e05-430b-99bb-f3607fc991d2', NULL, '{}'),
	('102388c4-53dd-41c8-91bc-f1a1db4f35a4', 'markers', '255.png', NULL, '2024-12-26 08:52:48.2746+00', '2024-12-26 08:52:48.2746+00', '2024-12-26 08:52:48.2746+00', '{"eTag": "\"a726bbcca1e40383024a702e2dac3058\"", "size": 211461, "mimetype": "image/png", "cacheControl": "max-age=3600", "lastModified": "2024-12-26T08:52:49.000Z", "contentLength": 211461, "httpStatusCode": 200}', '42ce6a04-9f6b-432d-b516-a7fac44273e1', NULL, '{}'),
	('947645e0-6e4a-448b-ae2c-37067aeb8939', 'markers', '176.png', NULL, '2024-12-24 12:49:37.032016+00', '2024-12-24 12:49:37.032016+00', '2024-12-24 12:49:37.032016+00', '{"eTag": "\"ac95ae0acb0d3c1cff60d27be64bf821\"", "size": 254442, "mimetype": "image/png", "cacheControl": "max-age=3600", "lastModified": "2024-12-24T12:49:37.000Z", "contentLength": 254442, "httpStatusCode": 200}', 'a8ba84eb-5f9d-43ab-be7c-a1d5742852c8', NULL, '{}'),
	('59c3e47f-b25b-4170-8096-132f96868724', 'markers', '177.png', NULL, '2024-12-24 12:49:37.92068+00', '2024-12-24 12:49:37.92068+00', '2024-12-24 12:49:37.92068+00', '{"eTag": "\"608eaea0c9c42ab097d5f301e523092e\"", "size": 104164, "mimetype": "image/png", "cacheControl": "max-age=3600", "lastModified": "2024-12-24T12:49:38.000Z", "contentLength": 104164, "httpStatusCode": 200}', 'aa6fd037-c764-4f6d-a704-84c63aa71531', NULL, '{}'),
	('9ff6effa-f2b3-4982-9f9e-2fc5cf19792f', 'markers', '256.png', NULL, '2024-12-26 08:52:49.956187+00', '2024-12-26 08:52:49.956187+00', '2024-12-26 08:52:49.956187+00', '{"eTag": "\"00588f267de9f509af9c5e5ffdee9736\"", "size": 7912, "mimetype": "image/png", "cacheControl": "max-age=3600", "lastModified": "2024-12-26T08:52:50.000Z", "contentLength": 7912, "httpStatusCode": 200}', '844610ab-c480-42a2-88a0-0c44459ee4e2', NULL, '{}'),
	('930ac30e-4eb1-4874-9298-da6e00101a9c', 'markers', '178.png', NULL, '2024-12-24 12:49:40.837527+00', '2024-12-24 12:49:40.837527+00', '2024-12-24 12:49:40.837527+00', '{"eTag": "\"12b42019a7e0cbd183172df51444d777\"", "size": 139454, "mimetype": "image/png", "cacheControl": "max-age=3600", "lastModified": "2024-12-24T12:49:41.000Z", "contentLength": 139454, "httpStatusCode": 200}', 'c2dc174f-bcc3-46e4-82b4-6ab645943a92', NULL, '{}'),
	('b8820527-fb97-4290-98f3-0696c552e3ab', 'markers', '179.png', NULL, '2024-12-24 12:49:42.545403+00', '2024-12-24 12:49:42.545403+00', '2024-12-24 12:49:42.545403+00', '{"eTag": "\"a6d37dcf81da1a1d718a661d5ecea649\"", "size": 157483, "mimetype": "image/png", "cacheControl": "max-age=3600", "lastModified": "2024-12-24T12:49:43.000Z", "contentLength": 157483, "httpStatusCode": 200}', 'cf16d529-064d-46ed-8498-264a5cc97f48', NULL, '{}'),
	('98a77646-268d-4be2-be95-6f5ad319e41f', 'markers', '180.png', NULL, '2024-12-24 12:49:43.871103+00', '2024-12-24 12:49:43.871103+00', '2024-12-24 12:49:43.871103+00', '{"eTag": "\"9b61493040d36e0b9a41f3dacc9b6a79\"", "size": 228293, "mimetype": "image/png", "cacheControl": "max-age=3600", "lastModified": "2024-12-24T12:49:44.000Z", "contentLength": 228293, "httpStatusCode": 200}', 'db8af3a6-16ec-4a24-9c3d-636d7dbe4c79', NULL, '{}'),
	('a517e6a8-c15e-4279-b15c-f787db7036b8', 'markers', '181.png', NULL, '2024-12-24 12:49:45.472228+00', '2024-12-24 12:49:45.472228+00', '2024-12-24 12:49:45.472228+00', '{"eTag": "\"ef390b4852b795d362b23cae3fb8e154\"", "size": 155214, "mimetype": "image/png", "cacheControl": "max-age=3600", "lastModified": "2024-12-24T12:49:46.000Z", "contentLength": 155214, "httpStatusCode": 200}', '799af582-1926-434e-a1fa-e7960be95fc6', NULL, '{}'),
	('e300683a-eade-4292-a8ba-b4b090933aca', 'markers', '182.png', NULL, '2024-12-24 12:49:47.507284+00', '2024-12-24 12:49:47.507284+00', '2024-12-24 12:49:47.507284+00', '{"eTag": "\"0440e07f6bc37bff5aa3f521ed1303b7\"", "size": 221404, "mimetype": "image/png", "cacheControl": "max-age=3600", "lastModified": "2024-12-24T12:49:48.000Z", "contentLength": 221404, "httpStatusCode": 200}', '5657df81-b4c2-45e3-9831-4c61315822e7', NULL, '{}'),
	('ba56f022-bac1-40a5-983f-254fe5bd73ee', 'markers', '183.png', NULL, '2024-12-24 12:49:49.843466+00', '2024-12-24 12:49:49.843466+00', '2024-12-24 12:49:49.843466+00', '{"eTag": "\"1ce676627adbc5f60d472172268e2e0f\"", "size": 243134, "mimetype": "image/png", "cacheControl": "max-age=3600", "lastModified": "2024-12-24T12:49:50.000Z", "contentLength": 243134, "httpStatusCode": 200}', '3237b9bc-22da-4c29-a1bc-9b535a8dcdd9', NULL, '{}'),
	('ba0cb5c9-7484-43eb-b43e-67753d217b38', 'markers', '184.png', NULL, '2024-12-24 12:49:51.981221+00', '2024-12-24 12:49:51.981221+00', '2024-12-24 12:49:51.981221+00', '{"eTag": "\"9ff8ce1679750308ca5357c28f199263\"", "size": 332405, "mimetype": "image/png", "cacheControl": "max-age=3600", "lastModified": "2024-12-24T12:49:52.000Z", "contentLength": 332405, "httpStatusCode": 200}', '3b73f727-94cc-46c8-ae0b-14251a579a0b', NULL, '{}'),
	('176acb83-fc69-46bb-8d83-c1b87f89c97a', 'markers', '185.png', NULL, '2024-12-24 12:49:54.592551+00', '2024-12-24 12:49:54.592551+00', '2024-12-24 12:49:54.592551+00', '{"eTag": "\"405d0fb98254c202683caf81311ec332\"", "size": 267336, "mimetype": "image/png", "cacheControl": "max-age=3600", "lastModified": "2024-12-24T12:49:55.000Z", "contentLength": 267336, "httpStatusCode": 200}', 'd4785abf-ca01-44e7-bf42-96d2c3f68683', NULL, '{}'),
	('82d3056c-caf7-4e2a-b4b5-714105d86c93', 'markers', '186.png', NULL, '2024-12-24 12:49:56.235006+00', '2024-12-24 12:49:56.235006+00', '2024-12-24 12:49:56.235006+00', '{"eTag": "\"bdc547b89532fe8bc5d2f3a008493af7\"", "size": 312766, "mimetype": "image/png", "cacheControl": "max-age=3600", "lastModified": "2024-12-24T12:49:57.000Z", "contentLength": 312766, "httpStatusCode": 200}', '95d37f74-4f1c-4187-a4e7-d1340a0399a1', NULL, '{}'),
	('ad136d6a-a124-4a62-b38b-fc832dd9e604', 'markers', '187.png', NULL, '2024-12-24 12:49:58.230959+00', '2024-12-24 12:49:58.230959+00', '2024-12-24 12:49:58.230959+00', '{"eTag": "\"00588f267de9f509af9c5e5ffdee9736\"", "size": 7912, "mimetype": "image/png", "cacheControl": "max-age=3600", "lastModified": "2024-12-24T12:49:59.000Z", "contentLength": 7912, "httpStatusCode": 200}', 'aae4f188-8849-4341-a813-31860a122bb2', NULL, '{}'),
	('e8e0594a-4446-4ed9-8f28-f7719f9f550a', 'markers', '257.png', NULL, '2024-12-26 08:52:52.463045+00', '2024-12-26 08:52:52.463045+00', '2024-12-26 08:52:52.463045+00', '{"eTag": "\"fa85433054e7a0f6ae193f078eada2e2\"", "size": 195979, "mimetype": "image/png", "cacheControl": "max-age=3600", "lastModified": "2024-12-26T08:52:53.000Z", "contentLength": 195979, "httpStatusCode": 200}', '608b79ec-9b2e-46d7-b49a-1e467a1eb0f6', NULL, '{}'),
	('71694d3c-b445-4cc0-975a-2038b84ac493', 'markers', '188.png', NULL, '2024-12-24 12:50:01.079373+00', '2024-12-24 12:50:01.079373+00', '2024-12-24 12:50:01.079373+00', '{"eTag": "\"a8b81322b1ef212a992d24456e4ffac0\"", "size": 178207, "mimetype": "image/png", "cacheControl": "max-age=3600", "lastModified": "2024-12-24T12:50:01.000Z", "contentLength": 178207, "httpStatusCode": 200}', '4433c3cf-ebc3-452a-b014-d39f32324a84', NULL, '{}'),
	('fd0b7573-2ab1-49a3-b181-87438538c242', 'markers', '189.png', NULL, '2024-12-24 12:50:02.498452+00', '2024-12-24 12:50:02.498452+00', '2024-12-24 12:50:02.498452+00', '{"eTag": "\"6eb7519e3bf31dc50ba5baf5080cad09\"", "size": 145516, "mimetype": "image/png", "cacheControl": "max-age=3600", "lastModified": "2024-12-24T12:50:03.000Z", "contentLength": 145516, "httpStatusCode": 200}', 'd5f9676a-70f9-4cf3-8721-cd1564ddf77b', NULL, '{}'),
	('6f88dae3-3a48-4c3d-9866-830ed08ff0fc', 'markers', '258.png', NULL, '2024-12-26 08:52:53.810109+00', '2024-12-26 08:52:53.810109+00', '2024-12-26 08:52:53.810109+00', '{"eTag": "\"fecc66e5b59c5b6f067771f2cf664697\"", "size": 248491, "mimetype": "image/png", "cacheControl": "max-age=3600", "lastModified": "2024-12-26T08:52:54.000Z", "contentLength": 248491, "httpStatusCode": 200}', '29a9fcbc-792b-4b03-a6d2-0329ad91e716', NULL, '{}'),
	('e3e6bc89-e57a-4fd8-8c46-5c3a2487c2e9', 'markers', '190.png', NULL, '2024-12-24 12:50:03.761386+00', '2024-12-24 12:50:03.761386+00', '2024-12-24 12:50:03.761386+00', '{"eTag": "\"fecc66e5b59c5b6f067771f2cf664697\"", "size": 248491, "mimetype": "image/png", "cacheControl": "max-age=3600", "lastModified": "2024-12-24T12:50:04.000Z", "contentLength": 248491, "httpStatusCode": 200}', '9d531fd4-c316-4a03-8fbb-bc99ca0d8b8f', NULL, '{}'),
	('cec63599-4b37-4784-a8ce-2a49d275cbc6', 'markers', '191.png', NULL, '2024-12-24 12:50:08.479045+00', '2024-12-24 12:50:08.479045+00', '2024-12-24 12:50:08.479045+00', '{"eTag": "\"86f774ab989bd2e9634e4e994e904305\"", "size": 175112, "mimetype": "image/png", "cacheControl": "max-age=3600", "lastModified": "2024-12-24T12:50:09.000Z", "contentLength": 175112, "httpStatusCode": 200}', '1d29b778-b777-4998-a7e7-6f1ff2c8472e', NULL, '{}'),
	('331b741d-b38c-4554-b3fe-c55248e39867', 'markers', '259.png', NULL, '2024-12-26 08:52:54.599695+00', '2024-12-26 08:52:54.599695+00', '2024-12-26 08:52:54.599695+00', '{"eTag": "\"86f774ab989bd2e9634e4e994e904305\"", "size": 175112, "mimetype": "image/png", "cacheControl": "max-age=3600", "lastModified": "2024-12-26T08:52:55.000Z", "contentLength": 175112, "httpStatusCode": 200}', '25b3c2a9-9270-4773-951f-6f7c9a65a07e', NULL, '{}'),
	('c0907854-4a2f-48e2-9138-aa4a50e078fd', 'markers', '192.png', NULL, '2024-12-24 12:53:08.748699+00', '2024-12-24 12:53:08.748699+00', '2024-12-24 12:53:08.748699+00', '{"eTag": "\"a4c5358a5aeb0a4b8b40af804823907c\"", "size": 298197, "mimetype": "image/png", "cacheControl": "max-age=3600", "lastModified": "2024-12-24T12:53:09.000Z", "contentLength": 298197, "httpStatusCode": 200}', 'e34cd51a-4661-43c5-bc28-55d9a926b36f', NULL, '{}'),
	('be13e480-d6e9-442b-b7ea-3723ba1bcf96', 'markers', '212.png', NULL, '2024-12-24 12:55:04.426398+00', '2024-12-24 12:55:04.426398+00', '2024-12-24 12:55:04.426398+00', '{"eTag": "\"a4c5358a5aeb0a4b8b40af804823907c\"", "size": 298197, "mimetype": "image/png", "cacheControl": "max-age=3600", "lastModified": "2024-12-24T12:55:05.000Z", "contentLength": 298197, "httpStatusCode": 200}', 'd8e21204-e74a-4232-8745-63d91527d28e', NULL, '{}'),
	('b6a76d0c-b4d0-456c-b363-549547491093', 'markers', '213.png', NULL, '2024-12-24 12:55:05.62482+00', '2024-12-24 12:55:05.62482+00', '2024-12-24 12:55:05.62482+00', '{"eTag": "\"9f327fab938b77be543bc525be11c9db\"", "size": 178528, "mimetype": "image/png", "cacheControl": "max-age=3600", "lastModified": "2024-12-24T12:55:06.000Z", "contentLength": 178528, "httpStatusCode": 200}', '8b50f41c-0fd6-474f-89be-9fbe1c69e7ae', NULL, '{}'),
	('f2870716-fd0f-4dc3-b68b-bb533fd24de9', 'markers', '214.png', NULL, '2024-12-24 12:55:09.630747+00', '2024-12-24 12:55:09.630747+00', '2024-12-24 12:55:09.630747+00', '{"eTag": "\"e844d34607c1a3fa917b01c3789862d7\"", "size": 262118, "mimetype": "image/png", "cacheControl": "max-age=3600", "lastModified": "2024-12-24T12:55:10.000Z", "contentLength": 262118, "httpStatusCode": 200}', '4f5e60aa-c851-42bc-91dd-39c112840972', NULL, '{}'),
	('6f7a8929-9154-400a-9c56-ca4d437cb521', 'markers', '215.png', NULL, '2024-12-24 12:55:10.814028+00', '2024-12-24 12:55:10.814028+00', '2024-12-24 12:55:10.814028+00', '{"eTag": "\"84f78d3e628bfe3d93bec9d5ab9ce029\"", "size": 223282, "mimetype": "image/png", "cacheControl": "max-age=3600", "lastModified": "2024-12-24T12:55:11.000Z", "contentLength": 223282, "httpStatusCode": 200}', 'd7bf0415-a165-475b-b950-7d971c66228e', NULL, '{}'),
	('45959083-1dc6-4818-9119-e71eff7bcd0f', 'markers', '216.png', NULL, '2024-12-24 12:55:12.629655+00', '2024-12-24 12:55:12.629655+00', '2024-12-24 12:55:12.629655+00', '{"eTag": "\"ac95ae0acb0d3c1cff60d27be64bf821\"", "size": 254442, "mimetype": "image/png", "cacheControl": "max-age=3600", "lastModified": "2024-12-24T12:55:13.000Z", "contentLength": 254442, "httpStatusCode": 200}', '9915fa7f-051e-4084-a633-e985c5755f6a', NULL, '{}'),
	('d33595a2-0612-4ea7-9184-a94095b23091', 'markers', '217.png', NULL, '2024-12-24 12:55:15.724409+00', '2024-12-24 12:55:15.724409+00', '2024-12-24 12:55:15.724409+00', '{"eTag": "\"608eaea0c9c42ab097d5f301e523092e\"", "size": 104164, "mimetype": "image/png", "cacheControl": "max-age=3600", "lastModified": "2024-12-24T12:55:16.000Z", "contentLength": 104164, "httpStatusCode": 200}', '553311ab-6a2b-4f48-b5f3-4daebd14e251', NULL, '{}'),
	('f481eb5c-ab1a-4d04-b635-07407cd3ce95', 'markers', '218.png', NULL, '2024-12-24 12:55:17.358299+00', '2024-12-24 12:55:17.358299+00', '2024-12-24 12:55:17.358299+00', '{"eTag": "\"12b42019a7e0cbd183172df51444d777\"", "size": 139454, "mimetype": "image/png", "cacheControl": "max-age=3600", "lastModified": "2024-12-24T12:55:18.000Z", "contentLength": 139454, "httpStatusCode": 200}', '76869068-ca9b-4db9-889b-ec77bed448de', NULL, '{}'),
	('4507c084-8164-4393-a8e5-5e0989a42018', 'markers', '219.png', NULL, '2024-12-24 12:55:18.43096+00', '2024-12-24 12:55:18.43096+00', '2024-12-24 12:55:18.43096+00', '{"eTag": "\"a6d37dcf81da1a1d718a661d5ecea649\"", "size": 157483, "mimetype": "image/png", "cacheControl": "max-age=3600", "lastModified": "2024-12-24T12:55:19.000Z", "contentLength": 157483, "httpStatusCode": 200}', '93852a43-89e9-45b8-9842-7069b3a735e3', NULL, '{}'),
	('9ebfe062-2264-4f23-928a-f5b3d7b372d2', 'markers', '220.png', NULL, '2024-12-24 12:55:19.631104+00', '2024-12-24 12:55:19.631104+00', '2024-12-24 12:55:19.631104+00', '{"eTag": "\"9b61493040d36e0b9a41f3dacc9b6a79\"", "size": 228293, "mimetype": "image/png", "cacheControl": "max-age=3600", "lastModified": "2024-12-24T12:55:20.000Z", "contentLength": 228293, "httpStatusCode": 200}', '7b29c2a8-c53f-4f96-a054-33fc0ce5c978', NULL, '{}'),
	('3a7e77c9-567f-4233-ab5f-ce62534af832', 'markers', '221.png', NULL, '2024-12-24 12:55:20.827145+00', '2024-12-24 12:55:20.827145+00', '2024-12-24 12:55:20.827145+00', '{"eTag": "\"ef390b4852b795d362b23cae3fb8e154\"", "size": 155214, "mimetype": "image/png", "cacheControl": "max-age=3600", "lastModified": "2024-12-24T12:55:21.000Z", "contentLength": 155214, "httpStatusCode": 200}', '4cf8fcc3-c690-4267-a8d3-b5523c9fe293', NULL, '{}'),
	('41eca8fb-22bb-4aad-9b91-83db64d0d221', 'markers', '222.png', NULL, '2024-12-24 12:55:22.187514+00', '2024-12-24 12:55:22.187514+00', '2024-12-24 12:55:22.187514+00', '{"eTag": "\"0440e07f6bc37bff5aa3f521ed1303b7\"", "size": 221404, "mimetype": "image/png", "cacheControl": "max-age=3600", "lastModified": "2024-12-24T12:55:22.000Z", "contentLength": 221404, "httpStatusCode": 200}', '4a6bad54-464b-481f-b53f-d8d60c6b0ccc', NULL, '{}'),
	('492b3e2a-6f6e-4142-9f2a-fc927a71f530', 'markers', '223.png', NULL, '2024-12-24 12:55:23.264783+00', '2024-12-24 12:55:23.264783+00', '2024-12-24 12:55:23.264783+00', '{"eTag": "\"1ce676627adbc5f60d472172268e2e0f\"", "size": 243134, "mimetype": "image/png", "cacheControl": "max-age=3600", "lastModified": "2024-12-24T12:55:24.000Z", "contentLength": 243134, "httpStatusCode": 200}', 'cc06e0a8-819d-4bd2-b2ba-d6c6a73d6137', NULL, '{}'),
	('734fef49-8c7d-4bca-8105-55e899618f33', 'markers', '224.png', NULL, '2024-12-24 12:55:24.425104+00', '2024-12-24 12:55:24.425104+00', '2024-12-24 12:55:24.425104+00', '{"eTag": "\"9ff8ce1679750308ca5357c28f199263\"", "size": 332405, "mimetype": "image/png", "cacheControl": "max-age=3600", "lastModified": "2024-12-24T12:55:25.000Z", "contentLength": 332405, "httpStatusCode": 200}', '0a8eac78-f2b2-4b5f-8fa6-6e864d197621', NULL, '{}'),
	('7f601d01-46cc-432d-953e-dd9438ab9884', 'markers', '225.png', NULL, '2024-12-24 12:55:25.69458+00', '2024-12-24 12:55:25.69458+00', '2024-12-24 12:55:25.69458+00', '{"eTag": "\"405d0fb98254c202683caf81311ec332\"", "size": 267336, "mimetype": "image/png", "cacheControl": "max-age=3600", "lastModified": "2024-12-24T12:55:26.000Z", "contentLength": 267336, "httpStatusCode": 200}', 'fff0467f-d80f-4019-be59-8947d9af12a7', NULL, '{}'),
	('01abf901-1081-4289-a691-c49e2e136e61', 'markers', '2.png', NULL, '2024-12-26 19:18:25.460339+00', '2024-12-26 19:20:09.45614+00', '2024-12-26 19:18:25.460339+00', '{"eTag": "\"e90944ef37bea954e8f08e7fa8092536\"", "size": 69773, "mimetype": "image/png", "cacheControl": "max-age=3600", "lastModified": "2024-12-26T19:20:10.000Z", "contentLength": 69773, "httpStatusCode": 200}', 'da9cb63b-b6ba-40a5-a012-78b72cb092fd', NULL, '{}'),
	('98c17104-b0e6-4bbc-a126-45b917b94c64', 'markers', '226.png', NULL, '2024-12-24 12:55:26.637099+00', '2024-12-24 12:55:26.637099+00', '2024-12-24 12:55:26.637099+00', '{"eTag": "\"bdc547b89532fe8bc5d2f3a008493af7\"", "size": 312766, "mimetype": "image/png", "cacheControl": "max-age=3600", "lastModified": "2024-12-24T12:55:27.000Z", "contentLength": 312766, "httpStatusCode": 200}', 'a9cb5219-aa96-45fc-898d-645ca8be8fa7', NULL, '{}'),
	('926e5566-f1b9-43b8-8fe2-f2d3c38350b9', 'markers', '3.png', NULL, '2024-12-26 19:18:34.351755+00', '2024-12-26 19:20:38.644042+00', '2024-12-26 19:18:34.351755+00', '{"eTag": "\"185ba8418c949e989f8194361d6283e4\"", "size": 258099, "mimetype": "image/png", "cacheControl": "max-age=3600", "lastModified": "2024-12-26T19:20:39.000Z", "contentLength": 258099, "httpStatusCode": 200}', 'c18e9647-29e2-4769-b894-f7f8a40a8300', NULL, '{}'),
	('50347a69-4427-4ff5-a16d-f8571feae316', 'markers', '227.png', NULL, '2024-12-24 12:55:29.349026+00', '2024-12-24 12:55:29.349026+00', '2024-12-24 12:55:29.349026+00', '{"eTag": "\"00588f267de9f509af9c5e5ffdee9736\"", "size": 7912, "mimetype": "image/png", "cacheControl": "max-age=3600", "lastModified": "2024-12-24T12:55:30.000Z", "contentLength": 7912, "httpStatusCode": 200}', 'f8a76a25-f9f6-4782-8341-cfcb880a5cea', NULL, '{}'),
	('25d7462c-62b2-4e7e-8528-e1a95f376741', 'markers', '228.png', NULL, '2024-12-24 12:55:30.5503+00', '2024-12-24 12:55:30.5503+00', '2024-12-24 12:55:30.5503+00', '{"eTag": "\"a8b81322b1ef212a992d24456e4ffac0\"", "size": 178207, "mimetype": "image/png", "cacheControl": "max-age=3600", "lastModified": "2024-12-24T12:55:31.000Z", "contentLength": 178207, "httpStatusCode": 200}', 'b208d57e-0045-41bb-a20b-357fd788b035', NULL, '{}'),
	('feb599fe-fe78-494f-b338-eaf5dd68a60a', 'markers', '229.png', NULL, '2024-12-24 12:55:31.372461+00', '2024-12-24 12:55:31.372461+00', '2024-12-24 12:55:31.372461+00', '{"eTag": "\"6eb7519e3bf31dc50ba5baf5080cad09\"", "size": 145516, "mimetype": "image/png", "cacheControl": "max-age=3600", "lastModified": "2024-12-24T12:55:32.000Z", "contentLength": 145516, "httpStatusCode": 200}', 'cfceee17-8218-4cc3-81de-a47fe2012a53', NULL, '{}'),
	('76673958-956b-4466-a075-f40250d83987', 'markers', '230.png', NULL, '2024-12-24 12:55:32.117378+00', '2024-12-24 12:55:32.117378+00', '2024-12-24 12:55:32.117378+00', '{"eTag": "\"fecc66e5b59c5b6f067771f2cf664697\"", "size": 248491, "mimetype": "image/png", "cacheControl": "max-age=3600", "lastModified": "2024-12-24T12:55:32.000Z", "contentLength": 248491, "httpStatusCode": 200}', '6815a09c-91ec-4c00-9611-f7be16227525', NULL, '{}'),
	('f46ebbf0-ba3f-4ddf-856c-2a8dca31b2f6', 'markers', '231.png', NULL, '2024-12-24 12:55:34.002766+00', '2024-12-24 12:55:34.002766+00', '2024-12-24 12:55:34.002766+00', '{"eTag": "\"86f774ab989bd2e9634e4e994e904305\"", "size": 175112, "mimetype": "image/png", "cacheControl": "max-age=3600", "lastModified": "2024-12-24T12:55:34.000Z", "contentLength": 175112, "httpStatusCode": 200}', '7c29961b-f90f-40a7-afc8-16e52d3a80ed', NULL, '{}'),
	('0d3b76ef-7d27-4b7e-9db8-02ae6eeb80d6', 'markers', '232.png', NULL, '2024-12-24 12:57:04.806297+00', '2024-12-24 12:57:04.806297+00', '2024-12-24 12:57:04.806297+00', '{"eTag": "\"a4c5358a5aeb0a4b8b40af804823907c\"", "size": 298197, "mimetype": "image/png", "cacheControl": "max-age=3600", "lastModified": "2024-12-24T12:57:05.000Z", "contentLength": 298197, "httpStatusCode": 200}', 'f13caf9c-c1a0-4fe7-91cd-1ecfeb273135', NULL, '{}'),
	('6e2bdf46-c04e-4670-8649-0be8c18c6bee', 'markers', '233.png', NULL, '2024-12-24 12:57:05.649853+00', '2024-12-24 12:57:05.649853+00', '2024-12-24 12:57:05.649853+00', '{"eTag": "\"9f327fab938b77be543bc525be11c9db\"", "size": 178528, "mimetype": "image/png", "cacheControl": "max-age=3600", "lastModified": "2024-12-24T12:57:06.000Z", "contentLength": 178528, "httpStatusCode": 200}', 'a2fc3694-8c47-4fd9-a304-fb16ab024c2c', NULL, '{}'),
	('a2dc2090-3412-42a5-b70a-fefcce16bc77', 'markers', '234.png', NULL, '2024-12-24 12:57:06.579712+00', '2024-12-24 12:57:06.579712+00', '2024-12-24 12:57:06.579712+00', '{"eTag": "\"e844d34607c1a3fa917b01c3789862d7\"", "size": 262118, "mimetype": "image/png", "cacheControl": "max-age=3600", "lastModified": "2024-12-24T12:57:07.000Z", "contentLength": 262118, "httpStatusCode": 200}', 'bcf1dd0a-c2e9-4a10-a738-a7e2812f54c7', NULL, '{}'),
	('5bf0339d-0801-47fe-93e6-f3288162c097', 'markers', '235.png', NULL, '2024-12-24 12:57:07.468126+00', '2024-12-24 12:57:07.468126+00', '2024-12-24 12:57:07.468126+00', '{"eTag": "\"84f78d3e628bfe3d93bec9d5ab9ce029\"", "size": 223282, "mimetype": "image/png", "cacheControl": "max-age=3600", "lastModified": "2024-12-24T12:57:08.000Z", "contentLength": 223282, "httpStatusCode": 200}', '62337069-de71-432a-a9cb-cfadc155eec4', NULL, '{}'),
	('5d2c528c-a7d8-4db5-aacf-10076401ec80', 'markers', '236.png', NULL, '2024-12-24 12:57:08.173557+00', '2024-12-24 12:57:08.173557+00', '2024-12-24 12:57:08.173557+00', '{"eTag": "\"ac95ae0acb0d3c1cff60d27be64bf821\"", "size": 254442, "mimetype": "image/png", "cacheControl": "max-age=3600", "lastModified": "2024-12-24T12:57:09.000Z", "contentLength": 254442, "httpStatusCode": 200}', '40f80988-0d68-4813-8327-d80004ab3513', NULL, '{}'),
	('782cfa47-b5b7-4e50-a830-61bdecb0b0ff', 'markers', '237.png', NULL, '2024-12-24 12:57:08.89648+00', '2024-12-24 12:57:08.89648+00', '2024-12-24 12:57:08.89648+00', '{"eTag": "\"608eaea0c9c42ab097d5f301e523092e\"", "size": 104164, "mimetype": "image/png", "cacheControl": "max-age=3600", "lastModified": "2024-12-24T12:57:09.000Z", "contentLength": 104164, "httpStatusCode": 200}', '3765ff1c-ed90-4dce-aad8-2e242dba526b', NULL, '{}'),
	('4d4a72ca-107a-4211-a5ff-57907c0a3896', 'markers', '247.png', NULL, '2024-12-24 12:57:18.525445+00', '2024-12-26 09:38:14.019459+00', '2024-12-24 12:57:18.525445+00', '{"eTag": "\"9d25cbea01c28a09c33dcc6d01e81423\"", "size": 190427, "mimetype": "image/png", "cacheControl": "max-age=3600", "lastModified": "2024-12-26T09:38:14.000Z", "contentLength": 190427, "httpStatusCode": 200}', '5e1b4c06-c0aa-4cc4-b771-df59334ce43e', NULL, '{}'),
	('4042c78e-3607-4487-a4d4-acc11fc3521c', 'markers', '238.png', NULL, '2024-12-24 12:57:09.754548+00', '2024-12-24 12:57:09.754548+00', '2024-12-24 12:57:09.754548+00', '{"eTag": "\"12b42019a7e0cbd183172df51444d777\"", "size": 139454, "mimetype": "image/png", "cacheControl": "max-age=3600", "lastModified": "2024-12-24T12:57:10.000Z", "contentLength": 139454, "httpStatusCode": 200}', '44263632-2b79-49b1-ad73-f8f332951823', NULL, '{}'),
	('5a1c6fc9-0fd2-4c66-83c8-6be21b7f3287', 'markers', '239.png', NULL, '2024-12-24 12:57:10.889076+00', '2024-12-24 12:57:10.889076+00', '2024-12-24 12:57:10.889076+00', '{"eTag": "\"a6d37dcf81da1a1d718a661d5ecea649\"", "size": 157483, "mimetype": "image/png", "cacheControl": "max-age=3600", "lastModified": "2024-12-24T12:57:11.000Z", "contentLength": 157483, "httpStatusCode": 200}', '9e31a26e-8353-4ee6-b26f-ee5e72ce2c3e', NULL, '{}'),
	('cb2250d4-935b-4c12-bad9-c5582391d50f', 'markers', '240.png', NULL, '2024-12-24 12:57:11.595741+00', '2024-12-24 12:57:11.595741+00', '2024-12-24 12:57:11.595741+00', '{"eTag": "\"9b61493040d36e0b9a41f3dacc9b6a79\"", "size": 228293, "mimetype": "image/png", "cacheControl": "max-age=3600", "lastModified": "2024-12-24T12:57:12.000Z", "contentLength": 228293, "httpStatusCode": 200}', 'bb8be264-f9c9-4d71-aa3b-4a30cee5bfeb', NULL, '{}'),
	('b1466fe1-5713-4747-aeeb-eaedc43a3b0c', 'markers', '241.png', NULL, '2024-12-24 12:57:12.682385+00', '2024-12-24 12:57:12.682385+00', '2024-12-24 12:57:12.682385+00', '{"eTag": "\"ef390b4852b795d362b23cae3fb8e154\"", "size": 155214, "mimetype": "image/png", "cacheControl": "max-age=3600", "lastModified": "2024-12-24T12:57:13.000Z", "contentLength": 155214, "httpStatusCode": 200}', '034c354c-3515-4038-bd39-584e51b65b9e', NULL, '{}'),
	('523f20d0-d3f6-4ad9-b9d1-a8e4c49c32e6', 'markers', '242.png', NULL, '2024-12-24 12:57:13.734888+00', '2024-12-24 12:57:13.734888+00', '2024-12-24 12:57:13.734888+00', '{"eTag": "\"0440e07f6bc37bff5aa3f521ed1303b7\"", "size": 221404, "mimetype": "image/png", "cacheControl": "max-age=3600", "lastModified": "2024-12-24T12:57:14.000Z", "contentLength": 221404, "httpStatusCode": 200}', '8e5821f1-2795-4467-85bd-26d8ad4b4129', NULL, '{}'),
	('5abc872a-58e1-4cee-844b-0d253b603878', 'markers', '243.png', NULL, '2024-12-24 12:57:14.815233+00', '2024-12-24 12:57:14.815233+00', '2024-12-24 12:57:14.815233+00', '{"eTag": "\"1ce676627adbc5f60d472172268e2e0f\"", "size": 243134, "mimetype": "image/png", "cacheControl": "max-age=3600", "lastModified": "2024-12-24T12:57:15.000Z", "contentLength": 243134, "httpStatusCode": 200}', '75ad6a48-34f3-44e5-9710-f7033b449cd9', NULL, '{}'),
	('9173b151-4dae-42f7-8e36-89b7dd11df8a', 'markers', '244.png', NULL, '2024-12-24 12:57:15.597406+00', '2024-12-24 12:57:15.597406+00', '2024-12-24 12:57:15.597406+00', '{"eTag": "\"9ff8ce1679750308ca5357c28f199263\"", "size": 332405, "mimetype": "image/png", "cacheControl": "max-age=3600", "lastModified": "2024-12-24T12:57:16.000Z", "contentLength": 332405, "httpStatusCode": 200}', 'fe1ac2bd-2dcc-4190-9950-4935a1185ff1', NULL, '{}'),
	('91ac56c3-8e63-4fa1-aa97-87b2ae4ab191', 'markers', '245.png', NULL, '2024-12-24 12:57:16.713156+00', '2024-12-24 12:57:16.713156+00', '2024-12-24 12:57:16.713156+00', '{"eTag": "\"405d0fb98254c202683caf81311ec332\"", "size": 267336, "mimetype": "image/png", "cacheControl": "max-age=3600", "lastModified": "2024-12-24T12:57:17.000Z", "contentLength": 267336, "httpStatusCode": 200}', 'd57e9647-fba4-47a9-8dd4-026af35c5f79', NULL, '{}'),
	('9b316608-1235-4581-be70-aa9312ea9fb7', 'markers', '246.png', NULL, '2024-12-24 12:57:17.382913+00', '2024-12-24 12:57:17.382913+00', '2024-12-24 12:57:17.382913+00', '{"eTag": "\"bdc547b89532fe8bc5d2f3a008493af7\"", "size": 312766, "mimetype": "image/png", "cacheControl": "max-age=3600", "lastModified": "2024-12-24T12:57:18.000Z", "contentLength": 312766, "httpStatusCode": 200}', 'cb881ef2-9b85-42e4-ac1e-d7fc440820d4', NULL, '{}'),
	('59ec5474-1081-442d-b838-890b9e77fe05', 'markers', '248.png', NULL, '2024-12-24 12:57:19.648995+00', '2024-12-24 12:57:19.648995+00', '2024-12-24 12:57:19.648995+00', '{"eTag": "\"a8b81322b1ef212a992d24456e4ffac0\"", "size": 178207, "mimetype": "image/png", "cacheControl": "max-age=3600", "lastModified": "2024-12-24T12:57:20.000Z", "contentLength": 178207, "httpStatusCode": 200}', '0987d3fc-1f2d-4b63-ae5d-54d7e3435694', NULL, '{}'),
	('4172d911-face-47b6-903c-f4fd2baac7b8', 'markers', '249.png', NULL, '2024-12-24 12:57:20.439623+00', '2024-12-24 12:57:20.439623+00', '2024-12-24 12:57:20.439623+00', '{"eTag": "\"6eb7519e3bf31dc50ba5baf5080cad09\"", "size": 145516, "mimetype": "image/png", "cacheControl": "max-age=3600", "lastModified": "2024-12-24T12:57:21.000Z", "contentLength": 145516, "httpStatusCode": 200}', '0bb5e155-3f5f-4b7c-a648-5b2ccb2caddf', NULL, '{}'),
	('25d8f1d5-dc33-46a2-8f6d-260575639ac8', 'markers', '250.png', NULL, '2024-12-24 12:57:21.365999+00', '2024-12-24 12:57:21.365999+00', '2024-12-24 12:57:21.365999+00', '{"eTag": "\"fecc66e5b59c5b6f067771f2cf664697\"", "size": 248491, "mimetype": "image/png", "cacheControl": "max-age=3600", "lastModified": "2024-12-24T12:57:22.000Z", "contentLength": 248491, "httpStatusCode": 200}', 'fa178fff-88f3-4bdf-977d-6d889dc18fad', NULL, '{}'),
	('10dbb148-ad38-4ad8-9ba5-88ec8921af31', 'markers', '251.png', NULL, '2024-12-24 12:57:22.175568+00', '2024-12-24 12:57:22.175568+00', '2024-12-24 12:57:22.175568+00', '{"eTag": "\"86f774ab989bd2e9634e4e994e904305\"", "size": 175112, "mimetype": "image/png", "cacheControl": "max-age=3600", "lastModified": "2024-12-24T12:57:23.000Z", "contentLength": 175112, "httpStatusCode": 200}', 'db823fa6-886a-4783-be69-c3228e4abf28', NULL, '{}');


--
-- Data for Name: s3_multipart_uploads; Type: TABLE DATA; Schema: storage; Owner: supabase_storage_admin
--



--
-- Data for Name: s3_multipart_uploads_parts; Type: TABLE DATA; Schema: storage; Owner: supabase_storage_admin
--



--
-- Data for Name: hooks; Type: TABLE DATA; Schema: supabase_functions; Owner: supabase_functions_admin
--

INSERT INTO "supabase_functions"."hooks" ("id", "hook_table_id", "hook_name", "created_at", "request_id") VALUES
	(1, 2330903, 'transaction_completed_notification', '2024-12-15 14:01:50.147183+00', 1),
	(2, 2330903, 'transaction_completed_notification', '2024-12-15 14:01:50.147183+00', 2),
	(3, 2330897, 'reward_confirmation_request_notification', '2024-12-15 14:01:50.147183+00', 3),
	(4, 2330903, 'transaction_completed_notification', '2024-12-15 14:07:31.097308+00', 4),
	(5, 2330903, 'transaction_completed_notification', '2024-12-15 14:07:31.097308+00', 5),
	(6, 2330897, 'reward_confirmation_request_notification', '2024-12-15 14:07:31.097308+00', 6),
	(7, 2330903, 'transaction_completed_notification', '2024-12-15 14:18:14.306741+00', 7),
	(8, 2330903, 'transaction_completed_notification', '2024-12-15 14:18:14.306741+00', 8),
	(9, 2330897, 'reward_confirmation_request_notification', '2024-12-15 14:18:14.306741+00', 9),
	(10, 2330903, 'transaction_completed_notification', '2024-12-15 14:25:09.193898+00', 10),
	(11, 2330903, 'transaction_completed_notification', '2024-12-15 14:25:09.193898+00', 11),
	(12, 2330897, 'reward_confirmation_request_notification', '2024-12-15 14:25:09.193898+00', 12),
	(13, 2330903, 'transaction_completed_notification', '2024-12-15 14:26:24.744027+00', 13),
	(14, 2330903, 'transaction_completed_notification', '2024-12-15 14:26:24.744027+00', 14),
	(15, 2330897, 'reward_confirmation_request_notification', '2024-12-15 14:26:24.744027+00', 15),
	(16, 2330903, 'transaction_completed_notification', '2024-12-15 14:30:32.904814+00', 16),
	(17, 2330903, 'transaction_completed_notification', '2024-12-15 14:30:32.904814+00', 17),
	(18, 2330897, 'reward_confirmation_request_notification', '2024-12-15 14:30:32.904814+00', 18),
	(19, 2330903, 'transaction_completed_notification', '2024-12-15 14:32:22.499092+00', 19),
	(20, 2330897, 'reward_confirmation_request_notification', '2024-12-15 14:32:22.499092+00', 20),
	(21, 2330903, 'transaction_completed_notification', '2024-12-15 14:47:03.624964+00', 21),
	(22, 2330897, 'reward_confirmation_request_notification', '2024-12-15 14:47:03.624964+00', 22),
	(23, 2330903, 'transaction_completed_notification', '2024-12-15 14:48:22.040521+00', 23),
	(24, 2330903, 'transaction_completed_notification', '2024-12-15 14:48:22.040521+00', 24),
	(25, 2330897, 'reward_confirmation_request_notification', '2024-12-15 14:48:22.040521+00', 25),
	(26, 2330903, 'transaction_completed_notification', '2024-12-15 14:48:26.748122+00', 26),
	(27, 2330903, 'transaction_completed_notification', '2024-12-15 14:48:26.748122+00', 27),
	(28, 2330897, 'reward_confirmation_request_notification', '2024-12-15 14:48:26.748122+00', 28),
	(29, 2330903, 'transaction_completed_notification', '2024-12-15 14:48:29.659411+00', 29),
	(30, 2330903, 'transaction_completed_notification', '2024-12-15 14:48:29.659411+00', 30),
	(31, 2330897, 'reward_confirmation_request_notification', '2024-12-15 14:48:29.659411+00', 31),
	(32, 2330903, 'transaction_completed_notification', '2024-12-15 14:48:33.012599+00', 32),
	(33, 2330903, 'transaction_completed_notification', '2024-12-15 14:48:33.012599+00', 33),
	(34, 2330897, 'reward_confirmation_request_notification', '2024-12-15 14:48:33.012599+00', 34),
	(35, 2330903, 'transaction_completed_notification', '2024-12-15 14:48:37.282606+00', 35),
	(36, 2330903, 'transaction_completed_notification', '2024-12-15 14:48:37.282606+00', 36),
	(37, 2330897, 'reward_confirmation_request_notification', '2024-12-15 14:48:37.282606+00', 37),
	(38, 2330903, 'transaction_completed_notification', '2024-12-15 14:48:41.436896+00', 38),
	(39, 2330897, 'reward_confirmation_request_notification', '2024-12-15 14:48:41.436896+00', 39),
	(40, 2330897, 'reward_confirmation_request_notification', '2024-12-15 14:48:41.436896+00', 40),
	(41, 2330903, 'transaction_completed_notification', '2024-12-15 14:48:46.094621+00', 41),
	(42, 2330897, 'reward_confirmation_request_notification', '2024-12-15 14:48:46.094621+00', 42),
	(43, 2330897, 'reward_confirmation_request_notification', '2024-12-15 14:48:46.094621+00', 43),
	(44, 2330903, 'transaction_completed_notification', '2024-12-15 14:53:09.823243+00', 44),
	(45, 2330897, 'reward_confirmation_request_notification', '2024-12-15 14:53:09.823243+00', 45),
	(46, 2330903, 'transaction_completed_notification', '2024-12-15 14:53:21.510176+00', 46),
	(47, 2330897, 'reward_confirmation_request_notification', '2024-12-15 14:53:21.510176+00', 47),
	(48, 2330903, 'transaction_completed_notification', '2024-12-15 14:58:49.820242+00', 48),
	(49, 2330897, 'reward_confirmation_request_notification', '2024-12-15 14:58:49.820242+00', 49),
	(50, 2330903, 'transaction_completed_notification', '2024-12-15 14:59:36.161792+00', 50),
	(51, 2330897, 'reward_confirmation_request_notification', '2024-12-15 14:59:36.161792+00', 51),
	(52, 2330903, 'transaction_completed_notification', '2024-12-15 15:00:12.976582+00', 52),
	(53, 2330897, 'reward_confirmation_request_notification', '2024-12-15 15:00:12.976582+00', 53),
	(54, 2330903, 'transaction_completed_notification', '2024-12-15 15:01:04.903007+00', 54),
	(55, 2330897, 'reward_confirmation_request_notification', '2024-12-15 15:01:04.903007+00', 55),
	(56, 2330903, 'transaction_completed_notification', '2024-12-15 15:01:28.108479+00', 56),
	(57, 2330897, 'reward_confirmation_request_notification', '2024-12-15 15:01:28.108479+00', 57),
	(58, 2330903, 'transaction_completed_notification', '2024-12-15 15:01:38.37584+00', 58),
	(59, 2330897, 'reward_confirmation_request_notification', '2024-12-15 15:01:38.37584+00', 59),
	(60, 2330903, 'transaction_completed_notification', '2024-12-15 15:01:54.869809+00', 60),
	(61, 2330897, 'reward_confirmation_request_notification', '2024-12-15 15:01:54.869809+00', 61),
	(62, 2330903, 'transaction_completed_notification', '2024-12-15 15:02:38.864179+00', 62),
	(63, 2330897, 'reward_confirmation_request_notification', '2024-12-15 15:02:38.864179+00', 63),
	(64, 2330903, 'transaction_completed_notification', '2024-12-15 15:02:40.803335+00', 64),
	(65, 2330897, 'reward_confirmation_request_notification', '2024-12-15 15:02:40.803335+00', 65),
	(66, 2330903, 'transaction_completed_notification', '2024-12-15 15:02:42.827584+00', 66),
	(67, 2330897, 'reward_confirmation_request_notification', '2024-12-15 15:02:42.827584+00', 67),
	(68, 2330903, 'transaction_completed_notification', '2024-12-15 15:02:44.960762+00', 68),
	(69, 2330897, 'reward_confirmation_request_notification', '2024-12-15 15:02:44.960762+00', 69),
	(70, 2330903, 'transaction_completed_notification', '2024-12-15 15:02:46.659763+00', 70),
	(71, 2330897, 'reward_confirmation_request_notification', '2024-12-15 15:02:46.659763+00', 71),
	(72, 2330903, 'transaction_completed_notification', '2024-12-15 15:02:48.427152+00', 72),
	(73, 2330897, 'reward_confirmation_request_notification', '2024-12-15 15:02:48.427152+00', 73),
	(74, 2330903, 'transaction_completed_notification', '2024-12-15 15:02:50.071532+00', 74),
	(75, 2330897, 'reward_confirmation_request_notification', '2024-12-15 15:02:50.071532+00', 75),
	(76, 2330903, 'transaction_completed_notification', '2024-12-15 17:48:52.483143+00', 76),
	(77, 2330903, 'transaction_completed_notification', '2024-12-15 17:48:52.483143+00', 77),
	(78, 2330897, 'reward_confirmation_request_notification', '2024-12-15 17:48:52.483143+00', 78),
	(79, 2330903, 'transaction_completed_notification', '2024-12-15 17:49:58.121726+00', 79),
	(80, 2330903, 'transaction_completed_notification', '2024-12-15 17:49:58.121726+00', 80),
	(81, 2330897, 'reward_confirmation_request_notification', '2024-12-15 17:49:58.121726+00', 81),
	(82, 2330903, 'transaction_completed_notification', '2024-12-15 19:48:36.67681+00', 82),
	(83, 2330897, 'reward_confirmation_request_notification', '2024-12-15 19:48:36.67681+00', 83),
	(84, 2330903, 'transaction_completed_notification', '2024-12-15 19:51:15.599023+00', 84),
	(85, 2330897, 'reward_confirmation_request_notification', '2024-12-15 19:51:15.599023+00', 85),
	(86, 2330897, 'reward_confirmation_request_notification', '2024-12-15 19:51:15.599023+00', 86),
	(87, 2330903, 'transaction_completed_notification', '2024-12-16 13:28:07.851522+00', 87),
	(88, 2330897, 'reward_confirmation_request_notification', '2024-12-16 13:28:07.851522+00', 88),
	(89, 2330897, 'reward_confirmation_request_notification', '2024-12-16 13:28:07.851522+00', 89),
	(90, 2330903, 'transaction_completed_notification', '2024-12-16 13:28:24.562941+00', 90),
	(91, 2330897, 'reward_confirmation_request_notification', '2024-12-16 13:28:24.562941+00', 91),
	(92, 2330903, 'transaction_completed_notification', '2024-12-17 08:26:53.516562+00', 92),
	(93, 2330897, 'reward_confirmation_request_notification', '2024-12-17 08:26:53.516562+00', 93),
	(94, 2330897, 'reward_confirmation_request_notification', '2024-12-17 08:26:53.516562+00', 94),
	(95, 2330903, 'transaction_completed_notification', '2024-12-17 08:27:28.819692+00', 95),
	(96, 2330897, 'reward_confirmation_request_notification', '2024-12-17 08:27:28.819692+00', 96),
	(97, 2330903, 'transaction_completed_notification', '2024-12-17 21:43:39.185813+00', 97),
	(98, 2330903, 'transaction_completed_notification', '2024-12-17 21:43:39.185813+00', 98),
	(99, 2330897, 'reward_confirmation_request_notification', '2024-12-17 21:43:39.185813+00', 99),
	(100, 2330903, 'transaction_completed_notification', '2024-12-17 21:44:10.117312+00', 100),
	(101, 2330903, 'transaction_completed_notification', '2024-12-17 21:44:10.117312+00', 101),
	(102, 2330897, 'reward_confirmation_request_notification', '2024-12-17 21:44:10.117312+00', 102),
	(103, 2330903, 'transaction_completed_notification', '2024-12-18 06:54:58.993152+00', 103),
	(104, 2330897, 'reward_confirmation_request_notification', '2024-12-18 06:54:58.993152+00', 104),
	(105, 2330897, 'reward_confirmation_request_notification', '2024-12-18 06:54:58.993152+00', 105),
	(106, 2330903, 'transaction_completed_notification', '2024-12-18 06:55:40.126322+00', 106),
	(107, 2330897, 'reward_confirmation_request_notification', '2024-12-18 06:55:40.126322+00', 107),
	(108, 2330897, 'reward_confirmation_request_notification', '2024-12-18 06:55:40.126322+00', 108),
	(109, 2330903, 'transaction_completed_notification', '2024-12-18 07:01:04.105694+00', 109),
	(110, 2330897, 'reward_confirmation_request_notification', '2024-12-18 07:01:04.105694+00', 110),
	(111, 2330897, 'reward_confirmation_request_notification', '2024-12-18 07:01:04.105694+00', 111),
	(112, 2330903, 'transaction_completed_notification', '2024-12-18 07:01:16.268367+00', 112),
	(113, 2330897, 'reward_confirmation_request_notification', '2024-12-18 07:01:16.268367+00', 113),
	(114, 2330897, 'reward_confirmation_request_notification', '2024-12-18 07:01:16.268367+00', 114),
	(115, 2330903, 'transaction_completed_notification', '2024-12-18 07:01:40.538349+00', 115),
	(116, 2330897, 'reward_confirmation_request_notification', '2024-12-18 07:01:40.538349+00', 116),
	(117, 2330903, 'transaction_completed_notification', '2024-12-18 07:01:42.557756+00', 117),
	(118, 2330897, 'reward_confirmation_request_notification', '2024-12-18 07:01:42.557756+00', 118),
	(119, 2330897, 'reward_confirmation_request_notification', '2024-12-18 07:01:42.557756+00', 119),
	(120, 2330903, 'transaction_completed_notification', '2024-12-18 07:01:59.403957+00', 120),
	(121, 2330897, 'reward_confirmation_request_notification', '2024-12-18 07:01:59.403957+00', 121),
	(122, 2330903, 'transaction_completed_notification', '2024-12-18 07:02:39.016883+00', 122),
	(123, 2330897, 'reward_confirmation_request_notification', '2024-12-18 07:02:39.016883+00', 123),
	(124, 2330897, 'reward_confirmation_request_notification', '2024-12-18 07:02:39.016883+00', 124),
	(125, 2330903, 'transaction_completed_notification', '2024-12-19 18:14:02.632868+00', 125),
	(126, 2330903, 'transaction_completed_notification', '2024-12-19 18:14:02.632868+00', 126),
	(127, 2330897, 'reward_confirmation_request_notification', '2024-12-19 18:14:02.632868+00', 127),
	(128, 2330897, 'reward_confirmation_request_notification', '2024-12-19 18:14:02.632868+00', 128),
	(129, 2330903, 'transaction_completed_notification', '2024-12-19 19:57:20.817942+00', 129),
	(130, 2330903, 'transaction_completed_notification', '2024-12-19 19:57:20.817942+00', 130),
	(131, 2330897, 'reward_confirmation_request_notification', '2024-12-19 19:57:20.817942+00', 131),
	(132, 2330903, 'transaction_completed_notification', '2024-12-19 19:59:09.029314+00', 132),
	(133, 2330903, 'transaction_completed_notification', '2024-12-19 19:59:09.029314+00', 133),
	(134, 2330897, 'reward_confirmation_request_notification', '2024-12-19 19:59:09.029314+00', 134),
	(135, 2330903, 'transaction_completed_notification', '2024-12-19 20:00:28.435157+00', 135),
	(136, 2330903, 'transaction_completed_notification', '2024-12-19 20:00:28.435157+00', 136),
	(137, 2330897, 'reward_confirmation_request_notification', '2024-12-19 20:00:28.435157+00', 137),
	(138, 2330903, 'transaction_completed_notification', '2024-12-19 20:03:55.766628+00', 138),
	(139, 2330903, 'transaction_completed_notification', '2024-12-19 20:03:55.766628+00', 139),
	(140, 2330897, 'reward_confirmation_request_notification', '2024-12-19 20:03:55.766628+00', 140),
	(141, 2330903, 'transaction_completed_notification', '2024-12-19 20:04:55.879845+00', 141),
	(142, 2330903, 'transaction_completed_notification', '2024-12-19 20:04:55.879845+00', 142),
	(143, 2330897, 'reward_confirmation_request_notification', '2024-12-19 20:04:55.879845+00', 143),
	(144, 2330903, 'transaction_completed_notification', '2024-12-19 20:05:32.751686+00', 144),
	(145, 2330897, 'reward_confirmation_request_notification', '2024-12-19 20:05:32.751686+00', 145),
	(146, 2330903, 'transaction_completed_notification', '2024-12-19 20:05:56.206144+00', 146),
	(147, 2330897, 'reward_confirmation_request_notification', '2024-12-19 20:05:56.206144+00', 147),
	(148, 2330903, 'transaction_completed_notification', '2024-12-19 20:06:40.347464+00', 148),
	(149, 2330897, 'reward_confirmation_request_notification', '2024-12-19 20:06:40.347464+00', 149),
	(150, 2330903, 'transaction_completed_notification', '2024-12-19 20:06:45.129404+00', 150),
	(151, 2330897, 'reward_confirmation_request_notification', '2024-12-19 20:06:45.129404+00', 151),
	(152, 2330897, 'reward_confirmation_request_notification', '2024-12-19 20:06:45.129404+00', 152),
	(153, 2330903, 'transaction_completed_notification', '2024-12-19 20:08:30.343312+00', 153),
	(154, 2330903, 'transaction_completed_notification', '2024-12-19 20:08:30.343312+00', 154),
	(155, 2330897, 'reward_confirmation_request_notification', '2024-12-19 20:08:30.343312+00', 155),
	(156, 2330903, 'transaction_completed_notification', '2024-12-19 20:08:44.732382+00', 156),
	(157, 2330903, 'transaction_completed_notification', '2024-12-19 20:08:44.732382+00', 157),
	(158, 2330897, 'reward_confirmation_request_notification', '2024-12-19 20:08:44.732382+00', 158),
	(159, 2330889, 'on_local_log', '2024-12-24 06:01:00.548037+00', 159),
	(160, 2330889, 'on_local_log', '2024-12-24 06:04:12.047412+00', 160),
	(161, 2330889, 'on_local_log', '2024-12-24 06:04:12.047412+00', 161),
	(162, 2330889, 'on_local_log', '2024-12-24 06:04:12.047412+00', 162),
	(163, 2330889, 'on_local_log', '2024-12-24 06:04:12.047412+00', 163),
	(164, 2330889, 'on_local_log', '2024-12-24 06:04:12.047412+00', 164),
	(165, 2330889, 'on_local_log', '2024-12-24 06:04:12.047412+00', 165),
	(166, 2330889, 'on_local_log', '2024-12-24 06:04:12.047412+00', 166),
	(167, 2330889, 'on_local_log', '2024-12-24 06:04:12.047412+00', 167),
	(168, 2330889, 'on_local_log', '2024-12-24 06:04:12.047412+00', 168),
	(169, 2330889, 'on_local_log', '2024-12-24 06:04:12.047412+00', 169),
	(170, 2330889, 'on_local_log', '2024-12-24 06:04:12.047412+00', 170),
	(171, 2330889, 'on_local_log', '2024-12-24 06:04:12.047412+00', 171),
	(172, 2330889, 'on_local_log', '2024-12-24 06:04:12.047412+00', 172),
	(173, 2330889, 'on_local_log', '2024-12-24 06:04:12.047412+00', 173),
	(174, 2330889, 'on_local_log', '2024-12-24 06:04:12.047412+00', 174),
	(175, 2330889, 'on_local_log', '2024-12-24 06:04:12.047412+00', 175),
	(176, 2330889, 'on_local_log', '2024-12-24 06:04:12.047412+00', 176),
	(177, 2330889, 'on_local_log', '2024-12-24 06:04:12.047412+00', 177),
	(178, 2330889, 'on_local_log', '2024-12-24 06:04:12.047412+00', 178),
	(179, 2330889, 'on_local_log', '2024-12-24 06:04:12.047412+00', 179),
	(180, 2330889, 'on_local_log', '2024-12-24 06:04:12.047412+00', 180),
	(181, 2330889, 'on_local_log', '2024-12-24 06:04:12.047412+00', 181),
	(182, 2330889, 'on_local_log', '2024-12-24 06:04:12.047412+00', 182),
	(183, 2330889, 'on_local_log', '2024-12-24 06:04:12.047412+00', 183),
	(184, 2330889, 'on_local_log', '2024-12-24 06:04:12.047412+00', 184),
	(185, 2330889, 'on_local_log', '2024-12-24 06:04:12.047412+00', 185),
	(186, 2330889, 'on_local_log', '2024-12-24 06:04:12.047412+00', 186),
	(187, 2330889, 'on_local_log', '2024-12-24 06:04:12.047412+00', 187),
	(188, 2330889, 'on_local_log', '2024-12-24 06:04:12.047412+00', 188),
	(189, 2330889, 'on_local_log', '2024-12-24 06:04:12.047412+00', 189),
	(190, 2330889, 'on_local_log', '2024-12-24 06:04:12.047412+00', 190),
	(191, 2330889, 'on_local_log', '2024-12-24 06:04:12.047412+00', 191),
	(192, 2330889, 'on_local_log', '2024-12-24 06:04:12.047412+00', 192),
	(193, 2330889, 'on_local_log', '2024-12-24 06:04:12.047412+00', 193),
	(194, 2330889, 'on_local_log', '2024-12-24 06:04:12.047412+00', 194),
	(195, 2330889, 'on_local_log', '2024-12-24 06:04:12.047412+00', 195),
	(196, 2330889, 'on_local_log', '2024-12-24 06:04:12.047412+00', 196),
	(197, 2330889, 'on_local_log', '2024-12-24 06:04:12.047412+00', 197),
	(198, 2330889, 'on_local_log', '2024-12-24 06:04:12.047412+00', 198),
	(199, 2330889, 'on_local_log', '2024-12-24 06:04:12.047412+00', 199),
	(200, 2330889, 'on_local_log', '2024-12-24 06:04:12.047412+00', 200),
	(201, 2330889, 'on_local_log', '2024-12-24 06:04:12.047412+00', 201),
	(202, 2330889, 'on_local_log', '2024-12-24 06:04:12.047412+00', 202),
	(203, 2330889, 'on_local_log', '2024-12-24 06:04:12.047412+00', 203),
	(204, 2330889, 'on_local_log', '2024-12-24 06:04:12.047412+00', 204),
	(205, 2330889, 'on_local_log', '2024-12-24 06:04:12.047412+00', 205),
	(206, 2330889, 'on_local_log', '2024-12-24 06:04:12.047412+00', 206),
	(207, 2330889, 'on_local_log', '2024-12-24 06:04:12.047412+00', 207),
	(208, 2330889, 'on_local_log', '2024-12-24 06:04:12.047412+00', 208),
	(209, 2330889, 'on_local_log', '2024-12-24 06:04:12.047412+00', 209),
	(210, 2330889, 'on_local_log', '2024-12-24 06:04:12.047412+00', 210),
	(211, 2330889, 'on_local_log', '2024-12-24 06:04:12.047412+00', 211),
	(212, 2330889, 'on_local_log', '2024-12-24 06:04:12.047412+00', 212),
	(213, 2330889, 'on_local_log', '2024-12-24 06:04:12.047412+00', 213),
	(214, 2330889, 'on_local_log', '2024-12-24 06:04:12.047412+00', 214),
	(215, 2330889, 'on_local_log', '2024-12-24 06:04:12.047412+00', 215),
	(216, 2330889, 'on_local_log', '2024-12-24 06:04:12.047412+00', 216),
	(217, 2330889, 'on_local_log', '2024-12-24 06:04:12.047412+00', 217),
	(218, 2330889, 'on_local_log', '2024-12-24 06:04:12.047412+00', 218),
	(219, 2330889, 'on_local_log', '2024-12-24 06:04:12.047412+00', 219),
	(220, 2330889, 'on_local_log', '2024-12-24 06:04:12.047412+00', 220),
	(221, 2330889, 'on_local_log', '2024-12-24 06:04:12.047412+00', 221),
	(222, 2330889, 'on_local_log', '2024-12-24 06:04:12.047412+00', 222),
	(223, 2330889, 'on_local_log', '2024-12-24 06:04:12.047412+00', 223),
	(224, 2330889, 'on_local_log', '2024-12-24 06:04:12.047412+00', 224),
	(225, 2330889, 'on_local_log', '2024-12-24 06:04:12.047412+00', 225),
	(226, 2330889, 'on_local_log', '2024-12-24 06:04:12.047412+00', 226),
	(227, 2330889, 'on_local_log', '2024-12-24 06:04:12.047412+00', 227),
	(228, 2330889, 'on_local_log', '2024-12-24 06:04:12.047412+00', 228),
	(229, 2330889, 'on_local_log', '2024-12-24 06:04:12.047412+00', 229),
	(230, 2330889, 'on_local_log', '2024-12-24 06:04:12.047412+00', 230),
	(231, 2330889, 'on_local_log', '2024-12-24 06:04:12.047412+00', 231),
	(232, 2330889, 'on_local_log', '2024-12-24 06:04:12.047412+00', 232),
	(233, 2330889, 'on_local_log', '2024-12-24 06:04:12.047412+00', 233),
	(234, 2330889, 'on_local_log', '2024-12-24 06:04:12.047412+00', 234),
	(235, 2330889, 'on_local_log', '2024-12-24 06:04:12.047412+00', 235),
	(236, 2330889, 'on_local_log', '2024-12-24 06:04:12.047412+00', 236),
	(237, 2330889, 'on_local_log', '2024-12-24 06:04:12.047412+00', 237),
	(238, 2330889, 'on_local_log', '2024-12-24 06:04:12.047412+00', 238),
	(239, 2330889, 'on_local_log', '2024-12-24 06:04:12.047412+00', 239),
	(240, 2330889, 'on_local_log', '2024-12-24 06:04:12.047412+00', 240),
	(241, 2330889, 'on_local_log', '2024-12-24 06:04:12.047412+00', 241),
	(242, 2330889, 'on_local_log', '2024-12-24 06:04:12.047412+00', 242),
	(243, 2330889, 'on_local_log', '2024-12-24 06:04:12.047412+00', 243),
	(244, 2330889, 'on_local_log', '2024-12-24 06:04:12.047412+00', 244),
	(245, 2330889, 'on_local_log', '2024-12-24 06:04:12.047412+00', 245),
	(246, 2330889, 'on_local_log', '2024-12-24 06:04:12.047412+00', 246),
	(247, 2330889, 'on_local_log', '2024-12-24 06:04:12.047412+00', 247),
	(248, 2330889, 'on_local_log', '2024-12-24 06:04:12.047412+00', 248),
	(249, 2330889, 'on_local_log', '2024-12-24 06:04:12.047412+00', 249),
	(250, 2330889, 'on_local_log', '2024-12-24 06:04:12.047412+00', 250),
	(251, 2330889, 'on_local_log', '2024-12-24 06:04:12.047412+00', 251),
	(252, 2330889, 'on_local_log', '2024-12-24 06:04:12.047412+00', 252),
	(253, 2330889, 'on_local_log', '2024-12-24 06:04:12.047412+00', 253),
	(254, 2330889, 'on_local_log', '2024-12-24 06:04:12.047412+00', 254),
	(255, 2330889, 'on_local_log', '2024-12-24 06:04:12.047412+00', 255),
	(256, 2330889, 'on_local_log', '2024-12-24 06:04:12.047412+00', 256),
	(257, 2330889, 'on_local_log', '2024-12-24 06:04:12.047412+00', 257),
	(258, 2330889, 'on_local_log', '2024-12-24 06:04:12.047412+00', 258),
	(259, 2330889, 'on_local_log', '2024-12-24 06:04:12.047412+00', 259),
	(260, 2330889, 'on_local_log', '2024-12-24 06:04:12.047412+00', 260),
	(261, 2330889, 'on_local_log', '2024-12-24 06:04:12.047412+00', 261),
	(262, 2330889, 'on_local_log', '2024-12-24 06:04:12.047412+00', 262),
	(263, 2330889, 'on_local_log', '2024-12-24 06:04:12.047412+00', 263),
	(264, 2330889, 'on_local_log', '2024-12-24 06:04:12.047412+00', 264),
	(265, 2330889, 'on_local_log', '2024-12-24 06:04:12.047412+00', 265),
	(266, 2330889, 'on_local_log', '2024-12-24 06:04:12.047412+00', 266),
	(267, 2330889, 'on_local_log', '2024-12-24 06:04:12.047412+00', 267),
	(268, 2330889, 'on_local_log', '2024-12-24 06:04:12.047412+00', 268),
	(269, 2330889, 'on_local_log', '2024-12-24 06:04:12.047412+00', 269),
	(270, 2330889, 'on_local_log', '2024-12-24 06:04:12.047412+00', 270),
	(271, 2330889, 'on_local_log', '2024-12-24 06:04:12.047412+00', 271),
	(272, 2330889, 'on_local_log', '2024-12-24 06:04:12.047412+00', 272),
	(273, 2330889, 'on_local_log', '2024-12-24 06:04:12.047412+00', 273),
	(274, 2330889, 'on_local_log', '2024-12-24 06:04:12.047412+00', 274),
	(275, 2330889, 'on_local_log', '2024-12-24 06:04:12.047412+00', 275),
	(276, 2330889, 'on_local_log', '2024-12-24 06:04:12.047412+00', 276),
	(277, 2330889, 'on_local_log', '2024-12-24 06:04:12.047412+00', 277),
	(278, 2330889, 'on_local_log', '2024-12-24 06:04:12.047412+00', 278),
	(279, 2330889, 'on_local_log', '2024-12-24 06:04:12.047412+00', 279),
	(280, 2330889, 'on_local_log', '2024-12-24 06:04:12.047412+00', 280),
	(281, 2330889, 'on_local_log', '2024-12-24 06:04:12.047412+00', 281),
	(282, 2330889, 'on_local_log', '2024-12-24 06:04:12.047412+00', 282),
	(283, 2330889, 'on_local_log', '2024-12-24 06:04:12.047412+00', 283),
	(284, 2330889, 'on_local_log', '2024-12-24 06:04:12.047412+00', 284),
	(285, 2330889, 'on_local_log', '2024-12-24 06:04:12.047412+00', 285),
	(286, 2330889, 'on_local_log', '2024-12-24 06:04:12.047412+00', 286),
	(287, 2330889, 'on_local_log', '2024-12-24 06:04:12.047412+00', 287),
	(288, 2330889, 'on_local_log', '2024-12-24 06:04:12.047412+00', 288),
	(289, 2330889, 'on_local_log', '2024-12-24 06:04:12.047412+00', 289),
	(290, 2330889, 'on_local_log', '2024-12-24 06:04:12.047412+00', 290),
	(291, 2330889, 'on_local_log', '2024-12-24 06:04:12.047412+00', 291),
	(292, 2330889, 'on_local_log', '2024-12-24 06:04:12.047412+00', 292),
	(293, 2330889, 'on_local_log', '2024-12-24 06:04:12.047412+00', 293),
	(294, 2330889, 'on_local_log', '2024-12-24 06:04:12.047412+00', 294),
	(295, 2330889, 'on_local_log', '2024-12-24 06:04:12.047412+00', 295),
	(296, 2330889, 'on_local_log', '2024-12-24 06:04:12.047412+00', 296),
	(297, 2330889, 'on_local_log', '2024-12-24 06:04:12.047412+00', 297),
	(298, 2330889, 'on_local_log', '2024-12-24 06:04:12.047412+00', 298),
	(299, 2330889, 'on_local_log', '2024-12-24 06:04:12.047412+00', 299),
	(300, 2330889, 'on_local_log', '2024-12-24 06:04:12.047412+00', 300),
	(301, 2330889, 'on_local_log', '2024-12-24 06:04:12.047412+00', 301),
	(302, 2330889, 'on_local_log', '2024-12-24 06:04:12.047412+00', 302),
	(303, 2330889, 'on_local_log', '2024-12-24 06:04:12.047412+00', 303),
	(304, 2330889, 'on_local_log', '2024-12-24 06:04:12.047412+00', 304),
	(305, 2330889, 'on_local_log', '2024-12-24 06:04:12.047412+00', 305),
	(306, 2330889, 'on_local_log', '2024-12-24 06:04:12.047412+00', 306),
	(307, 2330889, 'on_local_log', '2024-12-24 06:04:12.047412+00', 307),
	(308, 2330889, 'on_local_log', '2024-12-24 06:04:12.047412+00', 308),
	(309, 2330889, 'on_local_log', '2024-12-24 06:04:12.047412+00', 309),
	(310, 2330889, 'on_local_update', '2024-12-24 06:06:57.425133+00', 310),
	(311, 2330889, 'on_local_update', '2024-12-24 06:10:25.966507+00', 311),
	(312, 2330889, 'on_local_update', '2024-12-24 06:11:01.49478+00', 312),
	(313, 2330889, 'on_local_update', '2024-12-24 06:11:09.429466+00', 313),
	(314, 2330889, 'on_local_update', '2024-12-24 06:16:04.424614+00', 314),
	(315, 2330889, 'on_local_update', '2024-12-24 06:16:07.476339+00', 315),
	(316, 2330889, 'on_local_update', '2024-12-24 06:17:55.553404+00', 316),
	(317, 2330889, 'on_local_update', '2024-12-24 06:17:57.823437+00', 317),
	(318, 2330903, 'transaction_completed_notification', '2024-12-24 13:32:02.511045+00', 322),
	(319, 2330903, 'transaction_completed_notification', '2024-12-24 13:32:02.511045+00', 323),
	(320, 2330897, 'reward_confirmation_request_notification', '2024-12-24 13:32:02.511045+00', 324),
	(321, 2330903, 'transaction_completed_notification', '2024-12-25 18:23:25.882421+00', 325),
	(322, 2330903, 'transaction_completed_notification', '2024-12-25 18:23:25.882421+00', 326),
	(323, 2330897, 'reward_confirmation_request_notification', '2024-12-25 18:23:25.882421+00', 327),
	(324, 2330903, 'transaction_completed_notification', '2024-12-25 18:33:43.171004+00', 328),
	(325, 2330903, 'transaction_completed_notification', '2024-12-25 18:33:43.171004+00', 329),
	(326, 2330897, 'reward_confirmation_request_notification', '2024-12-25 18:33:43.171004+00', 330),
	(327, 2330903, 'transaction_completed_notification', '2024-12-25 18:42:22.213771+00', 331),
	(328, 2330903, 'transaction_completed_notification', '2024-12-25 18:42:22.213771+00', 332),
	(329, 2330897, 'reward_confirmation_request_notification', '2024-12-25 18:42:22.213771+00', 333),
	(330, 2330903, 'transaction_completed_notification', '2024-12-25 18:49:30.854078+00', 334),
	(331, 2330903, 'transaction_completed_notification', '2024-12-25 18:49:30.854078+00', 335),
	(332, 2330897, 'reward_confirmation_request_notification', '2024-12-25 18:49:30.854078+00', 336),
	(333, 2330903, 'transaction_completed_notification', '2024-12-25 18:52:21.232806+00', 337),
	(334, 2330903, 'transaction_completed_notification', '2024-12-25 18:52:21.232806+00', 338),
	(335, 2330897, 'reward_confirmation_request_notification', '2024-12-25 18:52:21.232806+00', 339),
	(336, 2330903, 'transaction_completed_notification', '2024-12-25 18:56:28.527802+00', 340),
	(337, 2330903, 'transaction_completed_notification', '2024-12-25 18:56:28.527802+00', 341),
	(338, 2330897, 'reward_confirmation_request_notification', '2024-12-25 18:56:28.527802+00', 342),
	(339, 2330903, 'transaction_completed_notification', '2024-12-25 18:56:50.464513+00', 343),
	(340, 2330903, 'transaction_completed_notification', '2024-12-25 18:56:50.464513+00', 344),
	(341, 2330897, 'reward_confirmation_request_notification', '2024-12-25 18:56:50.464513+00', 345),
	(342, 2330903, 'transaction_completed_notification', '2024-12-25 19:01:27.595297+00', 346),
	(343, 2330903, 'transaction_completed_notification', '2024-12-25 19:01:27.595297+00', 347),
	(344, 2330897, 'reward_confirmation_request_notification', '2024-12-25 19:01:27.595297+00', 348),
	(345, 2330903, 'transaction_completed_notification', '2024-12-25 19:03:08.80893+00', 349),
	(346, 2330903, 'transaction_completed_notification', '2024-12-25 19:03:08.80893+00', 350),
	(347, 2330897, 'reward_confirmation_request_notification', '2024-12-25 19:03:08.80893+00', 351),
	(348, 2330903, 'transaction_completed_notification', '2024-12-25 19:20:21.292475+00', 352),
	(349, 2330903, 'transaction_completed_notification', '2024-12-25 19:20:21.292475+00', 353),
	(350, 2330897, 'reward_confirmation_request_notification', '2024-12-25 19:20:21.292475+00', 354),
	(351, 2330903, 'transaction_completed_notification', '2024-12-25 19:21:17.072157+00', 355),
	(352, 2330903, 'transaction_completed_notification', '2024-12-25 19:21:17.072157+00', 356),
	(353, 2330897, 'reward_confirmation_request_notification', '2024-12-25 19:21:17.072157+00', 357),
	(354, 2330903, 'transaction_completed_notification', '2024-12-25 19:21:42.406198+00', 358),
	(355, 2330903, 'transaction_completed_notification', '2024-12-25 19:21:42.406198+00', 359),
	(356, 2330897, 'reward_confirmation_request_notification', '2024-12-25 19:21:42.406198+00', 360),
	(357, 2330903, 'transaction_completed_notification', '2024-12-25 19:28:10.845157+00', 361),
	(358, 2330903, 'transaction_completed_notification', '2024-12-25 19:28:10.845157+00', 362),
	(359, 2330897, 'reward_confirmation_request_notification', '2024-12-25 19:28:10.845157+00', 363),
	(360, 2330903, 'transaction_completed_notification', '2024-12-25 19:28:46.847786+00', 364),
	(361, 2330903, 'transaction_completed_notification', '2024-12-25 19:28:46.847786+00', 365),
	(362, 2330897, 'reward_confirmation_request_notification', '2024-12-25 19:28:46.847786+00', 366),
	(363, 2330903, 'transaction_completed_notification', '2024-12-25 19:35:23.206625+00', 367),
	(364, 2330903, 'transaction_completed_notification', '2024-12-25 19:35:23.206625+00', 368),
	(365, 2330897, 'reward_confirmation_request_notification', '2024-12-25 19:35:23.206625+00', 369),
	(366, 2330903, 'transaction_completed_notification', '2024-12-25 19:36:06.175381+00', 370),
	(367, 2330903, 'transaction_completed_notification', '2024-12-25 19:36:06.175381+00', 371),
	(368, 2330897, 'reward_confirmation_request_notification', '2024-12-25 19:36:06.175381+00', 372),
	(369, 2330903, 'transaction_completed_notification', '2024-12-26 14:38:41.593987+00', 373),
	(370, 2330903, 'transaction_completed_notification', '2024-12-26 14:38:41.593987+00', 374),
	(371, 2330897, 'reward_confirmation_request_notification', '2024-12-26 14:38:41.593987+00', 375),
	(372, 2330897, 'reward_confirmation_request_notification', '2024-12-26 14:38:41.593987+00', 376),
	(373, 2330897, 'reward_confirmation_request_notification', '2024-12-26 14:38:41.593987+00', 377),
	(374, 2330897, 'reward_confirmation_request_notification', '2024-12-26 14:38:41.593987+00', 378),
	(375, 2330903, 'transaction_completed_notification', '2024-12-26 14:39:38.616171+00', 379),
	(376, 2330897, 'reward_confirmation_request_notification', '2024-12-26 14:39:38.616171+00', 380),
	(377, 2330903, 'transaction_completed_notification', '2024-12-26 14:39:58.426818+00', 381),
	(378, 2330897, 'reward_confirmation_request_notification', '2024-12-26 14:39:58.426818+00', 382),
	(379, 2330897, 'reward_confirmation_request_notification', '2024-12-26 14:39:58.426818+00', 383),
	(380, 2330903, 'transaction_completed_notification', '2024-12-26 15:03:57.880836+00', 384),
	(381, 2330903, 'transaction_completed_notification', '2024-12-26 15:03:57.880836+00', 385),
	(382, 2330897, 'reward_confirmation_request_notification', '2024-12-26 15:03:57.880836+00', 386),
	(383, 2330897, 'reward_confirmation_request_notification', '2024-12-26 15:03:57.880836+00', 387),
	(384, 2330897, 'reward_confirmation_request_notification', '2024-12-26 15:03:57.880836+00', 388),
	(385, 2330903, 'transaction_completed_notification', '2024-12-26 15:04:06.851336+00', 389),
	(386, 2330897, 'reward_confirmation_request_notification', '2024-12-26 15:04:06.851336+00', 390),
	(387, 2330897, 'reward_confirmation_request_notification', '2024-12-26 15:04:06.851336+00', 391),
	(388, 2330897, 'reward_confirmation_request_notification', '2024-12-26 15:04:15.32538+00', 392),
	(389, 2330897, 'reward_confirmation_request_notification', '2024-12-26 15:04:15.32538+00', 393),
	(390, 2330903, 'transaction_completed_notification', '2024-12-26 15:04:17.131401+00', 394),
	(391, 2330897, 'reward_confirmation_request_notification', '2024-12-26 15:04:17.131401+00', 395),
	(392, 2330897, 'reward_confirmation_request_notification', '2024-12-26 15:04:17.131401+00', 396),
	(393, 2330903, 'transaction_completed_notification', '2024-12-26 15:13:10.437239+00', 397),
	(394, 2330903, 'transaction_completed_notification', '2024-12-26 15:13:10.437239+00', 398),
	(395, 2330897, 'reward_confirmation_request_notification', '2024-12-26 15:13:10.437239+00', 399),
	(396, 2330903, 'transaction_completed_notification', '2024-12-27 07:42:17.080403+00', 400),
	(397, 2330903, 'transaction_completed_notification', '2024-12-27 07:42:17.080403+00', 401),
	(398, 2330897, 'reward_confirmation_request_notification', '2024-12-27 07:42:17.080403+00', 402);


--
-- Data for Name: secrets; Type: TABLE DATA; Schema: vault; Owner: supabase_admin
--



--
-- Name: refresh_tokens_id_seq; Type: SEQUENCE SET; Schema: auth; Owner: supabase_auth_admin
--

SELECT pg_catalog.setval('"auth"."refresh_tokens_id_seq"', 436, true);


--
-- Name: key_key_id_seq; Type: SEQUENCE SET; Schema: pgsodium; Owner: supabase_admin
--

SELECT pg_catalog.setval('"pgsodium"."key_key_id_seq"', 33, true);


--
-- Name: addresses_id_seq; Type: SEQUENCE SET; Schema: public; Owner: postgres
--

SELECT pg_catalog.setval('"public"."addresses_id_seq"', 526, true);


--
-- Name: companies_id_seq; Type: SEQUENCE SET; Schema: public; Owner: postgres
--

SELECT pg_catalog.setval('"public"."companies_id_seq"', 6, true);


--
-- Name: customer_cards_id_seq; Type: SEQUENCE SET; Schema: public; Owner: postgres
--

SELECT pg_catalog.setval('"public"."customer_cards_id_seq"', 10, true);


--
-- Name: customer_id_seq; Type: SEQUENCE SET; Schema: public; Owner: postgres
--

SELECT pg_catalog.setval('"public"."customer_id_seq"', 15, true);


--
-- Name: employees_id_seq; Type: SEQUENCE SET; Schema: public; Owner: postgres
--

SELECT pg_catalog.setval('"public"."employees_id_seq"', 1, true);


--
-- Name: geo_id_seq; Type: SEQUENCE SET; Schema: public; Owner: postgres
--

SELECT pg_catalog.setval('"public"."geo_id_seq"', 524, true);


--
-- Name: local_cards_id_seq; Type: SEQUENCE SET; Schema: public; Owner: postgres
--

SELECT pg_catalog.setval('"public"."local_cards_id_seq"', 360, true);


--
-- Name: locals_id_seq; Type: SEQUENCE SET; Schema: public; Owner: postgres
--

SELECT pg_catalog.setval('"public"."locals_id_seq"', 259, true);


--
-- Name: transactions_id_seq; Type: SEQUENCE SET; Schema: public; Owner: postgres
--

SELECT pg_catalog.setval('"public"."transactions_id_seq"', 78, true);


--
-- Name: transactions_id_seq1; Type: SEQUENCE SET; Schema: public; Owner: postgres
--

SELECT pg_catalog.setval('"public"."transactions_id_seq1"', 66, true);


--
-- Name: hooks_id_seq; Type: SEQUENCE SET; Schema: supabase_functions; Owner: supabase_functions_admin
--

SELECT pg_catalog.setval('"supabase_functions"."hooks_id_seq"', 398, true);


--
-- PostgreSQL database dump complete
--

RESET ALL;
